ISO-10303-21;
HEADER;
/* Generated by software containing ST-Developer
 * from STEP Tools, Inc. (www.steptools.com) 
 */

FILE_DESCRIPTION(
/* description */ (''),
/* implementation_level */ '2;1');

FILE_NAME(
/* name */ 'SpotiDisplay TOP.step',
/* time_stamp */ '2026-08-17T15:31:30-07:00',
/* author */ (''),
/* organization */ (''),
/* preprocessor_version */ 'ST-DEVELOPER v20.1',
/* originating_system */ 'Autodesk Translation Framework v15.8.0.0',
/* authorisation */ '');

FILE_SCHEMA (('AUTOMOTIVE_DESIGN { 1 0 10303 214 3 1 1 }'));
ENDSEC;

DATA;
#10=MECHANICAL_DESIGN_GEOMETRIC_PRESENTATION_REPRESENTATION('',(#13),#5095);
#11=SHAPE_REPRESENTATION_RELATIONSHIP('SRR','None',#5102,#12);
#12=ADVANCED_BREP_SHAPE_REPRESENTATION('',(#14),#5094);
#13=STYLED_ITEM('',(#5114),#14);
#14=MANIFOLD_SOLID_BREP('SpotiDisplay Top',#2112);
#15=FACE_BOUND('',#260,.T.);
#16=FACE_BOUND('',#263,.T.);
#17=FACE_BOUND('',#265,.T.);
#18=FACE_BOUND('',#266,.T.);
#19=FACE_BOUND('',#362,.T.);
#20=(
BOUNDED_CURVE()
B_SPLINE_CURVE(2,(#3128,#3129,#3130),.UNSPECIFIED.,.F.,.F.)
B_SPLINE_CURVE_WITH_KNOTS((3,3),(0.,0.0846236101476251),.UNSPECIFIED.)
CURVE()
GEOMETRIC_REPRESENTATION_ITEM()
RATIONAL_B_SPLINE_CURVE((1.,1.00011557436104,1.))
REPRESENTATION_ITEM('')
);
#21=(
BOUNDED_CURVE()
B_SPLINE_CURVE(2,(#3134,#3135,#3136),.UNSPECIFIED.,.F.,.F.)
B_SPLINE_CURVE_WITH_KNOTS((3,3),(0.,0.0846236101476254),.UNSPECIFIED.)
CURVE()
GEOMETRIC_REPRESENTATION_ITEM()
RATIONAL_B_SPLINE_CURVE((1.,1.00011557436399,1.))
REPRESENTATION_ITEM('')
);
#22=(
BOUNDED_CURVE()
B_SPLINE_CURVE(2,(#3187,#3188,#3189),.UNSPECIFIED.,.F.,.F.)
B_SPLINE_CURVE_WITH_KNOTS((3,3),(0.,0.0846236101476258),.UNSPECIFIED.)
CURVE()
GEOMETRIC_REPRESENTATION_ITEM()
RATIONAL_B_SPLINE_CURVE((1.,1.00011557437006,1.))
REPRESENTATION_ITEM('')
);
#23=(
BOUNDED_CURVE()
B_SPLINE_CURVE(2,(#3193,#3194,#3195),.UNSPECIFIED.,.F.,.F.)
B_SPLINE_CURVE_WITH_KNOTS((3,3),(0.,0.0846236101476255),.UNSPECIFIED.)
CURVE()
GEOMETRIC_REPRESENTATION_ITEM()
RATIONAL_B_SPLINE_CURVE((1.,1.00011557435936,1.))
REPRESENTATION_ITEM('')
);
#24=(
BOUNDED_CURVE()
B_SPLINE_CURVE(2,(#3246,#3247,#3248),.UNSPECIFIED.,.F.,.F.)
B_SPLINE_CURVE_WITH_KNOTS((3,3),(0.,0.084623610147625),.UNSPECIFIED.)
CURVE()
GEOMETRIC_REPRESENTATION_ITEM()
RATIONAL_B_SPLINE_CURVE((1.,1.00011557436141,1.))
REPRESENTATION_ITEM('')
);
#25=(
BOUNDED_CURVE()
B_SPLINE_CURVE(2,(#3252,#3253,#3254),.UNSPECIFIED.,.F.,.F.)
B_SPLINE_CURVE_WITH_KNOTS((3,3),(0.,0.0846236101476248),.UNSPECIFIED.)
CURVE()
GEOMETRIC_REPRESENTATION_ITEM()
RATIONAL_B_SPLINE_CURVE((1.,1.0001155743585,1.))
REPRESENTATION_ITEM('')
);
#26=(
BOUNDED_CURVE()
B_SPLINE_CURVE(2,(#3305,#3306,#3307),.UNSPECIFIED.,.F.,.F.)
B_SPLINE_CURVE_WITH_KNOTS((3,3),(0.,0.0846236101476252),.UNSPECIFIED.)
CURVE()
GEOMETRIC_REPRESENTATION_ITEM()
RATIONAL_B_SPLINE_CURVE((1.,1.00011557436723,1.))
REPRESENTATION_ITEM('')
);
#27=(
BOUNDED_CURVE()
B_SPLINE_CURVE(2,(#3311,#3312,#3313),.UNSPECIFIED.,.F.,.F.)
B_SPLINE_CURVE_WITH_KNOTS((3,3),(0.,0.0846236101476251),.UNSPECIFIED.)
CURVE()
GEOMETRIC_REPRESENTATION_ITEM()
RATIONAL_B_SPLINE_CURVE((1.,1.00011557436611,1.))
REPRESENTATION_ITEM('')
);
#28=(
BOUNDED_CURVE()
B_SPLINE_CURVE(2,(#3938,#3939,#3940),.UNSPECIFIED.,.F.,.F.)
B_SPLINE_CURVE_WITH_KNOTS((3,3),(0.,0.0846236101476255),.UNSPECIFIED.)
CURVE()
GEOMETRIC_REPRESENTATION_ITEM()
RATIONAL_B_SPLINE_CURVE((1.,1.00011557436069,1.))
REPRESENTATION_ITEM('')
);
#29=(
BOUNDED_CURVE()
B_SPLINE_CURVE(2,(#3948,#3949,#3950),.UNSPECIFIED.,.F.,.F.)
B_SPLINE_CURVE_WITH_KNOTS((3,3),(0.,0.0846236101476256),.UNSPECIFIED.)
CURVE()
GEOMETRIC_REPRESENTATION_ITEM()
RATIONAL_B_SPLINE_CURVE((1.,1.00011557436996,1.))
REPRESENTATION_ITEM('')
);
#30=(
BOUNDED_CURVE()
B_SPLINE_CURVE(2,(#3956,#3957,#3958),.UNSPECIFIED.,.F.,.F.)
B_SPLINE_CURVE_WITH_KNOTS((3,3),(0.,0.084623610147625),.UNSPECIFIED.)
CURVE()
GEOMETRIC_REPRESENTATION_ITEM()
RATIONAL_B_SPLINE_CURVE((1.,1.00011557435982,1.))
REPRESENTATION_ITEM('')
);
#31=(
BOUNDED_CURVE()
B_SPLINE_CURVE(2,(#3966,#3967,#3968),.UNSPECIFIED.,.F.,.F.)
B_SPLINE_CURVE_WITH_KNOTS((3,3),(0.,0.0846236101476251),.UNSPECIFIED.)
CURVE()
GEOMETRIC_REPRESENTATION_ITEM()
RATIONAL_B_SPLINE_CURVE((1.,1.00011557436579,1.))
REPRESENTATION_ITEM('')
);
#32=(
BOUNDED_CURVE()
B_SPLINE_CURVE(2,(#3974,#3975,#3976),.UNSPECIFIED.,.F.,.F.)
B_SPLINE_CURVE_WITH_KNOTS((3,3),(0.,0.0846236101476251),.UNSPECIFIED.)
CURVE()
GEOMETRIC_REPRESENTATION_ITEM()
RATIONAL_B_SPLINE_CURVE((1.,1.00011557436262,1.))
REPRESENTATION_ITEM('')
);
#33=(
BOUNDED_CURVE()
B_SPLINE_CURVE(2,(#3984,#3985,#3986),.UNSPECIFIED.,.F.,.F.)
B_SPLINE_CURVE_WITH_KNOTS((3,3),(0.,0.0846236101476243),.UNSPECIFIED.)
CURVE()
GEOMETRIC_REPRESENTATION_ITEM()
RATIONAL_B_SPLINE_CURVE((1.,1.00011557436758,1.))
REPRESENTATION_ITEM('')
);
#34=(
BOUNDED_CURVE()
B_SPLINE_CURVE(2,(#4758,#4759,#4760),.UNSPECIFIED.,.F.,.F.)
B_SPLINE_CURVE_WITH_KNOTS((3,3),(0.,0.084623610147625),.UNSPECIFIED.)
CURVE()
GEOMETRIC_REPRESENTATION_ITEM()
RATIONAL_B_SPLINE_CURVE((1.,1.00011557436029,1.))
REPRESENTATION_ITEM('')
);
#35=(
BOUNDED_CURVE()
B_SPLINE_CURVE(2,(#4768,#4769,#4770),.UNSPECIFIED.,.F.,.F.)
B_SPLINE_CURVE_WITH_KNOTS((3,3),(0.,0.084623610147625),.UNSPECIFIED.)
CURVE()
GEOMETRIC_REPRESENTATION_ITEM()
RATIONAL_B_SPLINE_CURVE((1.,1.00011557436828,1.))
REPRESENTATION_ITEM('')
);
#36=PLANE('',#2145);
#37=PLANE('',#2149);
#38=PLANE('',#2153);
#39=PLANE('',#2157);
#40=PLANE('',#2164);
#41=PLANE('',#2166);
#42=PLANE('',#2168);
#43=PLANE('',#2194);
#44=PLANE('',#2195);
#45=PLANE('',#2196);
#46=PLANE('',#2197);
#47=PLANE('',#2219);
#48=PLANE('',#2221);
#49=PLANE('',#2222);
#50=PLANE('',#2223);
#51=PLANE('',#2224);
#52=PLANE('',#2225);
#53=PLANE('',#2228);
#54=PLANE('',#2230);
#55=PLANE('',#2232);
#56=PLANE('',#2236);
#57=PLANE('',#2238);
#58=PLANE('',#2240);
#59=PLANE('',#2244);
#60=PLANE('',#2246);
#61=PLANE('',#2248);
#62=PLANE('',#2251);
#63=PLANE('',#2254);
#64=PLANE('',#2256);
#65=PLANE('',#2264);
#66=PLANE('',#2266);
#67=PLANE('',#2269);
#68=PLANE('',#2271);
#69=PLANE('',#2273);
#70=PLANE('',#2277);
#71=PLANE('',#2280);
#72=ELLIPSE('',#2143,0.761753013438201,0.761652486183682);
#73=ELLIPSE('',#2167,38.8348144886992,0.762);
#74=CYLINDRICAL_SURFACE('',#2134,21.99925979108);
#75=CYLINDRICAL_SURFACE('',#2146,22.99601175998);
#76=CYLINDRICAL_SURFACE('',#2150,22.99601175998);
#77=CYLINDRICAL_SURFACE('',#2154,22.99601175998);
#78=CYLINDRICAL_SURFACE('',#2158,22.99601175998);
#79=CYLINDRICAL_SURFACE('',#2170,23.99608128638);
#80=CYLINDRICAL_SURFACE('',#2190,22.99601175998);
#81=CYLINDRICAL_SURFACE('',#2192,22.99601175998);
#82=CYLINDRICAL_SURFACE('',#2201,22.5079764245886);
#83=CYLINDRICAL_SURFACE('',#2208,22.5079764245886);
#84=CYLINDRICAL_SURFACE('',#2215,22.5079764245886);
#85=CYLINDRICAL_SURFACE('',#2229,0.762);
#86=CYLINDRICAL_SURFACE('',#2231,0.762);
#87=CYLINDRICAL_SURFACE('',#2233,0.762);
#88=CYLINDRICAL_SURFACE('',#2237,0.762);
#89=CYLINDRICAL_SURFACE('',#2239,0.762);
#90=CYLINDRICAL_SURFACE('',#2241,0.762);
#91=CYLINDRICAL_SURFACE('',#2245,0.762);
#92=CYLINDRICAL_SURFACE('',#2247,0.762);
#93=CYLINDRICAL_SURFACE('',#2249,0.762);
#94=CYLINDRICAL_SURFACE('',#2250,0.762);
#95=CYLINDRICAL_SURFACE('',#2252,22.99601175998);
#96=CYLINDRICAL_SURFACE('',#2253,0.762);
#97=CYLINDRICAL_SURFACE('',#2255,0.762);
#98=CYLINDRICAL_SURFACE('',#2260,22.5079764245886);
#99=CYLINDRICAL_SURFACE('',#2270,0.762);
#100=CYLINDRICAL_SURFACE('',#2272,0.762);
#101=CYLINDRICAL_SURFACE('',#2274,0.762);
#102=CYLINDRICAL_SURFACE('',#2275,22.99601175998);
#103=CYLINDRICAL_SURFACE('',#2276,0.762);
#104=CYLINDRICAL_SURFACE('',#2284,19.45925979108);
#105=CONICAL_SURFACE('',#2130,21.74275979108,0.213516661716222);
#106=CONICAL_SURFACE('',#2161,23.74608128638,0.785398163397446);
#107=CONICAL_SURFACE('',#2172,23.1892169949075,0.5235987755983);
#108=CONICAL_SURFACE('',#2182,22.7955169924477,0.5235987755983);
#109=CONICAL_SURFACE('',#2184,22.7955169924477,0.5235987755983);
#110=CONICAL_SURFACE('',#2186,22.7955169924477,0.5235987755983);
#111=CONICAL_SURFACE('',#2188,22.7955169924477,0.5235987755983);
#112=CONICAL_SURFACE('',#2198,22.7516909246386,0.78539816339745);
#113=CONICAL_SURFACE('',#2203,22.7516909246386,0.78539816339745);
#114=CONICAL_SURFACE('',#2205,22.7516909246386,0.78539816339745);
#115=CONICAL_SURFACE('',#2210,22.7516909246386,0.78539816339745);
#116=CONICAL_SURFACE('',#2212,22.7516909246386,0.78539816339745);
#117=CONICAL_SURFACE('',#2217,22.7516909246386,0.78539816339745);
#118=CONICAL_SURFACE('',#2226,22.74100311153,0.785398163397446);
#119=CONICAL_SURFACE('',#2234,22.74100311153,0.785398163397446);
#120=CONICAL_SURFACE('',#2242,22.74100311153,0.785398163397446);
#121=CONICAL_SURFACE('',#2257,22.7516909246386,0.78539816339745);
#122=CONICAL_SURFACE('',#2262,22.7516909246386,0.78539816339745);
#123=CONICAL_SURFACE('',#2267,22.74100311153,0.785398163397446);
#124=CONICAL_SURFACE('',#2278,23.62222239543,0.785398163397448);
#125=CONICAL_SURFACE('',#2282,20.32285979108,0.785398163397448);
#126=(
BOUNDED_SURFACE()
B_SPLINE_SURFACE(3,2,((#2832,#2833,#2834),(#2835,#2836,#2837),(#2838,#2839,
#2840),(#2841,#2842,#2843),(#2844,#2845,#2846),(#2847,#2848,#2849),(#2850,
#2851,#2852),(#2853,#2854,#2855),(#2856,#2857,#2858),(#2859,#2860,#2861)),
 .UNSPECIFIED.,.F.,.F.,.F.)
B_SPLINE_SURFACE_WITH_KNOTS((4,2,2,2,4),(3,3),(-0.905944449408068,-0.830476124978444,
-0.755007800548819,-0.679666298622605,-0.671206324460596),(0.,0.349065850398866),
 .UNSPECIFIED.)
GEOMETRIC_REPRESENTATION_ITEM()
RATIONAL_B_SPLINE_SURFACE(((1.,0.984807753012208,1.),(1.,0.984807753012208,
1.),(1.,0.984807753012208,1.),(1.,0.984807753012208,1.),(1.,0.984807753012208,
1.),(1.,0.984807753012208,1.),(1.,0.984807753012208,1.),(1.,0.984807753012208,
1.),(1.,0.984807753012208,1.),(1.,0.984807753012208,1.)))
REPRESENTATION_ITEM('')
SURFACE()
);
#127=(
BOUNDED_SURFACE()
B_SPLINE_SURFACE(3,2,((#2894,#2895,#2896),(#2897,#2898,#2899),(#2900,#2901,
#2902),(#2903,#2904,#2905)),.UNSPECIFIED.,.F.,.F.,.F.)
B_SPLINE_SURFACE_WITH_KNOTS((4,4),(3,3),(1.14176806562867,1.20864959339284),
(0.,0.349065850398866),.UNSPECIFIED.)
GEOMETRIC_REPRESENTATION_ITEM()
RATIONAL_B_SPLINE_SURFACE(((1.,0.984807753012208,1.),(1.,0.984807753012208,
1.),(1.,0.984807753012208,1.),(1.,0.984807753012208,1.)))
REPRESENTATION_ITEM('')
SURFACE()
);
#128=FACE_OUTER_BOUND('',#244,.T.);
#129=FACE_OUTER_BOUND('',#245,.T.);
#130=FACE_OUTER_BOUND('',#246,.T.);
#131=FACE_OUTER_BOUND('',#247,.T.);
#132=FACE_OUTER_BOUND('',#248,.T.);
#133=FACE_OUTER_BOUND('',#249,.T.);
#134=FACE_OUTER_BOUND('',#250,.T.);
#135=FACE_OUTER_BOUND('',#251,.T.);
#136=FACE_OUTER_BOUND('',#252,.T.);
#137=FACE_OUTER_BOUND('',#253,.T.);
#138=FACE_OUTER_BOUND('',#254,.T.);
#139=FACE_OUTER_BOUND('',#255,.T.);
#140=FACE_OUTER_BOUND('',#256,.T.);
#141=FACE_OUTER_BOUND('',#257,.T.);
#142=FACE_OUTER_BOUND('',#258,.T.);
#143=FACE_OUTER_BOUND('',#259,.T.);
#144=FACE_OUTER_BOUND('',#261,.T.);
#145=FACE_OUTER_BOUND('',#262,.T.);
#146=FACE_OUTER_BOUND('',#264,.T.);
#147=FACE_OUTER_BOUND('',#267,.T.);
#148=FACE_OUTER_BOUND('',#268,.T.);
#149=FACE_OUTER_BOUND('',#269,.T.);
#150=FACE_OUTER_BOUND('',#270,.T.);
#151=FACE_OUTER_BOUND('',#271,.T.);
#152=FACE_OUTER_BOUND('',#272,.T.);
#153=FACE_OUTER_BOUND('',#273,.T.);
#154=FACE_OUTER_BOUND('',#274,.T.);
#155=FACE_OUTER_BOUND('',#275,.T.);
#156=FACE_OUTER_BOUND('',#276,.T.);
#157=FACE_OUTER_BOUND('',#277,.T.);
#158=FACE_OUTER_BOUND('',#278,.T.);
#159=FACE_OUTER_BOUND('',#279,.T.);
#160=FACE_OUTER_BOUND('',#280,.T.);
#161=FACE_OUTER_BOUND('',#281,.T.);
#162=FACE_OUTER_BOUND('',#282,.T.);
#163=FACE_OUTER_BOUND('',#283,.T.);
#164=FACE_OUTER_BOUND('',#284,.T.);
#165=FACE_OUTER_BOUND('',#285,.T.);
#166=FACE_OUTER_BOUND('',#286,.T.);
#167=FACE_OUTER_BOUND('',#287,.T.);
#168=FACE_OUTER_BOUND('',#288,.T.);
#169=FACE_OUTER_BOUND('',#289,.T.);
#170=FACE_OUTER_BOUND('',#290,.T.);
#171=FACE_OUTER_BOUND('',#291,.T.);
#172=FACE_OUTER_BOUND('',#292,.T.);
#173=FACE_OUTER_BOUND('',#293,.T.);
#174=FACE_OUTER_BOUND('',#294,.T.);
#175=FACE_OUTER_BOUND('',#295,.T.);
#176=FACE_OUTER_BOUND('',#296,.T.);
#177=FACE_OUTER_BOUND('',#297,.T.);
#178=FACE_OUTER_BOUND('',#298,.T.);
#179=FACE_OUTER_BOUND('',#299,.T.);
#180=FACE_OUTER_BOUND('',#300,.T.);
#181=FACE_OUTER_BOUND('',#301,.T.);
#182=FACE_OUTER_BOUND('',#302,.T.);
#183=FACE_OUTER_BOUND('',#303,.T.);
#184=FACE_OUTER_BOUND('',#304,.T.);
#185=FACE_OUTER_BOUND('',#305,.T.);
#186=FACE_OUTER_BOUND('',#306,.T.);
#187=FACE_OUTER_BOUND('',#307,.T.);
#188=FACE_OUTER_BOUND('',#308,.T.);
#189=FACE_OUTER_BOUND('',#309,.T.);
#190=FACE_OUTER_BOUND('',#310,.T.);
#191=FACE_OUTER_BOUND('',#311,.T.);
#192=FACE_OUTER_BOUND('',#312,.T.);
#193=FACE_OUTER_BOUND('',#313,.T.);
#194=FACE_OUTER_BOUND('',#314,.T.);
#195=FACE_OUTER_BOUND('',#315,.T.);
#196=FACE_OUTER_BOUND('',#316,.T.);
#197=FACE_OUTER_BOUND('',#317,.T.);
#198=FACE_OUTER_BOUND('',#318,.T.);
#199=FACE_OUTER_BOUND('',#319,.T.);
#200=FACE_OUTER_BOUND('',#320,.T.);
#201=FACE_OUTER_BOUND('',#321,.T.);
#202=FACE_OUTER_BOUND('',#322,.T.);
#203=FACE_OUTER_BOUND('',#323,.T.);
#204=FACE_OUTER_BOUND('',#324,.T.);
#205=FACE_OUTER_BOUND('',#325,.T.);
#206=FACE_OUTER_BOUND('',#326,.T.);
#207=FACE_OUTER_BOUND('',#327,.T.);
#208=FACE_OUTER_BOUND('',#328,.T.);
#209=FACE_OUTER_BOUND('',#329,.T.);
#210=FACE_OUTER_BOUND('',#330,.T.);
#211=FACE_OUTER_BOUND('',#331,.T.);
#212=FACE_OUTER_BOUND('',#332,.T.);
#213=FACE_OUTER_BOUND('',#333,.T.);
#214=FACE_OUTER_BOUND('',#334,.T.);
#215=FACE_OUTER_BOUND('',#335,.T.);
#216=FACE_OUTER_BOUND('',#336,.T.);
#217=FACE_OUTER_BOUND('',#337,.T.);
#218=FACE_OUTER_BOUND('',#338,.T.);
#219=FACE_OUTER_BOUND('',#339,.T.);
#220=FACE_OUTER_BOUND('',#340,.T.);
#221=FACE_OUTER_BOUND('',#341,.T.);
#222=FACE_OUTER_BOUND('',#342,.T.);
#223=FACE_OUTER_BOUND('',#343,.T.);
#224=FACE_OUTER_BOUND('',#344,.T.);
#225=FACE_OUTER_BOUND('',#345,.T.);
#226=FACE_OUTER_BOUND('',#346,.T.);
#227=FACE_OUTER_BOUND('',#347,.T.);
#228=FACE_OUTER_BOUND('',#348,.T.);
#229=FACE_OUTER_BOUND('',#349,.T.);
#230=FACE_OUTER_BOUND('',#350,.T.);
#231=FACE_OUTER_BOUND('',#351,.T.);
#232=FACE_OUTER_BOUND('',#352,.T.);
#233=FACE_OUTER_BOUND('',#353,.T.);
#234=FACE_OUTER_BOUND('',#354,.T.);
#235=FACE_OUTER_BOUND('',#355,.T.);
#236=FACE_OUTER_BOUND('',#356,.T.);
#237=FACE_OUTER_BOUND('',#357,.T.);
#238=FACE_OUTER_BOUND('',#358,.T.);
#239=FACE_OUTER_BOUND('',#359,.T.);
#240=FACE_OUTER_BOUND('',#360,.T.);
#241=FACE_OUTER_BOUND('',#361,.T.);
#242=FACE_OUTER_BOUND('',#363,.T.);
#243=FACE_OUTER_BOUND('',#364,.T.);
#244=EDGE_LOOP('',(#1334,#1335,#1336));
#245=EDGE_LOOP('',(#1337,#1338,#1339));
#246=EDGE_LOOP('',(#1340,#1341,#1342,#1343));
#247=EDGE_LOOP('',(#1344,#1345,#1346,#1347));
#248=EDGE_LOOP('',(#1348,#1349,#1350,#1351,#1352,#1353,#1354,#1355));
#249=EDGE_LOOP('',(#1356,#1357,#1358,#1359,#1360,#1361,#1362,#1363,#1364,
#1365,#1366,#1367,#1368,#1369,#1370,#1371,#1372,#1373,#1374,#1375,#1376,
#1377,#1378,#1379,#1380,#1381,#1382,#1383,#1384,#1385,#1386,#1387,#1388,
#1389,#1390,#1391,#1392,#1393,#1394,#1395,#1396));
#250=EDGE_LOOP('',(#1397,#1398,#1399,#1400,#1401,#1402,#1403,#1404,#1405,
#1406));
#251=EDGE_LOOP('',(#1407,#1408,#1409,#1410,#1411,#1412,#1413,#1414));
#252=EDGE_LOOP('',(#1415,#1416,#1417,#1418,#1419,#1420,#1421,#1422,#1423,
#1424));
#253=EDGE_LOOP('',(#1425,#1426,#1427,#1428,#1429,#1430,#1431,#1432));
#254=EDGE_LOOP('',(#1433,#1434,#1435,#1436,#1437,#1438,#1439,#1440,#1441,
#1442));
#255=EDGE_LOOP('',(#1443,#1444,#1445,#1446,#1447,#1448,#1449,#1450));
#256=EDGE_LOOP('',(#1451,#1452,#1453,#1454,#1455,#1456,#1457,#1458,#1459,
#1460));
#257=EDGE_LOOP('',(#1461,#1462,#1463,#1464,#1465,#1466,#1467,#1468));
#258=EDGE_LOOP('',(#1469,#1470,#1471,#1472));
#259=EDGE_LOOP('',(#1473));
#260=EDGE_LOOP('',(#1474));
#261=EDGE_LOOP('',(#1475,#1476,#1477,#1478,#1479,#1480));
#262=EDGE_LOOP('',(#1481));
#263=EDGE_LOOP('',(#1482));
#264=EDGE_LOOP('',(#1483,#1484,#1485,#1486));
#265=EDGE_LOOP('',(#1487,#1488,#1489));
#266=EDGE_LOOP('',(#1490,#1491,#1492));
#267=EDGE_LOOP('',(#1493,#1494,#1495,#1496,#1497,#1498,#1499,#1500,#1501,
#1502,#1503,#1504,#1505,#1506,#1507,#1508,#1509,#1510,#1511,#1512));
#268=EDGE_LOOP('',(#1513,#1514,#1515,#1516,#1517,#1518));
#269=EDGE_LOOP('',(#1519,#1520,#1521,#1522,#1523));
#270=EDGE_LOOP('',(#1524,#1525,#1526,#1527,#1528,#1529));
#271=EDGE_LOOP('',(#1530,#1531,#1532,#1533,#1534));
#272=EDGE_LOOP('',(#1535,#1536,#1537,#1538,#1539,#1540));
#273=EDGE_LOOP('',(#1541,#1542,#1543,#1544,#1545,#1546));
#274=EDGE_LOOP('',(#1547,#1548,#1549,#1550,#1551,#1552));
#275=EDGE_LOOP('',(#1553,#1554,#1555,#1556,#1557,#1558,#1559));
#276=EDGE_LOOP('',(#1560,#1561,#1562,#1563,#1564,#1565));
#277=EDGE_LOOP('',(#1566,#1567,#1568,#1569,#1570,#1571));
#278=EDGE_LOOP('',(#1572,#1573,#1574,#1575,#1576));
#279=EDGE_LOOP('',(#1577,#1578,#1579,#1580,#1581,#1582));
#280=EDGE_LOOP('',(#1583,#1584,#1585,#1586,#1587,#1588));
#281=EDGE_LOOP('',(#1589,#1590,#1591,#1592,#1593,#1594));
#282=EDGE_LOOP('',(#1595,#1596,#1597,#1598));
#283=EDGE_LOOP('',(#1599,#1600,#1601,#1602));
#284=EDGE_LOOP('',(#1603,#1604,#1605,#1606));
#285=EDGE_LOOP('',(#1607,#1608,#1609,#1610));
#286=EDGE_LOOP('',(#1611,#1612,#1613,#1614));
#287=EDGE_LOOP('',(#1615,#1616,#1617,#1618));
#288=EDGE_LOOP('',(#1619,#1620,#1621,#1622));
#289=EDGE_LOOP('',(#1623,#1624,#1625,#1626));
#290=EDGE_LOOP('',(#1627,#1628,#1629,#1630));
#291=EDGE_LOOP('',(#1631,#1632,#1633,#1634));
#292=EDGE_LOOP('',(#1635,#1636,#1637,#1638));
#293=EDGE_LOOP('',(#1639,#1640,#1641,#1642));
#294=EDGE_LOOP('',(#1643,#1644,#1645,#1646));
#295=EDGE_LOOP('',(#1647,#1648,#1649,#1650));
#296=EDGE_LOOP('',(#1651,#1652,#1653,#1654));
#297=EDGE_LOOP('',(#1655,#1656,#1657,#1658,#1659,#1660,#1661));
#298=EDGE_LOOP('',(#1662,#1663,#1664,#1665));
#299=EDGE_LOOP('',(#1666,#1667,#1668,#1669));
#300=EDGE_LOOP('',(#1670,#1671,#1672,#1673));
#301=EDGE_LOOP('',(#1674,#1675,#1676,#1677));
#302=EDGE_LOOP('',(#1678,#1679,#1680,#1681,#1682,#1683,#1684,#1685,#1686,
#1687));
#303=EDGE_LOOP('',(#1688,#1689,#1690,#1691,#1692,#1693,#1694));
#304=EDGE_LOOP('',(#1695,#1696,#1697,#1698));
#305=EDGE_LOOP('',(#1699,#1700,#1701,#1702,#1703));
#306=EDGE_LOOP('',(#1704,#1705,#1706,#1707));
#307=EDGE_LOOP('',(#1708,#1709,#1710,#1711,#1712));
#308=EDGE_LOOP('',(#1713,#1714,#1715,#1716));
#309=EDGE_LOOP('',(#1717,#1718,#1719,#1720));
#310=EDGE_LOOP('',(#1721,#1722,#1723,#1724));
#311=EDGE_LOOP('',(#1725,#1726,#1727,#1728));
#312=EDGE_LOOP('',(#1729,#1730,#1731,#1732));
#313=EDGE_LOOP('',(#1733,#1734,#1735,#1736));
#314=EDGE_LOOP('',(#1737,#1738,#1739,#1740,#1741,#1742,#1743,#1744,#1745,
#1746));
#315=EDGE_LOOP('',(#1747,#1748,#1749,#1750));
#316=EDGE_LOOP('',(#1751,#1752,#1753,#1754,#1755));
#317=EDGE_LOOP('',(#1756,#1757,#1758,#1759));
#318=EDGE_LOOP('',(#1760,#1761,#1762,#1763,#1764));
#319=EDGE_LOOP('',(#1765,#1766,#1767,#1768));
#320=EDGE_LOOP('',(#1769,#1770,#1771,#1772));
#321=EDGE_LOOP('',(#1773,#1774,#1775,#1776));
#322=EDGE_LOOP('',(#1777,#1778,#1779,#1780));
#323=EDGE_LOOP('',(#1781,#1782,#1783,#1784));
#324=EDGE_LOOP('',(#1785,#1786,#1787,#1788));
#325=EDGE_LOOP('',(#1789,#1790,#1791,#1792,#1793,#1794,#1795,#1796,#1797,
#1798));
#326=EDGE_LOOP('',(#1799,#1800,#1801,#1802));
#327=EDGE_LOOP('',(#1803,#1804,#1805,#1806,#1807));
#328=EDGE_LOOP('',(#1808,#1809,#1810,#1811,#1812));
#329=EDGE_LOOP('',(#1813,#1814,#1815,#1816,#1817));
#330=EDGE_LOOP('',(#1818,#1819,#1820,#1821));
#331=EDGE_LOOP('',(#1822,#1823,#1824,#1825));
#332=EDGE_LOOP('',(#1826,#1827,#1828,#1829));
#333=EDGE_LOOP('',(#1830,#1831,#1832,#1833));
#334=EDGE_LOOP('',(#1834,#1835,#1836,#1837,#1838,#1839));
#335=EDGE_LOOP('',(#1840,#1841,#1842,#1843));
#336=EDGE_LOOP('',(#1844,#1845,#1846,#1847));
#337=EDGE_LOOP('',(#1848,#1849,#1850,#1851));
#338=EDGE_LOOP('',(#1852,#1853,#1854,#1855));
#339=EDGE_LOOP('',(#1856,#1857,#1858,#1859));
#340=EDGE_LOOP('',(#1860,#1861,#1862,#1863));
#341=EDGE_LOOP('',(#1864,#1865,#1866,#1867));
#342=EDGE_LOOP('',(#1868,#1869,#1870,#1871));
#343=EDGE_LOOP('',(#1872,#1873,#1874,#1875));
#344=EDGE_LOOP('',(#1876,#1877,#1878,#1879,#1880,#1881,#1882));
#345=EDGE_LOOP('',(#1883,#1884,#1885,#1886));
#346=EDGE_LOOP('',(#1887,#1888,#1889,#1890));
#347=EDGE_LOOP('',(#1891,#1892,#1893,#1894));
#348=EDGE_LOOP('',(#1895,#1896,#1897,#1898));
#349=EDGE_LOOP('',(#1899,#1900,#1901,#1902,#1903,#1904,#1905,#1906,#1907,
#1908));
#350=EDGE_LOOP('',(#1909,#1910,#1911,#1912,#1913,#1914,#1915));
#351=EDGE_LOOP('',(#1916,#1917,#1918,#1919));
#352=EDGE_LOOP('',(#1920,#1921,#1922,#1923,#1924));
#353=EDGE_LOOP('',(#1925,#1926,#1927,#1928));
#354=EDGE_LOOP('',(#1929,#1930,#1931,#1932,#1933));
#355=EDGE_LOOP('',(#1934,#1935,#1936,#1937));
#356=EDGE_LOOP('',(#1938,#1939,#1940,#1941));
#357=EDGE_LOOP('',(#1942,#1943,#1944,#1945,#1946,#1947));
#358=EDGE_LOOP('',(#1948,#1949,#1950,#1951));
#359=EDGE_LOOP('',(#1952,#1953,#1954,#1955));
#360=EDGE_LOOP('',(#1956,#1957,#1958,#1959));
#361=EDGE_LOOP('',(#1960));
#362=EDGE_LOOP('',(#1961));
#363=EDGE_LOOP('',(#1962,#1963,#1964,#1965));
#364=EDGE_LOOP('',(#1966,#1967,#1968,#1969));
#365=LINE('',#2790,#509);
#366=LINE('',#2821,#510);
#367=LINE('',#2890,#511);
#368=LINE('',#2893,#512);
#369=LINE('',#2907,#513);
#370=LINE('',#2910,#514);
#371=LINE('',#2915,#515);
#372=LINE('',#2920,#516);
#373=LINE('',#2935,#517);
#374=LINE('',#2961,#518);
#375=LINE('',#2987,#519);
#376=LINE('',#3013,#520);
#377=LINE('',#3039,#521);
#378=LINE('',#3065,#522);
#379=LINE('',#3091,#523);
#380=LINE('',#3106,#524);
#381=LINE('',#3110,#525);
#382=LINE('',#3126,#526);
#383=LINE('',#3132,#527);
#384=LINE('',#3138,#528);
#385=LINE('',#3140,#529);
#386=LINE('',#3142,#530);
#387=LINE('',#3144,#531);
#388=LINE('',#3146,#532);
#389=LINE('',#3147,#533);
#390=LINE('',#3152,#534);
#391=LINE('',#3165,#535);
#392=LINE('',#3169,#536);
#393=LINE('',#3185,#537);
#394=LINE('',#3191,#538);
#395=LINE('',#3197,#539);
#396=LINE('',#3199,#540);
#397=LINE('',#3201,#541);
#398=LINE('',#3203,#542);
#399=LINE('',#3205,#543);
#400=LINE('',#3206,#544);
#401=LINE('',#3211,#545);
#402=LINE('',#3224,#546);
#403=LINE('',#3228,#547);
#404=LINE('',#3244,#548);
#405=LINE('',#3250,#549);
#406=LINE('',#3256,#550);
#407=LINE('',#3258,#551);
#408=LINE('',#3260,#552);
#409=LINE('',#3262,#553);
#410=LINE('',#3264,#554);
#411=LINE('',#3265,#555);
#412=LINE('',#3270,#556);
#413=LINE('',#3283,#557);
#414=LINE('',#3287,#558);
#415=LINE('',#3303,#559);
#416=LINE('',#3309,#560);
#417=LINE('',#3315,#561);
#418=LINE('',#3317,#562);
#419=LINE('',#3319,#563);
#420=LINE('',#3321,#564);
#421=LINE('',#3323,#565);
#422=LINE('',#3324,#566);
#423=LINE('',#3329,#567);
#424=LINE('',#3342,#568);
#425=LINE('',#3346,#569);
#426=LINE('',#3361,#570);
#427=LINE('',#3369,#571);
#428=LINE('',#3383,#572);
#429=LINE('',#3390,#573);
#430=LINE('',#3393,#574);
#431=LINE('',#3670,#575);
#432=LINE('',#3758,#576);
#433=LINE('',#3797,#577);
#434=LINE('',#3885,#578);
#435=LINE('',#3887,#579);
#436=LINE('',#3898,#580);
#437=LINE('',#3899,#581);
#438=LINE('',#3910,#582);
#439=LINE('',#3912,#583);
#440=LINE('',#3931,#584);
#441=LINE('',#3932,#585);
#442=LINE('',#3944,#586);
#443=LINE('',#3962,#587);
#444=LINE('',#3980,#588);
#445=LINE('',#3990,#589);
#446=LINE('',#3992,#590);
#447=LINE('',#3994,#591);
#448=LINE('',#3996,#592);
#449=LINE('',#3998,#593);
#450=LINE('',#4000,#594);
#451=LINE('',#4066,#595);
#452=LINE('',#4118,#596);
#453=LINE('',#4120,#597);
#454=LINE('',#4173,#598);
#455=LINE('',#4224,#599);
#456=LINE('',#4227,#600);
#457=LINE('',#4229,#601);
#458=LINE('',#4230,#602);
#459=LINE('',#4290,#603);
#460=LINE('',#4291,#604);
#461=LINE('',#4293,#605);
#462=LINE('',#4295,#606);
#463=LINE('',#4297,#607);
#464=LINE('',#4328,#608);
#465=LINE('',#4380,#609);
#466=LINE('',#4382,#610);
#467=LINE('',#4435,#611);
#468=LINE('',#4486,#612);
#469=LINE('',#4488,#613);
#470=LINE('',#4512,#614);
#471=LINE('',#4513,#615);
#472=LINE('',#4515,#616);
#473=LINE('',#4517,#617);
#474=LINE('',#4519,#618);
#475=LINE('',#4550,#619);
#476=LINE('',#4602,#620);
#477=LINE('',#4604,#621);
#478=LINE('',#4657,#622);
#479=LINE('',#4708,#623);
#480=LINE('',#4710,#624);
#481=LINE('',#4734,#625);
#482=LINE('',#4735,#626);
#483=LINE('',#4737,#627);
#484=LINE('',#4739,#628);
#485=LINE('',#4741,#629);
#486=LINE('',#4744,#630);
#487=LINE('',#4748,#631);
#488=LINE('',#4751,#632);
#489=LINE('',#4764,#633);
#490=LINE('',#4774,#634);
#491=LINE('',#4776,#635);
#492=LINE('',#4842,#636);
#493=LINE('',#4894,#637);
#494=LINE('',#4896,#638);
#495=LINE('',#4949,#639);
#496=LINE('',#5000,#640);
#497=LINE('',#5003,#641);
#498=LINE('',#5005,#642);
#499=LINE('',#5006,#643);
#500=LINE('',#5066,#644);
#501=LINE('',#5067,#645);
#502=LINE('',#5069,#646);
#503=LINE('',#5071,#647);
#504=LINE('',#5073,#648);
#505=LINE('',#5077,#649);
#506=LINE('',#5081,#650);
#507=LINE('',#5089,#651);
#508=LINE('',#5091,#652);
#509=VECTOR('',#2289,10.);
#510=VECTOR('',#2292,10.);
#511=VECTOR('',#2293,10.);
#512=VECTOR('',#2296,10.);
#513=VECTOR('',#2297,10.);
#514=VECTOR('',#2300,10.);
#515=VECTOR('',#2305,21.74275979108);
#516=VECTOR('',#2312,21.99925979108);
#517=VECTOR('',#2315,10.);
#518=VECTOR('',#2318,10.);
#519=VECTOR('',#2321,10.);
#520=VECTOR('',#2324,10.);
#521=VECTOR('',#2327,10.);
#522=VECTOR('',#2330,10.);
#523=VECTOR('',#2333,10.);
#524=VECTOR('',#2336,10.);
#525=VECTOR('',#2339,10.);
#526=VECTOR('',#2344,10.);
#527=VECTOR('',#2345,10.);
#528=VECTOR('',#2346,10.);
#529=VECTOR('',#2347,10.);
#530=VECTOR('',#2348,10.);
#531=VECTOR('',#2349,10.);
#532=VECTOR('',#2350,10.);
#533=VECTOR('',#2351,10.);
#534=VECTOR('',#2356,10.);
#535=VECTOR('',#2357,10.);
#536=VECTOR('',#2360,10.);
#537=VECTOR('',#2363,10.);
#538=VECTOR('',#2364,10.);
#539=VECTOR('',#2365,10.);
#540=VECTOR('',#2366,10.);
#541=VECTOR('',#2367,9.99999999999999);
#542=VECTOR('',#2368,10.);
#543=VECTOR('',#2369,10.);
#544=VECTOR('',#2370,10.);
#545=VECTOR('',#2375,10.);
#546=VECTOR('',#2376,10.);
#547=VECTOR('',#2379,10.);
#548=VECTOR('',#2382,10.);
#549=VECTOR('',#2383,10.);
#550=VECTOR('',#2384,10.);
#551=VECTOR('',#2385,10.);
#552=VECTOR('',#2386,10.);
#553=VECTOR('',#2387,10.);
#554=VECTOR('',#2388,10.);
#555=VECTOR('',#2389,10.);
#556=VECTOR('',#2394,10.);
#557=VECTOR('',#2395,10.);
#558=VECTOR('',#2398,10.);
#559=VECTOR('',#2401,10.);
#560=VECTOR('',#2402,10.);
#561=VECTOR('',#2403,10.);
#562=VECTOR('',#2404,10.);
#563=VECTOR('',#2405,10.);
#564=VECTOR('',#2406,10.);
#565=VECTOR('',#2407,10.);
#566=VECTOR('',#2408,10.);
#567=VECTOR('',#2413,10.);
#568=VECTOR('',#2414,10.);
#569=VECTOR('',#2417,10.);
#570=VECTOR('',#2422,23.74608128638);
#571=VECTOR('',#2431,10.);
#572=VECTOR('',#2434,10.);
#573=VECTOR('',#2443,23.99608128638);
#574=VECTOR('',#2446,23.1892169949075);
#575=VECTOR('',#2485,10.);
#576=VECTOR('',#2486,10.);
#577=VECTOR('',#2491,10.);
#578=VECTOR('',#2492,10.);
#579=VECTOR('',#2495,10.);
#580=VECTOR('',#2498,10.);
#581=VECTOR('',#2499,10.);
#582=VECTOR('',#2502,10.);
#583=VECTOR('',#2503,10.);
#584=VECTOR('',#2506,10.);
#585=VECTOR('',#2507,10.);
#586=VECTOR('',#2518,10.);
#587=VECTOR('',#2533,10.);
#588=VECTOR('',#2548,10.);
#589=VECTOR('',#2557,10.);
#590=VECTOR('',#2560,10.);
#591=VECTOR('',#2563,10.);
#592=VECTOR('',#2566,10.);
#593=VECTOR('',#2569,10.);
#594=VECTOR('',#2572,10.);
#595=VECTOR('',#2573,10.);
#596=VECTOR('',#2576,10.);
#597=VECTOR('',#2577,10.);
#598=VECTOR('',#2580,10.);
#599=VECTOR('',#2581,10.);
#600=VECTOR('',#2584,10.);
#601=VECTOR('',#2585,10.);
#602=VECTOR('',#2586,10.);
#603=VECTOR('',#2589,10.);
#604=VECTOR('',#2590,10.);
#605=VECTOR('',#2593,10.);
#606=VECTOR('',#2596,10.);
#607=VECTOR('',#2599,10.);
#608=VECTOR('',#2602,10.);
#609=VECTOR('',#2605,10.);
#610=VECTOR('',#2606,10.);
#611=VECTOR('',#2609,10.);
#612=VECTOR('',#2610,10.);
#613=VECTOR('',#2613,10.);
#614=VECTOR('',#2616,10.);
#615=VECTOR('',#2617,10.);
#616=VECTOR('',#2620,10.);
#617=VECTOR('',#2623,10.);
#618=VECTOR('',#2626,10.);
#619=VECTOR('',#2629,10.);
#620=VECTOR('',#2632,10.);
#621=VECTOR('',#2633,10.);
#622=VECTOR('',#2636,10.);
#623=VECTOR('',#2637,10.);
#624=VECTOR('',#2640,10.);
#625=VECTOR('',#2643,10.);
#626=VECTOR('',#2644,10.);
#627=VECTOR('',#2647,10.);
#628=VECTOR('',#2650,10.);
#629=VECTOR('',#2653,10.);
#630=VECTOR('',#2658,10.);
#631=VECTOR('',#2665,10.);
#632=VECTOR('',#2670,10.);
#633=VECTOR('',#2683,10.);
#634=VECTOR('',#2692,10.);
#635=VECTOR('',#2695,10.);
#636=VECTOR('',#2696,10.);
#637=VECTOR('',#2699,10.);
#638=VECTOR('',#2700,10.);
#639=VECTOR('',#2703,10.);
#640=VECTOR('',#2704,10.);
#641=VECTOR('',#2707,10.);
#642=VECTOR('',#2708,10.);
#643=VECTOR('',#2709,10.);
#644=VECTOR('',#2712,10.);
#645=VECTOR('',#2713,10.);
#646=VECTOR('',#2716,10.);
#647=VECTOR('',#2719,10.);
#648=VECTOR('',#2722,10.);
#649=VECTOR('',#2729,10.);
#650=VECTOR('',#2734,23.62222239543);
#651=VECTOR('',#2745,20.32285979108);
#652=VECTOR('',#2748,19.45925979108);
#653=B_SPLINE_CURVE_WITH_KNOTS('',3,(#2780,#2781,#2782,#2783,#2784,#2785,
#2786,#2787,#2788,#2789),.UNSPECIFIED.,.F.,.F.,(4,2,2,2,4),(0.604062048739047,
0.679402886450431,0.754743724161816,0.830191080552854,0.905638436943893),
 .UNSPECIFIED.);
#654=B_SPLINE_CURVE_WITH_KNOTS('',3,(#2822,#2823,#2824,#2825,#2826,#2827,
#2828,#2829,#2830,#2831),.UNSPECIFIED.,.F.,.F.,(4,2,2,2,4),(0.302485660534201,
0.377933016925239,0.453380373316277,0.528721211027662,0.604062048739047),
 .UNSPECIFIED.);
#655=B_SPLINE_CURVE_WITH_KNOTS('',3,(#2864,#2865,#2866,#2867,#2868,#2869,
#2870,#2871,#2872,#2873,#2874,#2875,#2876,#2877,#2878,#2879,#2880,#2881,
#2882,#2883,#2884,#2885,#2886,#2887,#2888),.UNSPECIFIED.,.F.,.F.,(4,3,3,
3,3,3,3,3,4),(0.,0.102758594109898,0.205363224689704,0.307868736253963,
0.410329862964717,0.51285289274518,0.615438879894751,0.718222779744245,
0.768394553623777),.UNSPECIFIED.);
#656=B_SPLINE_CURVE_WITH_KNOTS('',3,(#2924,#2925,#2926,#2927,#2928,#2929,
#2930,#2931,#2932,#2933),.UNSPECIFIED.,.F.,.F.,(4,2,2,2,4),(0.229660906468308,
0.25836614764819,0.287071388828073,0.315774987137271,0.344478585446469),
 .UNSPECIFIED.);
#657=B_SPLINE_CURVE_WITH_KNOTS('',3,(#2937,#2938,#2939,#2940,#2941,#2942,
#2943,#2944,#2945,#2946),.UNSPECIFIED.,.F.,.F.,(4,2,2,2,4),(-0.114862446887055,
-0.08613291422288,-0.0574033815587054,-0.0287016907793527,0.),
 .UNSPECIFIED.);
#658=B_SPLINE_CURVE_WITH_KNOTS('',3,(#2950,#2951,#2952,#2953,#2954,#2955,
#2956,#2957,#2958,#2959),.UNSPECIFIED.,.F.,.F.,(4,2,2,2,4),(-0.22981751371164,
-0.201115822932287,-0.172414132152934,-0.143684599488759,-0.114955066824584),
 .UNSPECIFIED.);
#659=B_SPLINE_CURVE_WITH_KNOTS('',3,(#2963,#2964,#2965,#2966,#2967,#2968,
#2969,#2970,#2971,#2972),.UNSPECIFIED.,.F.,.F.,(4,2,2,2,4),(0.344504133958457,
0.373207732267654,0.401911330576852,0.430616571756734,0.459321812936616),
 .UNSPECIFIED.);
#660=B_SPLINE_CURVE_WITH_KNOTS('',3,(#2976,#2977,#2978,#2979,#2980,#2981,
#2982,#2983,#2984,#2985),.UNSPECIFIED.,.F.,.F.,(4,2,2,2,4),(0.229660906468308,
0.25836614764819,0.287071388828073,0.315774987137271,0.344478585446469),
 .UNSPECIFIED.);
#661=B_SPLINE_CURVE_WITH_KNOTS('',3,(#2989,#2990,#2991,#2992,#2993,#2994,
#2995,#2996,#2997,#2998),.UNSPECIFIED.,.F.,.F.,(4,2,2,2,4),(-0.114862446887058,
-0.0861329142228823,-0.057403381558707,-0.0287016907793535,0.),
 .UNSPECIFIED.);
#662=B_SPLINE_CURVE_WITH_KNOTS('',3,(#3002,#3003,#3004,#3005,#3006,#3007,
#3008,#3009,#3010,#3011),.UNSPECIFIED.,.F.,.F.,(4,2,2,2,4),(-0.229817508898493,
-0.20111581811914,-0.172414127339787,-0.143684594675612,-0.114955062011438),
 .UNSPECIFIED.);
#663=B_SPLINE_CURVE_WITH_KNOTS('',3,(#3015,#3016,#3017,#3018,#3019,#3020,
#3021,#3022,#3023,#3024),.UNSPECIFIED.,.F.,.F.,(4,2,2,2,4),(0.344504133958456,
0.373207732267654,0.401911330576852,0.430616571756734,0.459321812936616),
 .UNSPECIFIED.);
#664=B_SPLINE_CURVE_WITH_KNOTS('',3,(#3028,#3029,#3030,#3031,#3032,#3033,
#3034,#3035,#3036,#3037),.UNSPECIFIED.,.F.,.F.,(4,2,2,2,4),(0.229660906468308,
0.25836614764819,0.287071388828073,0.315774987137271,0.344478585446469),
 .UNSPECIFIED.);
#665=B_SPLINE_CURVE_WITH_KNOTS('',3,(#3041,#3042,#3043,#3044,#3045,#3046,
#3047,#3048,#3049,#3050),.UNSPECIFIED.,.F.,.F.,(4,2,2,2,4),(-0.114862446887055,
-0.08613291422288,-0.0574033815587054,-0.0287016907793527,0.),
 .UNSPECIFIED.);
#666=B_SPLINE_CURVE_WITH_KNOTS('',3,(#3054,#3055,#3056,#3057,#3058,#3059,
#3060,#3061,#3062,#3063),.UNSPECIFIED.,.F.,.F.,(4,2,2,2,4),(-0.22981751371164,
-0.201115822932287,-0.172414132152934,-0.143684599488759,-0.114955066824584),
 .UNSPECIFIED.);
#667=B_SPLINE_CURVE_WITH_KNOTS('',3,(#3067,#3068,#3069,#3070,#3071,#3072,
#3073,#3074,#3075,#3076),.UNSPECIFIED.,.F.,.F.,(4,2,2,2,4),(0.344504133958457,
0.373207732267654,0.401911330576852,0.430616571756734,0.459321812936616),
 .UNSPECIFIED.);
#668=B_SPLINE_CURVE_WITH_KNOTS('',3,(#3080,#3081,#3082,#3083,#3084,#3085,
#3086,#3087,#3088,#3089),.UNSPECIFIED.,.F.,.F.,(4,2,2,2,4),(0.229660906468308,
0.25836614764819,0.287071388828073,0.315774987137271,0.344478585446469),
 .UNSPECIFIED.);
#669=B_SPLINE_CURVE_WITH_KNOTS('',3,(#3093,#3094,#3095,#3096,#3097,#3098,
#3099,#3100,#3101,#3102),.UNSPECIFIED.,.F.,.F.,(4,2,2,2,4),(-0.114862446887054,
-0.0861329142228799,-0.0574033815587054,-0.0287016907793527,0.),
 .UNSPECIFIED.);
#670=B_SPLINE_CURVE_WITH_KNOTS('',3,(#3112,#3113,#3114,#3115,#3116,#3117,
#3118,#3119,#3120,#3121),.UNSPECIFIED.,.F.,.F.,(4,2,2,2,4),(0.344504133958457,
0.373207732267654,0.401911330576852,0.430616571756734,0.459321812936616),
 .UNSPECIFIED.);
#671=B_SPLINE_CURVE_WITH_KNOTS('',3,(#3154,#3155,#3156,#3157,#3158,#3159,
#3160,#3161,#3162,#3163),.UNSPECIFIED.,.F.,.F.,(4,2,2,2,4),(0.,0.00949891563417083,
0.0208550201833471,0.0317429330147359,0.0405966814511667),.UNSPECIFIED.);
#672=B_SPLINE_CURVE_WITH_KNOTS('',3,(#3170,#3171,#3172,#3173,#3174,#3175,
#3176,#3177,#3178,#3179,#3180,#3181),.UNSPECIFIED.,.F.,.F.,(4,2,2,2,2,4),
(0.,0.00494424465953776,0.00999535059038468,0.0194882117424961,0.0266153578782523,
0.0326210878168977),.UNSPECIFIED.);
#673=B_SPLINE_CURVE_WITH_KNOTS('',3,(#3213,#3214,#3215,#3216,#3217,#3218,
#3219,#3220,#3221,#3222),.UNSPECIFIED.,.F.,.F.,(4,2,2,2,4),(0.,0.00949891563422091,
0.0208550201834987,0.0317429330148437,0.0405966814512366),.UNSPECIFIED.);
#674=B_SPLINE_CURVE_WITH_KNOTS('',3,(#3229,#3230,#3231,#3232,#3233,#3234,
#3235,#3236,#3237,#3238,#3239,#3240),.UNSPECIFIED.,.F.,.F.,(4,2,2,2,2,4),
(0.,0.00494424465953356,0.00999535059037858,0.019488211742487,0.0266153578783088,
0.0326210878170554),.UNSPECIFIED.);
#675=B_SPLINE_CURVE_WITH_KNOTS('',3,(#3272,#3273,#3274,#3275,#3276,#3277,
#3278,#3279,#3280,#3281),.UNSPECIFIED.,.F.,.F.,(4,2,2,2,4),(0.,0.00949891563422314,
0.0208550201835047,0.0317429330150203,0.0405966814515711),.UNSPECIFIED.);
#676=B_SPLINE_CURVE_WITH_KNOTS('',3,(#3288,#3289,#3290,#3291,#3292,#3293,
#3294,#3295,#3296,#3297,#3298,#3299),.UNSPECIFIED.,.F.,.F.,(4,2,2,2,2,4),
(0.,0.0049442446595338,0.00999535059038632,0.0194882117425197,0.0266153578786077,
0.0326210878176605),.UNSPECIFIED.);
#677=B_SPLINE_CURVE_WITH_KNOTS('',3,(#3331,#3332,#3333,#3334,#3335,#3336,
#3337,#3338,#3339,#3340),.UNSPECIFIED.,.F.,.F.,(4,2,2,2,4),(0.,0.00949891563421898,
0.020855020183494,0.0317429330149806,0.0405966814514995),.UNSPECIFIED.);
#678=B_SPLINE_CURVE_WITH_KNOTS('',3,(#3347,#3348,#3349,#3350,#3351,#3352,
#3353,#3354,#3355,#3356),.UNSPECIFIED.,.F.,.F.,(4,2,2,2,4),(0.,0.00949781189559147,
0.0211777629075502,0.0333599641130781,0.0435498757140534),.UNSPECIFIED.);
#679=B_SPLINE_CURVE_WITH_KNOTS('',3,(#3371,#3372,#3373,#3374),
 .UNSPECIFIED.,.F.,.F.,(4,4),(-0.00737546464614138,-1.29969961008836E-10),
 .UNSPECIFIED.);
#680=B_SPLINE_CURVE_WITH_KNOTS('',3,(#3376,#3377,#3378,#3379,#3380,#3381),
 .UNSPECIFIED.,.F.,.F.,(4,2,4),(-0.052898164076374,-0.0276694472244337,
-0.00737546464614138),.UNSPECIFIED.);
#681=B_SPLINE_CURVE_WITH_KNOTS('',3,(#3397,#3398,#3399,#3400,#3401,#3402),
 .UNSPECIFIED.,.F.,.F.,(4,2,4),(-0.000803722500283124,-0.00041296260592098,
-9.98576757371682E-6),.UNSPECIFIED.);
#682=B_SPLINE_CURVE_WITH_KNOTS('',3,(#3406,#3407,#3408,#3409,#3410,#3411),
 .UNSPECIFIED.,.F.,.F.,(4,2,4),(-0.000794814218912346,-0.000391629422270263,
-1.17894543731778E-6),.UNSPECIFIED.);
#683=B_SPLINE_CURVE_WITH_KNOTS('',3,(#3415,#3416,#3417,#3418,#3419,#3420),
 .UNSPECIFIED.,.F.,.F.,(4,2,4),(-0.000809615825207297,-0.000424495235018232,
-1.70943685983229E-5),.UNSPECIFIED.);
#684=B_SPLINE_CURVE_WITH_KNOTS('',3,(#3424,#3425,#3426,#3427,#3428,#3429),
 .UNSPECIFIED.,.F.,.F.,(4,2,4),(-0.000799553991483613,-0.000392255853566787,
-7.23237336668823E-6),.UNSPECIFIED.);
#685=B_SPLINE_CURVE_WITH_KNOTS('',3,(#3433,#3434,#3435,#3436,#3437,#3438),
 .UNSPECIFIED.,.F.,.F.,(4,2,4),(-0.000809615828941879,-0.000424495236259767,
-1.70943685982017E-5),.UNSPECIFIED.);
#686=B_SPLINE_CURVE_WITH_KNOTS('',3,(#3442,#3443,#3444,#3445,#3446,#3447),
 .UNSPECIFIED.,.F.,.F.,(4,2,4),(-0.000799553991921782,-0.000392255853625877,
-7.23237336647195E-6),.UNSPECIFIED.);
#687=B_SPLINE_CURVE_WITH_KNOTS('',3,(#3451,#3452,#3453,#3454,#3455,#3456),
 .UNSPECIFIED.,.F.,.F.,(4,2,4),(-0.000803722500093198,-0.000412962606046738,
-9.98576757324186E-6),.UNSPECIFIED.);
#688=B_SPLINE_CURVE_WITH_KNOTS('',3,(#3460,#3461,#3462,#3463,#3464,#3465),
 .UNSPECIFIED.,.F.,.F.,(4,2,4),(-0.00079536236986865,-0.000385185962710644,
-2.76422477007267E-6),.UNSPECIFIED.);
#689=B_SPLINE_CURVE_WITH_KNOTS('',3,(#3470,#3471,#3472,#3473,#3474,#3475,
#3476,#3477),.UNSPECIFIED.,.F.,.F.,(4,2,2,4),(2.50660581415241E-5,0.0399112898761478,
0.0572410356830308,0.0717326086134332),.UNSPECIFIED.);
#690=B_SPLINE_CURVE_WITH_KNOTS('',3,(#3478,#3479,#3480,#3481,#3482,#3483),
 .UNSPECIFIED.,.F.,.F.,(4,2,4),(9.32503317644738E-11,0.0382347634066756,
0.0795091398728292),.UNSPECIFIED.);
#691=B_SPLINE_CURVE_WITH_KNOTS('',3,(#3486,#3487,#3488,#3489,#3490,#3491,
#3492,#3493),.UNSPECIFIED.,.F.,.F.,(4,2,2,4),(0.,0.0255648939912852,0.0524472678108276,
0.0984359032382275),.UNSPECIFIED.);
#692=B_SPLINE_CURVE_WITH_KNOTS('',3,(#3495,#3496,#3497,#3498),
 .UNSPECIFIED.,.F.,.F.,(4,4),(0.,0.00184637647194327),.UNSPECIFIED.);
#693=B_SPLINE_CURVE_WITH_KNOTS('',3,(#3501,#3502,#3503,#3504,#3505,#3506,
#3507,#3508),.UNSPECIFIED.,.F.,.F.,(4,2,2,4),(2.50660581411821E-5,0.0399112898760921,
0.0572410356829457,0.0717326086133326),.UNSPECIFIED.);
#694=B_SPLINE_CURVE_WITH_KNOTS('',3,(#3511,#3512,#3513,#3514,#3515,#3516,
#3517,#3518),.UNSPECIFIED.,.F.,.F.,(4,2,2,4),(0.,0.0255648939913255,0.0524472678109286,
0.0984359032382857),.UNSPECIFIED.);
#695=B_SPLINE_CURVE_WITH_KNOTS('',3,(#3520,#3521,#3522,#3523),
 .UNSPECIFIED.,.F.,.F.,(4,4),(0.,0.00184637647194139),.UNSPECIFIED.);
#696=B_SPLINE_CURVE_WITH_KNOTS('',3,(#3527,#3528,#3529,#3530),
 .UNSPECIFIED.,.F.,.F.,(4,4),(-0.00184637612779519,0.),.UNSPECIFIED.);
#697=B_SPLINE_CURVE_WITH_KNOTS('',3,(#3531,#3532,#3533,#3534,#3535,#3536,
#3537,#3538),.UNSPECIFIED.,.F.,.F.,(4,2,2,4),(4.40632302968931E-5,0.0580496586169709,
0.0946130322145926,0.128919408272857),.UNSPECIFIED.);
#698=B_SPLINE_CURVE_WITH_KNOTS('',3,(#3541,#3542,#3543,#3544,#3545,#3546,
#3547,#3548),.UNSPECIFIED.,.F.,.F.,(4,2,2,4),(4.40632302973735E-5,0.05804965861697,
0.0946130322145964,0.128919408272883),.UNSPECIFIED.);
#699=B_SPLINE_CURVE_WITH_KNOTS('',3,(#3550,#3551,#3552,#3553,#3554,#3555,
#3556,#3557),.UNSPECIFIED.,.F.,.F.,(4,2,2,4),(7.85849716734982E-6,0.0260815752049253,
0.0561652174907284,0.124779417210945),.UNSPECIFIED.);
#700=B_SPLINE_CURVE_WITH_KNOTS('',3,(#3560,#3561,#3562,#3563),
 .UNSPECIFIED.,.F.,.F.,(4,4),(-0.00184637612777184,0.),.UNSPECIFIED.);
#701=B_SPLINE_CURVE_WITH_KNOTS('',3,(#3596,#3597,#3598,#3599,#3600,#3601),
 .UNSPECIFIED.,.F.,.F.,(4,2,4),(1.92929527217459E-5,0.00459857541196004,
0.00912000163392568),.UNSPECIFIED.);
#702=B_SPLINE_CURVE_WITH_KNOTS('',3,(#3603,#3604,#3605,#3606,#3607,#3608,
#3609,#3610,#3611,#3612,#3613,#3614,#3615,#3616,#3617,#3618,#3619,#3620,
#3621,#3622,#3623,#3624,#3625,#3626,#3627,#3628,#3629,#3630,#3631,#3632,
#3633,#3634,#3635,#3636,#3637,#3638,#3639,#3640,#3641,#3642,#3643,#3644,
#3645,#3646,#3647,#3648,#3649,#3650,#3651),.UNSPECIFIED.,.F.,.F.,(4,3,3,
3,3,3,3,3,3,3,3,3,3,3,3,3,4),(-0.2298013994865,-0.223154673620082,-0.216553820316867,
-0.209980620690325,-0.204607911434911,-0.195926664260269,-0.18721174047547,
-0.179414423383322,-0.170964446439724,-0.162496739842323,-0.154159922911764,
-0.145823105981204,-0.140459326378625,-0.137425276630674,-0.127991046629043,
-0.118448305030052,-0.112231788579094),.UNSPECIFIED.);
#703=B_SPLINE_CURVE_WITH_KNOTS('',3,(#3652,#3653,#3654,#3655,#3656,#3657,
#3658,#3659),.UNSPECIFIED.,.F.,.F.,(4,2,2,4),(-0.0334772342052221,-0.0219841796508387,
-0.0102614544794395,-8.89566198480907E-15),.UNSPECIFIED.);
#704=B_SPLINE_CURVE_WITH_KNOTS('',3,(#3664,#3665,#3666,#3667,#3668,#3669),
 .UNSPECIFIED.,.F.,.F.,(4,2,4),(0.,0.00452083605723449,0.00910033180087557),
 .UNSPECIFIED.);
#705=B_SPLINE_CURVE_WITH_KNOTS('',3,(#3700,#3701,#3702,#3703,#3704,#3705,
#3706,#3707),.UNSPECIFIED.,.F.,.F.,(4,2,2,4),(-0.0463439490748842,-0.036096338133073,
-0.0230815964279581,-0.000114878638726116),.UNSPECIFIED.);
#706=B_SPLINE_CURVE_WITH_KNOTS('',3,(#3709,#3710,#3711,#3712,#3713,#3714,
#3715,#3716,#3717,#3718,#3719,#3720,#3721,#3722,#3723,#3724,#3725,#3726,
#3727,#3728,#3729,#3730,#3731,#3732,#3733,#3734,#3735,#3736,#3737,#3738,
#3739,#3740,#3741,#3742,#3743,#3744,#3745,#3746,#3747,#3748,#3749,#3750,
#3751,#3752,#3753,#3754,#3755,#3756,#3757),.UNSPECIFIED.,.F.,.F.,(4,3,3,
3,3,3,3,3,3,3,3,3,3,3,3,3,4),(-0.117569610907409,-0.110542889947437,-0.10358142583255,
-0.0966418234405549,-0.0896993325730702,-0.0839782935052921,-0.0744181239644772,
-0.0647191703272249,-0.055071733117088,-0.050386976103175,-0.0407392284016919,
-0.0311461753439048,-0.0251934880515872,-0.0186609582330748,-0.0121192448473087,
-0.00551676664778038,6.73501752840299E-16),.UNSPECIFIED.);
#707=B_SPLINE_CURVE_WITH_KNOTS('',3,(#3775,#3776,#3777,#3778,#3779,#3780),
 .UNSPECIFIED.,.F.,.F.,(4,2,4),(4.20556560956419E-5,0.00462911243461091,
0.00914473280522872),.UNSPECIFIED.);
#708=B_SPLINE_CURVE_WITH_KNOTS('',3,(#3781,#3782,#3783,#3784,#3785,#3786),
 .UNSPECIFIED.,.F.,.F.,(4,2,4),(-0.0124028842313044,-0.00624662369848205,
-7.89844612972292E-5),.UNSPECIFIED.);
#709=B_SPLINE_CURVE_WITH_KNOTS('',3,(#3791,#3792,#3793,#3794,#3795,#3796),
 .UNSPECIFIED.,.F.,.F.,(4,2,4),(0.,0.00452083605723621,0.00910033180090968),
 .UNSPECIFIED.);
#710=B_SPLINE_CURVE_WITH_KNOTS('',3,(#3827,#3828,#3829,#3830,#3831,#3832,
#3833,#3834),.UNSPECIFIED.,.F.,.F.,(4,2,2,4),(-0.0463439490748512,-0.0360963381330504,
-0.0230815964279372,-0.00011487863872626),.UNSPECIFIED.);
#711=B_SPLINE_CURVE_WITH_KNOTS('',3,(#3836,#3837,#3838,#3839,#3840,#3841,
#3842,#3843,#3844,#3845,#3846,#3847,#3848,#3849,#3850,#3851,#3852,#3853,
#3854,#3855,#3856,#3857,#3858,#3859,#3860,#3861,#3862,#3863,#3864,#3865,
#3866,#3867,#3868,#3869,#3870,#3871,#3872,#3873,#3874,#3875,#3876,#3877,
#3878,#3879,#3880,#3881,#3882,#3883,#3884),.UNSPECIFIED.,.F.,.F.,(4,3,3,
3,3,3,3,3,3,3,3,3,3,3,3,3,4),(-0.117569610907409,-0.110542889947436,-0.103581425832549,
-0.0966418234405536,-0.0896993325730686,-0.0839782935052917,-0.0744181239644841,
-0.0647191703272393,-0.0550717331171077,-0.0503869761031746,-0.0407392284016977,
-0.0311461753439173,-0.0251934880515869,-0.0186609582330743,-0.0121192448473082,
-0.00551676664777957,9.31065630235446E-16),.UNSPECIFIED.);
#712=B_SPLINE_CURVE_WITH_KNOTS('',3,(#3890,#3891,#3892,#3893,#3894,#3895,
#3896,#3897),.UNSPECIFIED.,.F.,.F.,(4,2,2,4),(-0.0454623422208871,-0.0219585148679479,
-0.00993560004376716,-2.87839682644453E-11),.UNSPECIFIED.);
#713=B_SPLINE_CURVE_WITH_KNOTS('',3,(#3902,#3903,#3904,#3905,#3906,#3907,
#3908,#3909),.UNSPECIFIED.,.F.,.F.,(4,2,2,4),(-0.0454623422208722,-0.021958514867959,
-0.00993560004377483,-2.87873405668826E-11),.UNSPECIFIED.);
#714=B_SPLINE_CURVE_WITH_KNOTS('',3,(#3913,#3914,#3915,#3916,#3917,#3918,
#3919,#3920),.UNSPECIFIED.,.F.,.F.,(4,2,2,4),(-0.0457463349054645,-0.0354804387028249,
-0.0229134630746079,-0.000442265551655493),.UNSPECIFIED.);
#715=B_SPLINE_CURVE_WITH_KNOTS('',3,(#3923,#3924,#3925,#3926,#3927,#3928,
#3929,#3930),.UNSPECIFIED.,.F.,.F.,(4,2,2,4),(-0.0457463349054543,-0.03548043870283,
-0.0229134630746384,-0.000442265551651849),.UNSPECIFIED.);
#716=B_SPLINE_CURVE_WITH_KNOTS('',3,(#4021,#4022,#4023,#4024,#4025,#4026),
 .UNSPECIFIED.,.F.,.F.,(4,2,4),(3.2051645163694E-5,0.00460810571760095,
0.00913466886487331),.UNSPECIFIED.);
#717=B_SPLINE_CURVE_WITH_KNOTS('',3,(#4027,#4028,#4029,#4030,#4031,#4032,
#4033,#4034,#4035,#4036),.UNSPECIFIED.,.F.,.F.,(4,2,2,2,4),(-0.121499151167428,
-0.089572636943175,-0.0595606127901341,-0.0299514261552424,-2.87873475057765E-11),
 .UNSPECIFIED.);
#718=B_SPLINE_CURVE_WITH_KNOTS('',3,(#4067,#4068,#4069,#4070,#4071,#4072,
#4073,#4074,#4075,#4076,#4077,#4078,#4079,#4080,#4081,#4082,#4083,#4084,
#4085,#4086,#4087,#4088,#4089,#4090,#4091,#4092,#4093,#4094,#4095,#4096,
#4097,#4098,#4099,#4100,#4101,#4102,#4103,#4104,#4105,#4106,#4107,#4108,
#4109,#4110,#4111,#4112,#4113,#4114,#4115),.UNSPECIFIED.,.F.,.F.,(4,3,3,
3,3,3,3,3,3,3,3,3,3,3,3,3,4),(-0.574133637512427,-0.567370097550634,-0.560687719795576,
-0.554032345682645,-0.547378239698725,-0.541328672980081,-0.532588912638703,
-0.523773656358834,-0.515038361365845,-0.508523708447735,-0.500177105933386,
-0.491854992322335,-0.483919985048476,-0.47734305497401,-0.470755735619971,
-0.464112433199468,-0.459316261649216),.UNSPECIFIED.);
#719=B_SPLINE_CURVE_WITH_KNOTS('',3,(#4138,#4139,#4140,#4141,#4142,#4143),
 .UNSPECIFIED.,.F.,.F.,(4,2,4),(0.,0.000366772502643284,0.000733545005400073),
 .UNSPECIFIED.);
#720=B_SPLINE_CURVE_WITH_KNOTS('',3,(#4175,#4176,#4177,#4178,#4179,#4180,
#4181,#4182,#4183,#4184,#4185,#4186,#4187,#4188,#4189,#4190,#4191,#4192,
#4193,#4194,#4195,#4196,#4197,#4198,#4199,#4200,#4201,#4202,#4203,#4204,
#4205,#4206,#4207,#4208,#4209,#4210,#4211,#4212,#4213,#4214,#4215,#4216,
#4217,#4218,#4219,#4220,#4221,#4222,#4223),.UNSPECIFIED.,.F.,.F.,(4,3,3,
3,3,3,3,3,3,3,3,3,3,3,3,3,4),(-0.229658130766717,-0.223138148192518,-0.216566902702981,
-0.21014102550098,-0.203497095867675,-0.196853166234371,-0.187634446136271,
-0.178174114736072,-0.168549093425291,-0.164048201702025,-0.151887408554625,
-0.147645719435852,-0.140555487589997,-0.133452271768806,-0.126331869506172,
-0.119149860980507,-0.114840754903507),.UNSPECIFIED.);
#721=B_SPLINE_CURVE_WITH_KNOTS('',3,(#4251,#4252,#4253,#4254,#4255,#4256,
#4257,#4258,#4259,#4260),.UNSPECIFIED.,.F.,.F.,(4,2,2,2,4),(-0.110266942125716,
-0.0830844298380696,-0.0562125180657076,-0.0289750098190978,0.),
 .UNSPECIFIED.);
#722=B_SPLINE_CURVE_WITH_KNOTS('',3,(#4261,#4262,#4263,#4264,#4265,#4266),
 .UNSPECIFIED.,.F.,.F.,(4,2,4),(0.,0.00452651353847558,0.00910251745979913),
 .UNSPECIFIED.);
#723=B_SPLINE_CURVE_WITH_KNOTS('',3,(#4283,#4284,#4285,#4286,#4287,#4288),
 .UNSPECIFIED.,.F.,.F.,(4,2,4),(0.,0.000366772502765451,0.000733545005665985),
 .UNSPECIFIED.);
#724=B_SPLINE_CURVE_WITH_KNOTS('',3,(#4329,#4330,#4331,#4332,#4333,#4334,
#4335,#4336,#4337,#4338,#4339,#4340,#4341,#4342,#4343,#4344,#4345,#4346,
#4347,#4348,#4349,#4350,#4351,#4352,#4353,#4354,#4355,#4356,#4357,#4358,
#4359,#4360,#4361,#4362,#4363,#4364,#4365,#4366,#4367,#4368,#4369,#4370,
#4371,#4372,#4373,#4374,#4375,#4376,#4377),.UNSPECIFIED.,.F.,.F.,(4,3,3,
3,3,3,3,3,3,3,3,3,3,3,3,3,4),(-0.574133637512426,-0.567370097550634,-0.560687719795575,
-0.554032345682646,-0.547378239698726,-0.541328672980081,-0.532588912638703,
-0.523773656358833,-0.515038361365844,-0.508523708447735,-0.500177105933386,
-0.491854992322334,-0.483919985048476,-0.477343054974011,-0.470755735619973,
-0.464112433199471,-0.459316261649216),.UNSPECIFIED.);
#725=B_SPLINE_CURVE_WITH_KNOTS('',3,(#4400,#4401,#4402,#4403,#4404,#4405),
 .UNSPECIFIED.,.F.,.F.,(4,2,4),(0.,0.000366772502640718,0.000733545005383579),
 .UNSPECIFIED.);
#726=B_SPLINE_CURVE_WITH_KNOTS('',3,(#4437,#4438,#4439,#4440,#4441,#4442,
#4443,#4444,#4445,#4446,#4447,#4448,#4449,#4450,#4451,#4452,#4453,#4454,
#4455,#4456,#4457,#4458,#4459,#4460,#4461,#4462,#4463,#4464,#4465,#4466,
#4467,#4468,#4469,#4470,#4471,#4472,#4473,#4474,#4475,#4476,#4477,#4478,
#4479,#4480,#4481,#4482,#4483,#4484,#4485),.UNSPECIFIED.,.F.,.F.,(4,3,3,
3,3,3,3,3,3,3,3,3,3,3,3,3,4),(-0.229658130766717,-0.223138148192517,-0.216566902702981,
-0.210141025500979,-0.203497095867675,-0.196853166234371,-0.187634446136267,
-0.178174114736062,-0.168549093425275,-0.164048201702025,-0.151887408554662,
-0.147645719435852,-0.140555487589993,-0.133452271768797,-0.126331869506158,
-0.11914986098049,-0.114840754903507),.UNSPECIFIED.);
#727=B_SPLINE_CURVE_WITH_KNOTS('',3,(#4505,#4506,#4507,#4508,#4509,#4510),
 .UNSPECIFIED.,.F.,.F.,(4,2,4),(0.,0.000366772502629928,0.000733545005121899),
 .UNSPECIFIED.);
#728=B_SPLINE_CURVE_WITH_KNOTS('',3,(#4551,#4552,#4553,#4554,#4555,#4556,
#4557,#4558,#4559,#4560,#4561,#4562,#4563,#4564,#4565,#4566,#4567,#4568,
#4569,#4570,#4571,#4572,#4573,#4574,#4575,#4576,#4577,#4578,#4579,#4580,
#4581,#4582,#4583,#4584,#4585,#4586,#4587,#4588,#4589,#4590,#4591,#4592,
#4593,#4594,#4595,#4596,#4597,#4598,#4599),.UNSPECIFIED.,.F.,.F.,(4,3,3,
3,3,3,3,3,3,3,3,3,3,3,3,3,4),(-0.574133637512425,-0.567370097550633,-0.560687719795575,
-0.554032345682646,-0.547378239698726,-0.541328672980081,-0.532588912638705,
-0.523773656358837,-0.515038361365851,-0.508523708447735,-0.500177105933385,
-0.491854992322333,-0.483919985048476,-0.477343054974011,-0.470755735619973,
-0.464112433199471,-0.459316261649216),.UNSPECIFIED.);
#729=B_SPLINE_CURVE_WITH_KNOTS('',3,(#4622,#4623,#4624,#4625,#4626,#4627),
 .UNSPECIFIED.,.F.,.F.,(4,2,4),(0.,0.000366772502640718,0.000733545005383578),
 .UNSPECIFIED.);
#730=B_SPLINE_CURVE_WITH_KNOTS('',3,(#4659,#4660,#4661,#4662,#4663,#4664,
#4665,#4666,#4667,#4668,#4669,#4670,#4671,#4672,#4673,#4674,#4675,#4676,
#4677,#4678,#4679,#4680,#4681,#4682,#4683,#4684,#4685,#4686,#4687,#4688,
#4689,#4690,#4691,#4692,#4693,#4694,#4695,#4696,#4697,#4698,#4699,#4700,
#4701,#4702,#4703,#4704,#4705,#4706,#4707),.UNSPECIFIED.,.F.,.F.,(4,3,3,
3,3,3,3,3,3,3,3,3,3,3,3,3,4),(-0.229658130766717,-0.223138148192519,-0.216566902702982,
-0.210141025500981,-0.203497095867676,-0.196853166234371,-0.187634446136274,
-0.178174114736079,-0.168549093425303,-0.164048201702025,-0.151887408554623,
-0.147645719435852,-0.140555487589992,-0.133452271768795,-0.126331869506156,
-0.119149860980486,-0.114840754903507),.UNSPECIFIED.);
#731=B_SPLINE_CURVE_WITH_KNOTS('',3,(#4727,#4728,#4729,#4730,#4731,#4732),
 .UNSPECIFIED.,.F.,.F.,(4,2,4),(0.,0.000366772502632521,0.000733545005135124),
 .UNSPECIFIED.);
#732=B_SPLINE_CURVE_WITH_KNOTS('',3,(#4797,#4798,#4799,#4800,#4801,#4802),
 .UNSPECIFIED.,.F.,.F.,(4,2,4),(3.20516451623599E-5,0.0046081057175686,
0.00913466886488038),.UNSPECIFIED.);
#733=B_SPLINE_CURVE_WITH_KNOTS('',3,(#4803,#4804,#4805,#4806,#4807,#4808,
#4809,#4810,#4811,#4812),.UNSPECIFIED.,.F.,.F.,(4,2,2,2,4),(-0.121499151167399,
-0.0895726369431594,-0.0595606127901195,-0.0299514261552328,-2.8783919692188E-11),
 .UNSPECIFIED.);
#734=B_SPLINE_CURVE_WITH_KNOTS('',3,(#4843,#4844,#4845,#4846,#4847,#4848,
#4849,#4850,#4851,#4852,#4853,#4854,#4855,#4856,#4857,#4858,#4859,#4860,
#4861,#4862,#4863,#4864,#4865,#4866,#4867,#4868,#4869,#4870,#4871,#4872,
#4873,#4874,#4875,#4876,#4877,#4878,#4879,#4880,#4881,#4882,#4883,#4884,
#4885,#4886,#4887,#4888,#4889,#4890,#4891),.UNSPECIFIED.,.F.,.F.,(4,3,3,
3,3,3,3,3,3,3,3,3,3,3,3,3,4),(-0.574133637512426,-0.566938590627267,-0.559812437487724,
-0.552712182554244,-0.545620026184714,-0.541328672980081,-0.529167879832501,
-0.524926190713908,-0.515298747344466,-0.505778380259225,-0.496620026128424,
-0.492121226181562,-0.485683989700905,-0.479092057687983,-0.472656169483219,
-0.465986215566218,-0.459316261649217),.UNSPECIFIED.);
#735=B_SPLINE_CURVE_WITH_KNOTS('',3,(#4914,#4915,#4916,#4917,#4918,#4919),
 .UNSPECIFIED.,.F.,.F.,(4,2,4),(0.,0.000366772502354371,0.000733545004952979),
 .UNSPECIFIED.);
#736=B_SPLINE_CURVE_WITH_KNOTS('',3,(#4951,#4952,#4953,#4954,#4955,#4956,
#4957,#4958,#4959,#4960,#4961,#4962,#4963,#4964,#4965,#4966,#4967,#4968,
#4969,#4970,#4971,#4972,#4973,#4974,#4975,#4976,#4977,#4978,#4979,#4980,
#4981,#4982,#4983,#4984,#4985,#4986,#4987,#4988,#4989,#4990,#4991,#4992,
#4993,#4994,#4995,#4996,#4997,#4998,#4999),.UNSPECIFIED.,.F.,.F.,(4,3,3,
3,3,3,3,3,3,3,3,3,3,3,3,3,4),(-0.229658130766717,-0.223138148192519,-0.216566902702982,
-0.210141025500981,-0.203497095867676,-0.196853166234371,-0.187634446136274,
-0.178174114736079,-0.168549093425303,-0.164048201702025,-0.151887408554623,
-0.147645719435852,-0.140555487589992,-0.133452271768795,-0.126331869506156,
-0.119149860980486,-0.114840754903507),.UNSPECIFIED.);
#737=B_SPLINE_CURVE_WITH_KNOTS('',3,(#5027,#5028,#5029,#5030,#5031,#5032,
#5033,#5034,#5035,#5036),.UNSPECIFIED.,.F.,.F.,(4,2,2,2,4),(-0.1102669421229,
-0.0830844298360491,-0.0562125180644726,-0.0289750098186564,0.),
 .UNSPECIFIED.);
#738=B_SPLINE_CURVE_WITH_KNOTS('',3,(#5037,#5038,#5039,#5040,#5041,#5042),
 .UNSPECIFIED.,.F.,.F.,(4,2,4),(0.,0.0045265135384925,0.00910251745978395),
 .UNSPECIFIED.);
#739=B_SPLINE_CURVE_WITH_KNOTS('',3,(#5059,#5060,#5061,#5062,#5063,#5064),
 .UNSPECIFIED.,.F.,.F.,(4,2,4),(0.,0.000366772502632521,0.000733545005135124),
 .UNSPECIFIED.);
#740=CIRCLE('',#2126,23.99608128638);
#741=CIRCLE('',#2127,23.99608128638);
#742=CIRCLE('',#2128,21.9989338520179);
#743=CIRCLE('',#2129,21.9992597910801);
#744=CIRCLE('',#2131,21.48625979108);
#745=CIRCLE('',#2132,21.99925979108);
#746=CIRCLE('',#2133,21.99925979108);
#747=CIRCLE('',#2135,21.99925979108);
#748=CIRCLE('',#2136,21.99925979108);
#749=CIRCLE('',#2137,21.99925979108);
#750=CIRCLE('',#2138,21.99925979108);
#751=CIRCLE('',#2139,21.99925979108);
#752=CIRCLE('',#2140,21.99925979108);
#753=CIRCLE('',#2141,21.99925979108);
#754=CIRCLE('',#2142,21.99925979108);
#755=CIRCLE('',#2144,21.99925979108);
#756=CIRCLE('',#2147,22.99601175998);
#757=CIRCLE('',#2148,22.99601175998);
#758=CIRCLE('',#2151,22.99601175998);
#759=CIRCLE('',#2152,22.99601175998);
#760=CIRCLE('',#2155,22.99601175998);
#761=CIRCLE('',#2156,22.99601175998);
#762=CIRCLE('',#2159,22.99601175998);
#763=CIRCLE('',#2160,22.99601175998);
#764=CIRCLE('',#2162,23.49608128638);
#765=CIRCLE('',#2163,23.99608128638);
#766=CIRCLE('',#2165,23.3834500289024);
#767=CIRCLE('',#2169,19.45925979108);
#768=CIRCLE('',#2171,23.99608128638);
#769=CIRCLE('',#2173,22.9923669936776);
#770=CIRCLE('',#2174,22.99601175998);
#771=CIRCLE('',#2175,22.9923669936776);
#772=CIRCLE('',#2176,22.99601175998);
#773=CIRCLE('',#2177,22.9923669936776);
#774=CIRCLE('',#2178,22.99601175998);
#775=CIRCLE('',#2179,22.9923669936776);
#776=CIRCLE('',#2180,22.99601175998);
#777=CIRCLE('',#2181,22.9923669936776);
#778=CIRCLE('',#2183,22.6012839584529);
#779=CIRCLE('',#2185,22.6012839584528);
#780=CIRCLE('',#2187,22.6012839584528);
#781=CIRCLE('',#2189,22.6012839584528);
#782=CIRCLE('',#2191,22.99601175998);
#783=CIRCLE('',#2193,22.99601175998);
#784=CIRCLE('',#2199,22.9954054246886);
#785=CIRCLE('',#2200,22.5079764245886);
#786=CIRCLE('',#2202,22.5079764245886);
#787=CIRCLE('',#2204,22.9954054246887);
#788=CIRCLE('',#2206,22.9954054246886);
#789=CIRCLE('',#2207,22.5079764245886);
#790=CIRCLE('',#2209,22.5079764245886);
#791=CIRCLE('',#2211,22.9954054246887);
#792=CIRCLE('',#2213,22.9954054246886);
#793=CIRCLE('',#2214,22.5079764245886);
#794=CIRCLE('',#2216,22.5079764245886);
#795=CIRCLE('',#2218,22.9954054246887);
#796=CIRCLE('',#2220,22.99601175998);
#797=CIRCLE('',#2227,22.48599446308);
#798=CIRCLE('',#2235,22.48599446308);
#799=CIRCLE('',#2243,22.48599446308);
#800=CIRCLE('',#2258,22.9954054246886);
#801=CIRCLE('',#2259,22.5079764245886);
#802=CIRCLE('',#2261,22.5079764245886);
#803=CIRCLE('',#2263,22.9954054246887);
#804=CIRCLE('',#2265,22.99601175998);
#805=CIRCLE('',#2268,22.48599446308);
#806=CIRCLE('',#2279,23.24836350448);
#807=CIRCLE('',#2281,21.18645979108);
#808=CIRCLE('',#2283,19.45925979108);
#809=VERTEX_POINT('',#2776);
#810=VERTEX_POINT('',#2777);
#811=VERTEX_POINT('',#2779);
#812=VERTEX_POINT('',#2817);
#813=VERTEX_POINT('',#2818);
#814=VERTEX_POINT('',#2820);
#815=VERTEX_POINT('',#2862);
#816=VERTEX_POINT('',#2863);
#817=VERTEX_POINT('',#2889);
#818=VERTEX_POINT('',#2891);
#819=VERTEX_POINT('',#2906);
#820=VERTEX_POINT('',#2908);
#821=VERTEX_POINT('',#2912);
#822=VERTEX_POINT('',#2914);
#823=VERTEX_POINT('',#2919);
#824=VERTEX_POINT('',#2921);
#825=VERTEX_POINT('',#2923);
#826=VERTEX_POINT('',#2934);
#827=VERTEX_POINT('',#2936);
#828=VERTEX_POINT('',#2947);
#829=VERTEX_POINT('',#2949);
#830=VERTEX_POINT('',#2960);
#831=VERTEX_POINT('',#2962);
#832=VERTEX_POINT('',#2973);
#833=VERTEX_POINT('',#2975);
#834=VERTEX_POINT('',#2986);
#835=VERTEX_POINT('',#2988);
#836=VERTEX_POINT('',#2999);
#837=VERTEX_POINT('',#3001);
#838=VERTEX_POINT('',#3012);
#839=VERTEX_POINT('',#3014);
#840=VERTEX_POINT('',#3025);
#841=VERTEX_POINT('',#3027);
#842=VERTEX_POINT('',#3038);
#843=VERTEX_POINT('',#3040);
#844=VERTEX_POINT('',#3051);
#845=VERTEX_POINT('',#3053);
#846=VERTEX_POINT('',#3064);
#847=VERTEX_POINT('',#3066);
#848=VERTEX_POINT('',#3077);
#849=VERTEX_POINT('',#3079);
#850=VERTEX_POINT('',#3090);
#851=VERTEX_POINT('',#3092);
#852=VERTEX_POINT('',#3103);
#853=VERTEX_POINT('',#3105);
#854=VERTEX_POINT('',#3107);
#855=VERTEX_POINT('',#3109);
#856=VERTEX_POINT('',#3111);
#857=VERTEX_POINT('',#3124);
#858=VERTEX_POINT('',#3125);
#859=VERTEX_POINT('',#3127);
#860=VERTEX_POINT('',#3131);
#861=VERTEX_POINT('',#3133);
#862=VERTEX_POINT('',#3137);
#863=VERTEX_POINT('',#3139);
#864=VERTEX_POINT('',#3141);
#865=VERTEX_POINT('',#3143);
#866=VERTEX_POINT('',#3145);
#867=VERTEX_POINT('',#3149);
#868=VERTEX_POINT('',#3151);
#869=VERTEX_POINT('',#3153);
#870=VERTEX_POINT('',#3164);
#871=VERTEX_POINT('',#3166);
#872=VERTEX_POINT('',#3168);
#873=VERTEX_POINT('',#3183);
#874=VERTEX_POINT('',#3184);
#875=VERTEX_POINT('',#3186);
#876=VERTEX_POINT('',#3190);
#877=VERTEX_POINT('',#3192);
#878=VERTEX_POINT('',#3196);
#879=VERTEX_POINT('',#3198);
#880=VERTEX_POINT('',#3200);
#881=VERTEX_POINT('',#3202);
#882=VERTEX_POINT('',#3204);
#883=VERTEX_POINT('',#3208);
#884=VERTEX_POINT('',#3210);
#885=VERTEX_POINT('',#3212);
#886=VERTEX_POINT('',#3223);
#887=VERTEX_POINT('',#3225);
#888=VERTEX_POINT('',#3227);
#889=VERTEX_POINT('',#3242);
#890=VERTEX_POINT('',#3243);
#891=VERTEX_POINT('',#3245);
#892=VERTEX_POINT('',#3249);
#893=VERTEX_POINT('',#3251);
#894=VERTEX_POINT('',#3255);
#895=VERTEX_POINT('',#3257);
#896=VERTEX_POINT('',#3259);
#897=VERTEX_POINT('',#3261);
#898=VERTEX_POINT('',#3263);
#899=VERTEX_POINT('',#3267);
#900=VERTEX_POINT('',#3269);
#901=VERTEX_POINT('',#3271);
#902=VERTEX_POINT('',#3282);
#903=VERTEX_POINT('',#3284);
#904=VERTEX_POINT('',#3286);
#905=VERTEX_POINT('',#3301);
#906=VERTEX_POINT('',#3302);
#907=VERTEX_POINT('',#3304);
#908=VERTEX_POINT('',#3308);
#909=VERTEX_POINT('',#3310);
#910=VERTEX_POINT('',#3314);
#911=VERTEX_POINT('',#3316);
#912=VERTEX_POINT('',#3318);
#913=VERTEX_POINT('',#3320);
#914=VERTEX_POINT('',#3322);
#915=VERTEX_POINT('',#3326);
#916=VERTEX_POINT('',#3328);
#917=VERTEX_POINT('',#3330);
#918=VERTEX_POINT('',#3341);
#919=VERTEX_POINT('',#3343);
#920=VERTEX_POINT('',#3345);
#921=VERTEX_POINT('',#3358);
#922=VERTEX_POINT('',#3360);
#923=VERTEX_POINT('',#3364);
#924=VERTEX_POINT('',#3367);
#925=VERTEX_POINT('',#3368);
#926=VERTEX_POINT('',#3370);
#927=VERTEX_POINT('',#3375);
#928=VERTEX_POINT('',#3385);
#929=VERTEX_POINT('',#3388);
#930=VERTEX_POINT('',#3392);
#931=VERTEX_POINT('',#3394);
#932=VERTEX_POINT('',#3396);
#933=VERTEX_POINT('',#3403);
#934=VERTEX_POINT('',#3405);
#935=VERTEX_POINT('',#3412);
#936=VERTEX_POINT('',#3414);
#937=VERTEX_POINT('',#3421);
#938=VERTEX_POINT('',#3423);
#939=VERTEX_POINT('',#3430);
#940=VERTEX_POINT('',#3432);
#941=VERTEX_POINT('',#3439);
#942=VERTEX_POINT('',#3441);
#943=VERTEX_POINT('',#3448);
#944=VERTEX_POINT('',#3450);
#945=VERTEX_POINT('',#3457);
#946=VERTEX_POINT('',#3459);
#947=VERTEX_POINT('',#3468);
#948=VERTEX_POINT('',#3485);
#949=VERTEX_POINT('',#3494);
#950=VERTEX_POINT('',#3499);
#951=VERTEX_POINT('',#3510);
#952=VERTEX_POINT('',#3519);
#953=VERTEX_POINT('',#3524);
#954=VERTEX_POINT('',#3526);
#955=VERTEX_POINT('',#3540);
#956=VERTEX_POINT('',#3549);
#957=VERTEX_POINT('',#3558);
#958=VERTEX_POINT('',#3602);
#959=VERTEX_POINT('',#3661);
#960=VERTEX_POINT('',#3663);
#961=VERTEX_POINT('',#3699);
#962=VERTEX_POINT('',#3708);
#963=VERTEX_POINT('',#3788);
#964=VERTEX_POINT('',#3790);
#965=VERTEX_POINT('',#3826);
#966=VERTEX_POINT('',#3835);
#967=VERTEX_POINT('',#3889);
#968=VERTEX_POINT('',#3901);
#969=VERTEX_POINT('',#3911);
#970=VERTEX_POINT('',#3922);
#971=VERTEX_POINT('',#3934);
#972=VERTEX_POINT('',#3936);
#973=VERTEX_POINT('',#3942);
#974=VERTEX_POINT('',#3946);
#975=VERTEX_POINT('',#3952);
#976=VERTEX_POINT('',#3954);
#977=VERTEX_POINT('',#3960);
#978=VERTEX_POINT('',#3964);
#979=VERTEX_POINT('',#3970);
#980=VERTEX_POINT('',#3972);
#981=VERTEX_POINT('',#3978);
#982=VERTEX_POINT('',#3982);
#983=VERTEX_POINT('',#3988);
#984=VERTEX_POINT('',#4065);
#985=VERTEX_POINT('',#4117);
#986=VERTEX_POINT('',#4119);
#987=VERTEX_POINT('',#4172);
#988=VERTEX_POINT('',#4174);
#989=VERTEX_POINT('',#4226);
#990=VERTEX_POINT('',#4228);
#991=VERTEX_POINT('',#4327);
#992=VERTEX_POINT('',#4379);
#993=VERTEX_POINT('',#4381);
#994=VERTEX_POINT('',#4434);
#995=VERTEX_POINT('',#4436);
#996=VERTEX_POINT('',#4549);
#997=VERTEX_POINT('',#4601);
#998=VERTEX_POINT('',#4603);
#999=VERTEX_POINT('',#4656);
#1000=VERTEX_POINT('',#4658);
#1001=VERTEX_POINT('',#4754);
#1002=VERTEX_POINT('',#4756);
#1003=VERTEX_POINT('',#4762);
#1004=VERTEX_POINT('',#4766);
#1005=VERTEX_POINT('',#4772);
#1006=VERTEX_POINT('',#4841);
#1007=VERTEX_POINT('',#4893);
#1008=VERTEX_POINT('',#4895);
#1009=VERTEX_POINT('',#4948);
#1010=VERTEX_POINT('',#4950);
#1011=VERTEX_POINT('',#5002);
#1012=VERTEX_POINT('',#5004);
#1013=VERTEX_POINT('',#5080);
#1014=VERTEX_POINT('',#5084);
#1015=VERTEX_POINT('',#5087);
#1016=EDGE_CURVE('',#809,#810,#740,.T.);
#1017=EDGE_CURVE('',#809,#811,#653,.T.);
#1018=EDGE_CURVE('',#811,#810,#365,.T.);
#1019=EDGE_CURVE('',#812,#813,#741,.T.);
#1020=EDGE_CURVE('',#814,#812,#366,.T.);
#1021=EDGE_CURVE('',#814,#813,#654,.T.);
#1022=EDGE_CURVE('',#815,#816,#655,.T.);
#1023=EDGE_CURVE('',#817,#815,#367,.T.);
#1024=EDGE_CURVE('',#817,#818,#742,.T.);
#1025=EDGE_CURVE('',#816,#818,#368,.T.);
#1026=EDGE_CURVE('',#819,#817,#369,.T.);
#1027=EDGE_CURVE('',#819,#820,#743,.T.);
#1028=EDGE_CURVE('',#818,#820,#370,.T.);
#1029=EDGE_CURVE('',#821,#821,#744,.T.);
#1030=EDGE_CURVE('',#821,#822,#371,.T.);
#1031=EDGE_CURVE('',#822,#817,#745,.T.);
#1032=EDGE_CURVE('',#818,#822,#746,.T.);
#1033=EDGE_CURVE('',#822,#823,#372,.T.);
#1034=EDGE_CURVE('',#824,#823,#747,.T.);
#1035=EDGE_CURVE('',#825,#824,#656,.T.);
#1036=EDGE_CURVE('',#826,#825,#373,.T.);
#1037=EDGE_CURVE('',#827,#826,#657,.T.);
#1038=EDGE_CURVE('',#828,#827,#748,.T.);
#1039=EDGE_CURVE('',#829,#828,#658,.T.);
#1040=EDGE_CURVE('',#829,#830,#374,.F.);
#1041=EDGE_CURVE('',#831,#830,#659,.T.);
#1042=EDGE_CURVE('',#832,#831,#749,.T.);
#1043=EDGE_CURVE('',#833,#832,#660,.T.);
#1044=EDGE_CURVE('',#834,#833,#375,.T.);
#1045=EDGE_CURVE('',#835,#834,#661,.T.);
#1046=EDGE_CURVE('',#836,#835,#750,.T.);
#1047=EDGE_CURVE('',#837,#836,#662,.T.);
#1048=EDGE_CURVE('',#837,#838,#376,.F.);
#1049=EDGE_CURVE('',#839,#838,#663,.T.);
#1050=EDGE_CURVE('',#840,#839,#751,.T.);
#1051=EDGE_CURVE('',#841,#840,#664,.T.);
#1052=EDGE_CURVE('',#842,#841,#377,.T.);
#1053=EDGE_CURVE('',#843,#842,#665,.T.);
#1054=EDGE_CURVE('',#844,#843,#752,.T.);
#1055=EDGE_CURVE('',#845,#844,#666,.T.);
#1056=EDGE_CURVE('',#845,#846,#378,.F.);
#1057=EDGE_CURVE('',#847,#846,#667,.T.);
#1058=EDGE_CURVE('',#848,#847,#753,.T.);
#1059=EDGE_CURVE('',#849,#848,#668,.T.);
#1060=EDGE_CURVE('',#850,#849,#379,.T.);
#1061=EDGE_CURVE('',#851,#850,#669,.T.);
#1062=EDGE_CURVE('',#852,#851,#754,.T.);
#1063=EDGE_CURVE('',#852,#853,#380,.T.);
#1064=EDGE_CURVE('',#854,#853,#72,.T.);
#1065=EDGE_CURVE('',#854,#855,#381,.F.);
#1066=EDGE_CURVE('',#856,#855,#670,.T.);
#1067=EDGE_CURVE('',#823,#856,#755,.T.);
#1068=EDGE_CURVE('',#857,#858,#382,.T.);
#1069=EDGE_CURVE('',#858,#859,#20,.T.);
#1070=EDGE_CURVE('',#859,#860,#383,.T.);
#1071=EDGE_CURVE('',#860,#861,#21,.T.);
#1072=EDGE_CURVE('',#861,#862,#384,.T.);
#1073=EDGE_CURVE('',#862,#863,#385,.T.);
#1074=EDGE_CURVE('',#863,#864,#386,.T.);
#1075=EDGE_CURVE('',#864,#865,#387,.T.);
#1076=EDGE_CURVE('',#866,#865,#388,.T.);
#1077=EDGE_CURVE('',#866,#857,#389,.T.);
#1078=EDGE_CURVE('',#862,#867,#756,.T.);
#1079=EDGE_CURVE('',#868,#867,#390,.T.);
#1080=EDGE_CURVE('',#869,#868,#671,.T.);
#1081=EDGE_CURVE('',#870,#869,#391,.T.);
#1082=EDGE_CURVE('',#871,#870,#757,.T.);
#1083=EDGE_CURVE('',#872,#871,#392,.T.);
#1084=EDGE_CURVE('',#863,#872,#672,.T.);
#1085=EDGE_CURVE('',#873,#874,#393,.T.);
#1086=EDGE_CURVE('',#874,#875,#22,.T.);
#1087=EDGE_CURVE('',#875,#876,#394,.T.);
#1088=EDGE_CURVE('',#876,#877,#23,.T.);
#1089=EDGE_CURVE('',#877,#878,#395,.T.);
#1090=EDGE_CURVE('',#878,#879,#396,.T.);
#1091=EDGE_CURVE('',#879,#880,#397,.T.);
#1092=EDGE_CURVE('',#880,#881,#398,.T.);
#1093=EDGE_CURVE('',#882,#881,#399,.T.);
#1094=EDGE_CURVE('',#882,#873,#400,.T.);
#1095=EDGE_CURVE('',#878,#883,#758,.T.);
#1096=EDGE_CURVE('',#884,#883,#401,.T.);
#1097=EDGE_CURVE('',#885,#884,#673,.T.);
#1098=EDGE_CURVE('',#886,#885,#402,.T.);
#1099=EDGE_CURVE('',#887,#886,#759,.T.);
#1100=EDGE_CURVE('',#888,#887,#403,.T.);
#1101=EDGE_CURVE('',#879,#888,#674,.T.);
#1102=EDGE_CURVE('',#889,#890,#404,.T.);
#1103=EDGE_CURVE('',#890,#891,#24,.T.);
#1104=EDGE_CURVE('',#891,#892,#405,.T.);
#1105=EDGE_CURVE('',#892,#893,#25,.T.);
#1106=EDGE_CURVE('',#893,#894,#406,.T.);
#1107=EDGE_CURVE('',#894,#895,#407,.T.);
#1108=EDGE_CURVE('',#895,#896,#408,.T.);
#1109=EDGE_CURVE('',#896,#897,#409,.T.);
#1110=EDGE_CURVE('',#898,#897,#410,.T.);
#1111=EDGE_CURVE('',#898,#889,#411,.T.);
#1112=EDGE_CURVE('',#894,#899,#760,.T.);
#1113=EDGE_CURVE('',#900,#899,#412,.T.);
#1114=EDGE_CURVE('',#901,#900,#675,.T.);
#1115=EDGE_CURVE('',#902,#901,#413,.T.);
#1116=EDGE_CURVE('',#903,#902,#761,.T.);
#1117=EDGE_CURVE('',#904,#903,#414,.T.);
#1118=EDGE_CURVE('',#895,#904,#676,.T.);
#1119=EDGE_CURVE('',#905,#906,#415,.T.);
#1120=EDGE_CURVE('',#906,#907,#26,.T.);
#1121=EDGE_CURVE('',#907,#908,#416,.T.);
#1122=EDGE_CURVE('',#908,#909,#27,.T.);
#1123=EDGE_CURVE('',#909,#910,#417,.T.);
#1124=EDGE_CURVE('',#910,#911,#418,.T.);
#1125=EDGE_CURVE('',#911,#912,#419,.T.);
#1126=EDGE_CURVE('',#912,#913,#420,.T.);
#1127=EDGE_CURVE('',#914,#913,#421,.T.);
#1128=EDGE_CURVE('',#914,#905,#422,.T.);
#1129=EDGE_CURVE('',#910,#915,#762,.T.);
#1130=EDGE_CURVE('',#916,#915,#423,.T.);
#1131=EDGE_CURVE('',#917,#916,#677,.T.);
#1132=EDGE_CURVE('',#918,#917,#424,.T.);
#1133=EDGE_CURVE('',#919,#918,#763,.T.);
#1134=EDGE_CURVE('',#920,#919,#425,.T.);
#1135=EDGE_CURVE('',#911,#920,#678,.T.);
#1136=EDGE_CURVE('',#921,#921,#764,.T.);
#1137=EDGE_CURVE('',#921,#922,#426,.T.);
#1138=EDGE_CURVE('',#922,#922,#765,.T.);
#1139=EDGE_CURVE('',#923,#923,#766,.T.);
#1140=EDGE_CURVE('',#924,#925,#427,.T.);
#1141=EDGE_CURVE('',#926,#925,#679,.T.);
#1142=EDGE_CURVE('',#927,#926,#680,.T.);
#1143=EDGE_CURVE('',#853,#927,#73,.T.);
#1144=EDGE_CURVE('',#852,#924,#428,.T.);
#1145=EDGE_CURVE('',#928,#928,#767,.T.);
#1146=EDGE_CURVE('',#929,#929,#768,.T.);
#1147=EDGE_CURVE('',#929,#922,#429,.T.);
#1148=EDGE_CURVE('',#923,#930,#430,.T.);
#1149=EDGE_CURVE('',#931,#930,#769,.T.);
#1150=EDGE_CURVE('',#932,#931,#681,.T.);
#1151=EDGE_CURVE('',#933,#932,#770,.T.);
#1152=EDGE_CURVE('',#934,#933,#682,.T.);
#1153=EDGE_CURVE('',#934,#935,#771,.T.);
#1154=EDGE_CURVE('',#936,#935,#683,.T.);
#1155=EDGE_CURVE('',#937,#936,#772,.T.);
#1156=EDGE_CURVE('',#938,#937,#684,.T.);
#1157=EDGE_CURVE('',#938,#939,#773,.T.);
#1158=EDGE_CURVE('',#940,#939,#685,.T.);
#1159=EDGE_CURVE('',#941,#940,#774,.T.);
#1160=EDGE_CURVE('',#942,#941,#686,.T.);
#1161=EDGE_CURVE('',#942,#943,#775,.T.);
#1162=EDGE_CURVE('',#944,#943,#687,.T.);
#1163=EDGE_CURVE('',#945,#944,#776,.T.);
#1164=EDGE_CURVE('',#946,#945,#688,.T.);
#1165=EDGE_CURVE('',#930,#946,#777,.T.);
#1166=EDGE_CURVE('',#947,#924,#778,.T.);
#1167=EDGE_CURVE('',#931,#947,#689,.T.);
#1168=EDGE_CURVE('',#925,#946,#690,.T.);
#1169=EDGE_CURVE('',#948,#942,#691,.T.);
#1170=EDGE_CURVE('',#949,#948,#692,.T.);
#1171=EDGE_CURVE('',#950,#949,#779,.T.);
#1172=EDGE_CURVE('',#943,#950,#693,.T.);
#1173=EDGE_CURVE('',#951,#938,#694,.T.);
#1174=EDGE_CURVE('',#952,#951,#695,.T.);
#1175=EDGE_CURVE('',#953,#952,#780,.T.);
#1176=EDGE_CURVE('',#954,#953,#696,.T.);
#1177=EDGE_CURVE('',#939,#954,#697,.T.);
#1178=EDGE_CURVE('',#935,#955,#698,.T.);
#1179=EDGE_CURVE('',#956,#934,#699,.T.);
#1180=EDGE_CURVE('',#957,#956,#781,.T.);
#1181=EDGE_CURVE('',#955,#957,#700,.T.);
#1182=EDGE_CURVE('',#933,#882,#701,.T.);
#1183=EDGE_CURVE('',#881,#958,#702,.T.);
#1184=EDGE_CURVE('',#958,#956,#703,.F.);
#1185=EDGE_CURVE('',#959,#873,#782,.T.);
#1186=EDGE_CURVE('',#960,#932,#704,.T.);
#1187=EDGE_CURVE('',#959,#960,#431,.T.);
#1188=EDGE_CURVE('',#947,#961,#705,.F.);
#1189=EDGE_CURVE('',#961,#962,#706,.T.);
#1190=EDGE_CURVE('',#960,#962,#432,.T.);
#1191=EDGE_CURVE('',#945,#898,#707,.T.);
#1192=EDGE_CURVE('',#897,#927,#708,.T.);
#1193=EDGE_CURVE('',#963,#889,#783,.T.);
#1194=EDGE_CURVE('',#964,#944,#709,.T.);
#1195=EDGE_CURVE('',#963,#964,#433,.T.);
#1196=EDGE_CURVE('',#950,#965,#710,.F.);
#1197=EDGE_CURVE('',#965,#966,#711,.T.);
#1198=EDGE_CURVE('',#964,#966,#434,.T.);
#1199=EDGE_CURVE('',#961,#851,#435,.T.);
#1200=EDGE_CURVE('',#967,#949,#712,.F.);
#1201=EDGE_CURVE('',#828,#967,#436,.T.);
#1202=EDGE_CURVE('',#965,#827,#437,.T.);
#1203=EDGE_CURVE('',#968,#952,#713,.F.);
#1204=EDGE_CURVE('',#836,#968,#438,.T.);
#1205=EDGE_CURVE('',#969,#835,#439,.T.);
#1206=EDGE_CURVE('',#953,#969,#714,.F.);
#1207=EDGE_CURVE('',#957,#970,#715,.F.);
#1208=EDGE_CURVE('',#844,#958,#440,.T.);
#1209=EDGE_CURVE('',#970,#843,#441,.T.);
#1210=EDGE_CURVE('',#971,#861,#784,.T.);
#1211=EDGE_CURVE('',#860,#972,#785,.T.);
#1212=EDGE_CURVE('',#971,#972,#28,.T.);
#1213=EDGE_CURVE('',#859,#973,#786,.T.);
#1214=EDGE_CURVE('',#972,#973,#442,.T.);
#1215=EDGE_CURVE('',#858,#974,#787,.T.);
#1216=EDGE_CURVE('',#973,#974,#29,.T.);
#1217=EDGE_CURVE('',#975,#877,#788,.T.);
#1218=EDGE_CURVE('',#876,#976,#789,.T.);
#1219=EDGE_CURVE('',#975,#976,#30,.T.);
#1220=EDGE_CURVE('',#875,#977,#790,.T.);
#1221=EDGE_CURVE('',#976,#977,#443,.T.);
#1222=EDGE_CURVE('',#874,#978,#791,.T.);
#1223=EDGE_CURVE('',#977,#978,#31,.T.);
#1224=EDGE_CURVE('',#979,#893,#792,.T.);
#1225=EDGE_CURVE('',#892,#980,#793,.T.);
#1226=EDGE_CURVE('',#979,#980,#32,.T.);
#1227=EDGE_CURVE('',#891,#981,#794,.T.);
#1228=EDGE_CURVE('',#980,#981,#444,.T.);
#1229=EDGE_CURVE('',#890,#982,#795,.T.);
#1230=EDGE_CURVE('',#981,#982,#33,.T.);
#1231=EDGE_CURVE('',#983,#857,#796,.T.);
#1232=EDGE_CURVE('',#974,#983,#445,.T.);
#1233=EDGE_CURVE('',#867,#971,#446,.T.);
#1234=EDGE_CURVE('',#978,#959,#447,.T.);
#1235=EDGE_CURVE('',#883,#975,#448,.T.);
#1236=EDGE_CURVE('',#982,#963,#449,.T.);
#1237=EDGE_CURVE('',#899,#979,#450,.T.);
#1238=EDGE_CURVE('',#937,#866,#716,.T.);
#1239=EDGE_CURVE('',#865,#968,#717,.T.);
#1240=EDGE_CURVE('',#872,#984,#451,.T.);
#1241=EDGE_CURVE('',#984,#864,#718,.T.);
#1242=EDGE_CURVE('',#985,#871,#452,.T.);
#1243=EDGE_CURVE('',#870,#986,#453,.T.);
#1244=EDGE_CURVE('',#986,#985,#797,.T.);
#1245=EDGE_CURVE('',#985,#984,#719,.T.);
#1246=EDGE_CURVE('',#868,#987,#454,.T.);
#1247=EDGE_CURVE('',#987,#988,#720,.T.);
#1248=EDGE_CURVE('',#988,#869,#455,.T.);
#1249=EDGE_CURVE('',#983,#989,#456,.T.);
#1250=EDGE_CURVE('',#989,#990,#457,.T.);
#1251=EDGE_CURVE('',#990,#987,#458,.T.);
#1252=EDGE_CURVE('',#970,#990,#721,.T.);
#1253=EDGE_CURVE('',#989,#936,#722,.T.);
#1254=EDGE_CURVE('',#988,#986,#723,.T.);
#1255=EDGE_CURVE('',#985,#839,#459,.T.);
#1256=EDGE_CURVE('',#838,#864,#460,.T.);
#1257=EDGE_CURVE('',#840,#986,#461,.T.);
#1258=EDGE_CURVE('',#987,#841,#462,.T.);
#1259=EDGE_CURVE('',#842,#990,#463,.T.);
#1260=EDGE_CURVE('',#888,#991,#464,.T.);
#1261=EDGE_CURVE('',#991,#880,#724,.T.);
#1262=EDGE_CURVE('',#992,#887,#465,.T.);
#1263=EDGE_CURVE('',#886,#993,#466,.T.);
#1264=EDGE_CURVE('',#993,#992,#798,.T.);
#1265=EDGE_CURVE('',#992,#991,#725,.T.);
#1266=EDGE_CURVE('',#884,#994,#467,.T.);
#1267=EDGE_CURVE('',#994,#995,#726,.T.);
#1268=EDGE_CURVE('',#995,#885,#468,.T.);
#1269=EDGE_CURVE('',#962,#994,#469,.T.);
#1270=EDGE_CURVE('',#995,#993,#727,.T.);
#1271=EDGE_CURVE('',#992,#847,#470,.T.);
#1272=EDGE_CURVE('',#846,#880,#471,.T.);
#1273=EDGE_CURVE('',#848,#993,#472,.T.);
#1274=EDGE_CURVE('',#994,#849,#473,.T.);
#1275=EDGE_CURVE('',#850,#962,#474,.T.);
#1276=EDGE_CURVE('',#904,#996,#475,.T.);
#1277=EDGE_CURVE('',#996,#896,#728,.T.);
#1278=EDGE_CURVE('',#997,#903,#476,.T.);
#1279=EDGE_CURVE('',#902,#998,#477,.T.);
#1280=EDGE_CURVE('',#998,#997,#799,.T.);
#1281=EDGE_CURVE('',#997,#996,#729,.T.);
#1282=EDGE_CURVE('',#900,#999,#478,.T.);
#1283=EDGE_CURVE('',#999,#1000,#730,.T.);
#1284=EDGE_CURVE('',#1000,#901,#479,.T.);
#1285=EDGE_CURVE('',#966,#999,#480,.T.);
#1286=EDGE_CURVE('',#1000,#998,#731,.T.);
#1287=EDGE_CURVE('',#997,#856,#481,.T.);
#1288=EDGE_CURVE('',#855,#896,#482,.T.);
#1289=EDGE_CURVE('',#824,#998,#483,.T.);
#1290=EDGE_CURVE('',#999,#825,#484,.T.);
#1291=EDGE_CURVE('',#826,#966,#485,.T.);
#1292=EDGE_CURVE('',#865,#837,#486,.T.);
#1293=EDGE_CURVE('',#881,#845,#487,.T.);
#1294=EDGE_CURVE('',#897,#854,#488,.T.);
#1295=EDGE_CURVE('',#1001,#909,#800,.T.);
#1296=EDGE_CURVE('',#908,#1002,#801,.T.);
#1297=EDGE_CURVE('',#1001,#1002,#34,.T.);
#1298=EDGE_CURVE('',#907,#1003,#802,.T.);
#1299=EDGE_CURVE('',#1002,#1003,#489,.T.);
#1300=EDGE_CURVE('',#906,#1004,#803,.T.);
#1301=EDGE_CURVE('',#1003,#1004,#35,.T.);
#1302=EDGE_CURVE('',#1005,#905,#804,.T.);
#1303=EDGE_CURVE('',#1004,#1005,#490,.T.);
#1304=EDGE_CURVE('',#915,#1001,#491,.T.);
#1305=EDGE_CURVE('',#941,#914,#732,.T.);
#1306=EDGE_CURVE('',#913,#967,#733,.T.);
#1307=EDGE_CURVE('',#920,#1006,#492,.T.);
#1308=EDGE_CURVE('',#1006,#912,#734,.T.);
#1309=EDGE_CURVE('',#1007,#919,#493,.T.);
#1310=EDGE_CURVE('',#918,#1008,#494,.T.);
#1311=EDGE_CURVE('',#1008,#1007,#805,.T.);
#1312=EDGE_CURVE('',#1007,#1006,#735,.T.);
#1313=EDGE_CURVE('',#916,#1009,#495,.T.);
#1314=EDGE_CURVE('',#1009,#1010,#736,.T.);
#1315=EDGE_CURVE('',#1010,#917,#496,.T.);
#1316=EDGE_CURVE('',#1005,#1011,#497,.T.);
#1317=EDGE_CURVE('',#1011,#1012,#498,.T.);
#1318=EDGE_CURVE('',#1012,#1009,#499,.T.);
#1319=EDGE_CURVE('',#969,#1012,#737,.T.);
#1320=EDGE_CURVE('',#1011,#940,#738,.T.);
#1321=EDGE_CURVE('',#1010,#1008,#739,.T.);
#1322=EDGE_CURVE('',#1007,#831,#500,.T.);
#1323=EDGE_CURVE('',#830,#912,#501,.T.);
#1324=EDGE_CURVE('',#832,#1008,#502,.T.);
#1325=EDGE_CURVE('',#1009,#833,#503,.T.);
#1326=EDGE_CURVE('',#834,#1012,#504,.T.);
#1327=EDGE_CURVE('',#913,#829,#505,.T.);
#1328=EDGE_CURVE('',#929,#1013,#506,.T.);
#1329=EDGE_CURVE('',#1013,#1013,#806,.T.);
#1330=EDGE_CURVE('',#1014,#1014,#807,.T.);
#1331=EDGE_CURVE('',#1015,#1015,#808,.T.);
#1332=EDGE_CURVE('',#1015,#1014,#507,.T.);
#1333=EDGE_CURVE('',#928,#1015,#508,.T.);
#1334=ORIENTED_EDGE('',*,*,#1016,.F.);
#1335=ORIENTED_EDGE('',*,*,#1017,.T.);
#1336=ORIENTED_EDGE('',*,*,#1018,.T.);
#1337=ORIENTED_EDGE('',*,*,#1019,.F.);
#1338=ORIENTED_EDGE('',*,*,#1020,.F.);
#1339=ORIENTED_EDGE('',*,*,#1021,.T.);
#1340=ORIENTED_EDGE('',*,*,#1022,.F.);
#1341=ORIENTED_EDGE('',*,*,#1023,.F.);
#1342=ORIENTED_EDGE('',*,*,#1024,.T.);
#1343=ORIENTED_EDGE('',*,*,#1025,.F.);
#1344=ORIENTED_EDGE('',*,*,#1026,.F.);
#1345=ORIENTED_EDGE('',*,*,#1027,.T.);
#1346=ORIENTED_EDGE('',*,*,#1028,.F.);
#1347=ORIENTED_EDGE('',*,*,#1024,.F.);
#1348=ORIENTED_EDGE('',*,*,#1029,.T.);
#1349=ORIENTED_EDGE('',*,*,#1030,.T.);
#1350=ORIENTED_EDGE('',*,*,#1031,.T.);
#1351=ORIENTED_EDGE('',*,*,#1023,.T.);
#1352=ORIENTED_EDGE('',*,*,#1022,.T.);
#1353=ORIENTED_EDGE('',*,*,#1025,.T.);
#1354=ORIENTED_EDGE('',*,*,#1032,.T.);
#1355=ORIENTED_EDGE('',*,*,#1030,.F.);
#1356=ORIENTED_EDGE('',*,*,#1026,.T.);
#1357=ORIENTED_EDGE('',*,*,#1031,.F.);
#1358=ORIENTED_EDGE('',*,*,#1033,.T.);
#1359=ORIENTED_EDGE('',*,*,#1034,.F.);
#1360=ORIENTED_EDGE('',*,*,#1035,.F.);
#1361=ORIENTED_EDGE('',*,*,#1036,.F.);
#1362=ORIENTED_EDGE('',*,*,#1037,.F.);
#1363=ORIENTED_EDGE('',*,*,#1038,.F.);
#1364=ORIENTED_EDGE('',*,*,#1039,.F.);
#1365=ORIENTED_EDGE('',*,*,#1040,.T.);
#1366=ORIENTED_EDGE('',*,*,#1041,.F.);
#1367=ORIENTED_EDGE('',*,*,#1042,.F.);
#1368=ORIENTED_EDGE('',*,*,#1043,.F.);
#1369=ORIENTED_EDGE('',*,*,#1044,.F.);
#1370=ORIENTED_EDGE('',*,*,#1045,.F.);
#1371=ORIENTED_EDGE('',*,*,#1046,.F.);
#1372=ORIENTED_EDGE('',*,*,#1047,.F.);
#1373=ORIENTED_EDGE('',*,*,#1048,.T.);
#1374=ORIENTED_EDGE('',*,*,#1049,.F.);
#1375=ORIENTED_EDGE('',*,*,#1050,.F.);
#1376=ORIENTED_EDGE('',*,*,#1051,.F.);
#1377=ORIENTED_EDGE('',*,*,#1052,.F.);
#1378=ORIENTED_EDGE('',*,*,#1053,.F.);
#1379=ORIENTED_EDGE('',*,*,#1054,.F.);
#1380=ORIENTED_EDGE('',*,*,#1055,.F.);
#1381=ORIENTED_EDGE('',*,*,#1056,.T.);
#1382=ORIENTED_EDGE('',*,*,#1057,.F.);
#1383=ORIENTED_EDGE('',*,*,#1058,.F.);
#1384=ORIENTED_EDGE('',*,*,#1059,.F.);
#1385=ORIENTED_EDGE('',*,*,#1060,.F.);
#1386=ORIENTED_EDGE('',*,*,#1061,.F.);
#1387=ORIENTED_EDGE('',*,*,#1062,.F.);
#1388=ORIENTED_EDGE('',*,*,#1063,.T.);
#1389=ORIENTED_EDGE('',*,*,#1064,.F.);
#1390=ORIENTED_EDGE('',*,*,#1065,.T.);
#1391=ORIENTED_EDGE('',*,*,#1066,.F.);
#1392=ORIENTED_EDGE('',*,*,#1067,.F.);
#1393=ORIENTED_EDGE('',*,*,#1033,.F.);
#1394=ORIENTED_EDGE('',*,*,#1032,.F.);
#1395=ORIENTED_EDGE('',*,*,#1028,.T.);
#1396=ORIENTED_EDGE('',*,*,#1027,.F.);
#1397=ORIENTED_EDGE('',*,*,#1068,.T.);
#1398=ORIENTED_EDGE('',*,*,#1069,.T.);
#1399=ORIENTED_EDGE('',*,*,#1070,.T.);
#1400=ORIENTED_EDGE('',*,*,#1071,.T.);
#1401=ORIENTED_EDGE('',*,*,#1072,.T.);
#1402=ORIENTED_EDGE('',*,*,#1073,.T.);
#1403=ORIENTED_EDGE('',*,*,#1074,.T.);
#1404=ORIENTED_EDGE('',*,*,#1075,.T.);
#1405=ORIENTED_EDGE('',*,*,#1076,.F.);
#1406=ORIENTED_EDGE('',*,*,#1077,.T.);
#1407=ORIENTED_EDGE('',*,*,#1078,.T.);
#1408=ORIENTED_EDGE('',*,*,#1079,.F.);
#1409=ORIENTED_EDGE('',*,*,#1080,.F.);
#1410=ORIENTED_EDGE('',*,*,#1081,.F.);
#1411=ORIENTED_EDGE('',*,*,#1082,.F.);
#1412=ORIENTED_EDGE('',*,*,#1083,.F.);
#1413=ORIENTED_EDGE('',*,*,#1084,.F.);
#1414=ORIENTED_EDGE('',*,*,#1073,.F.);
#1415=ORIENTED_EDGE('',*,*,#1085,.T.);
#1416=ORIENTED_EDGE('',*,*,#1086,.T.);
#1417=ORIENTED_EDGE('',*,*,#1087,.T.);
#1418=ORIENTED_EDGE('',*,*,#1088,.T.);
#1419=ORIENTED_EDGE('',*,*,#1089,.T.);
#1420=ORIENTED_EDGE('',*,*,#1090,.T.);
#1421=ORIENTED_EDGE('',*,*,#1091,.T.);
#1422=ORIENTED_EDGE('',*,*,#1092,.T.);
#1423=ORIENTED_EDGE('',*,*,#1093,.F.);
#1424=ORIENTED_EDGE('',*,*,#1094,.T.);
#1425=ORIENTED_EDGE('',*,*,#1095,.T.);
#1426=ORIENTED_EDGE('',*,*,#1096,.F.);
#1427=ORIENTED_EDGE('',*,*,#1097,.F.);
#1428=ORIENTED_EDGE('',*,*,#1098,.F.);
#1429=ORIENTED_EDGE('',*,*,#1099,.F.);
#1430=ORIENTED_EDGE('',*,*,#1100,.F.);
#1431=ORIENTED_EDGE('',*,*,#1101,.F.);
#1432=ORIENTED_EDGE('',*,*,#1090,.F.);
#1433=ORIENTED_EDGE('',*,*,#1102,.T.);
#1434=ORIENTED_EDGE('',*,*,#1103,.T.);
#1435=ORIENTED_EDGE('',*,*,#1104,.T.);
#1436=ORIENTED_EDGE('',*,*,#1105,.T.);
#1437=ORIENTED_EDGE('',*,*,#1106,.T.);
#1438=ORIENTED_EDGE('',*,*,#1107,.T.);
#1439=ORIENTED_EDGE('',*,*,#1108,.T.);
#1440=ORIENTED_EDGE('',*,*,#1109,.T.);
#1441=ORIENTED_EDGE('',*,*,#1110,.F.);
#1442=ORIENTED_EDGE('',*,*,#1111,.T.);
#1443=ORIENTED_EDGE('',*,*,#1112,.T.);
#1444=ORIENTED_EDGE('',*,*,#1113,.F.);
#1445=ORIENTED_EDGE('',*,*,#1114,.F.);
#1446=ORIENTED_EDGE('',*,*,#1115,.F.);
#1447=ORIENTED_EDGE('',*,*,#1116,.F.);
#1448=ORIENTED_EDGE('',*,*,#1117,.F.);
#1449=ORIENTED_EDGE('',*,*,#1118,.F.);
#1450=ORIENTED_EDGE('',*,*,#1107,.F.);
#1451=ORIENTED_EDGE('',*,*,#1119,.T.);
#1452=ORIENTED_EDGE('',*,*,#1120,.T.);
#1453=ORIENTED_EDGE('',*,*,#1121,.T.);
#1454=ORIENTED_EDGE('',*,*,#1122,.T.);
#1455=ORIENTED_EDGE('',*,*,#1123,.T.);
#1456=ORIENTED_EDGE('',*,*,#1124,.T.);
#1457=ORIENTED_EDGE('',*,*,#1125,.T.);
#1458=ORIENTED_EDGE('',*,*,#1126,.T.);
#1459=ORIENTED_EDGE('',*,*,#1127,.F.);
#1460=ORIENTED_EDGE('',*,*,#1128,.T.);
#1461=ORIENTED_EDGE('',*,*,#1129,.T.);
#1462=ORIENTED_EDGE('',*,*,#1130,.F.);
#1463=ORIENTED_EDGE('',*,*,#1131,.F.);
#1464=ORIENTED_EDGE('',*,*,#1132,.F.);
#1465=ORIENTED_EDGE('',*,*,#1133,.F.);
#1466=ORIENTED_EDGE('',*,*,#1134,.F.);
#1467=ORIENTED_EDGE('',*,*,#1135,.F.);
#1468=ORIENTED_EDGE('',*,*,#1124,.F.);
#1469=ORIENTED_EDGE('',*,*,#1136,.T.);
#1470=ORIENTED_EDGE('',*,*,#1137,.T.);
#1471=ORIENTED_EDGE('',*,*,#1138,.T.);
#1472=ORIENTED_EDGE('',*,*,#1137,.F.);
#1473=ORIENTED_EDGE('',*,*,#1136,.F.);
#1474=ORIENTED_EDGE('',*,*,#1139,.F.);
#1475=ORIENTED_EDGE('',*,*,#1140,.T.);
#1476=ORIENTED_EDGE('',*,*,#1141,.F.);
#1477=ORIENTED_EDGE('',*,*,#1142,.F.);
#1478=ORIENTED_EDGE('',*,*,#1143,.F.);
#1479=ORIENTED_EDGE('',*,*,#1063,.F.);
#1480=ORIENTED_EDGE('',*,*,#1144,.T.);
#1481=ORIENTED_EDGE('',*,*,#1029,.F.);
#1482=ORIENTED_EDGE('',*,*,#1145,.F.);
#1483=ORIENTED_EDGE('',*,*,#1146,.F.);
#1484=ORIENTED_EDGE('',*,*,#1147,.T.);
#1485=ORIENTED_EDGE('',*,*,#1138,.F.);
#1486=ORIENTED_EDGE('',*,*,#1147,.F.);
#1487=ORIENTED_EDGE('',*,*,#1019,.T.);
#1488=ORIENTED_EDGE('',*,*,#1021,.F.);
#1489=ORIENTED_EDGE('',*,*,#1020,.T.);
#1490=ORIENTED_EDGE('',*,*,#1018,.F.);
#1491=ORIENTED_EDGE('',*,*,#1017,.F.);
#1492=ORIENTED_EDGE('',*,*,#1016,.T.);
#1493=ORIENTED_EDGE('',*,*,#1139,.T.);
#1494=ORIENTED_EDGE('',*,*,#1148,.T.);
#1495=ORIENTED_EDGE('',*,*,#1149,.F.);
#1496=ORIENTED_EDGE('',*,*,#1150,.F.);
#1497=ORIENTED_EDGE('',*,*,#1151,.F.);
#1498=ORIENTED_EDGE('',*,*,#1152,.F.);
#1499=ORIENTED_EDGE('',*,*,#1153,.T.);
#1500=ORIENTED_EDGE('',*,*,#1154,.F.);
#1501=ORIENTED_EDGE('',*,*,#1155,.F.);
#1502=ORIENTED_EDGE('',*,*,#1156,.F.);
#1503=ORIENTED_EDGE('',*,*,#1157,.T.);
#1504=ORIENTED_EDGE('',*,*,#1158,.F.);
#1505=ORIENTED_EDGE('',*,*,#1159,.F.);
#1506=ORIENTED_EDGE('',*,*,#1160,.F.);
#1507=ORIENTED_EDGE('',*,*,#1161,.T.);
#1508=ORIENTED_EDGE('',*,*,#1162,.F.);
#1509=ORIENTED_EDGE('',*,*,#1163,.F.);
#1510=ORIENTED_EDGE('',*,*,#1164,.F.);
#1511=ORIENTED_EDGE('',*,*,#1165,.F.);
#1512=ORIENTED_EDGE('',*,*,#1148,.F.);
#1513=ORIENTED_EDGE('',*,*,#1166,.F.);
#1514=ORIENTED_EDGE('',*,*,#1167,.F.);
#1515=ORIENTED_EDGE('',*,*,#1149,.T.);
#1516=ORIENTED_EDGE('',*,*,#1165,.T.);
#1517=ORIENTED_EDGE('',*,*,#1168,.F.);
#1518=ORIENTED_EDGE('',*,*,#1140,.F.);
#1519=ORIENTED_EDGE('',*,*,#1169,.F.);
#1520=ORIENTED_EDGE('',*,*,#1170,.F.);
#1521=ORIENTED_EDGE('',*,*,#1171,.F.);
#1522=ORIENTED_EDGE('',*,*,#1172,.F.);
#1523=ORIENTED_EDGE('',*,*,#1161,.F.);
#1524=ORIENTED_EDGE('',*,*,#1173,.F.);
#1525=ORIENTED_EDGE('',*,*,#1174,.F.);
#1526=ORIENTED_EDGE('',*,*,#1175,.F.);
#1527=ORIENTED_EDGE('',*,*,#1176,.F.);
#1528=ORIENTED_EDGE('',*,*,#1177,.F.);
#1529=ORIENTED_EDGE('',*,*,#1157,.F.);
#1530=ORIENTED_EDGE('',*,*,#1178,.F.);
#1531=ORIENTED_EDGE('',*,*,#1153,.F.);
#1532=ORIENTED_EDGE('',*,*,#1179,.F.);
#1533=ORIENTED_EDGE('',*,*,#1180,.F.);
#1534=ORIENTED_EDGE('',*,*,#1181,.F.);
#1535=ORIENTED_EDGE('',*,*,#1179,.T.);
#1536=ORIENTED_EDGE('',*,*,#1152,.T.);
#1537=ORIENTED_EDGE('',*,*,#1182,.T.);
#1538=ORIENTED_EDGE('',*,*,#1093,.T.);
#1539=ORIENTED_EDGE('',*,*,#1183,.T.);
#1540=ORIENTED_EDGE('',*,*,#1184,.T.);
#1541=ORIENTED_EDGE('',*,*,#1185,.T.);
#1542=ORIENTED_EDGE('',*,*,#1094,.F.);
#1543=ORIENTED_EDGE('',*,*,#1182,.F.);
#1544=ORIENTED_EDGE('',*,*,#1151,.T.);
#1545=ORIENTED_EDGE('',*,*,#1186,.F.);
#1546=ORIENTED_EDGE('',*,*,#1187,.F.);
#1547=ORIENTED_EDGE('',*,*,#1150,.T.);
#1548=ORIENTED_EDGE('',*,*,#1167,.T.);
#1549=ORIENTED_EDGE('',*,*,#1188,.T.);
#1550=ORIENTED_EDGE('',*,*,#1189,.T.);
#1551=ORIENTED_EDGE('',*,*,#1190,.F.);
#1552=ORIENTED_EDGE('',*,*,#1186,.T.);
#1553=ORIENTED_EDGE('',*,*,#1142,.T.);
#1554=ORIENTED_EDGE('',*,*,#1141,.T.);
#1555=ORIENTED_EDGE('',*,*,#1168,.T.);
#1556=ORIENTED_EDGE('',*,*,#1164,.T.);
#1557=ORIENTED_EDGE('',*,*,#1191,.T.);
#1558=ORIENTED_EDGE('',*,*,#1110,.T.);
#1559=ORIENTED_EDGE('',*,*,#1192,.T.);
#1560=ORIENTED_EDGE('',*,*,#1193,.T.);
#1561=ORIENTED_EDGE('',*,*,#1111,.F.);
#1562=ORIENTED_EDGE('',*,*,#1191,.F.);
#1563=ORIENTED_EDGE('',*,*,#1163,.T.);
#1564=ORIENTED_EDGE('',*,*,#1194,.F.);
#1565=ORIENTED_EDGE('',*,*,#1195,.F.);
#1566=ORIENTED_EDGE('',*,*,#1162,.T.);
#1567=ORIENTED_EDGE('',*,*,#1172,.T.);
#1568=ORIENTED_EDGE('',*,*,#1196,.T.);
#1569=ORIENTED_EDGE('',*,*,#1197,.T.);
#1570=ORIENTED_EDGE('',*,*,#1198,.F.);
#1571=ORIENTED_EDGE('',*,*,#1194,.T.);
#1572=ORIENTED_EDGE('',*,*,#1062,.T.);
#1573=ORIENTED_EDGE('',*,*,#1199,.F.);
#1574=ORIENTED_EDGE('',*,*,#1188,.F.);
#1575=ORIENTED_EDGE('',*,*,#1166,.T.);
#1576=ORIENTED_EDGE('',*,*,#1144,.F.);
#1577=ORIENTED_EDGE('',*,*,#1171,.T.);
#1578=ORIENTED_EDGE('',*,*,#1200,.F.);
#1579=ORIENTED_EDGE('',*,*,#1201,.F.);
#1580=ORIENTED_EDGE('',*,*,#1038,.T.);
#1581=ORIENTED_EDGE('',*,*,#1202,.F.);
#1582=ORIENTED_EDGE('',*,*,#1196,.F.);
#1583=ORIENTED_EDGE('',*,*,#1175,.T.);
#1584=ORIENTED_EDGE('',*,*,#1203,.F.);
#1585=ORIENTED_EDGE('',*,*,#1204,.F.);
#1586=ORIENTED_EDGE('',*,*,#1046,.T.);
#1587=ORIENTED_EDGE('',*,*,#1205,.F.);
#1588=ORIENTED_EDGE('',*,*,#1206,.F.);
#1589=ORIENTED_EDGE('',*,*,#1207,.F.);
#1590=ORIENTED_EDGE('',*,*,#1180,.T.);
#1591=ORIENTED_EDGE('',*,*,#1184,.F.);
#1592=ORIENTED_EDGE('',*,*,#1208,.F.);
#1593=ORIENTED_EDGE('',*,*,#1054,.T.);
#1594=ORIENTED_EDGE('',*,*,#1209,.F.);
#1595=ORIENTED_EDGE('',*,*,#1210,.T.);
#1596=ORIENTED_EDGE('',*,*,#1071,.F.);
#1597=ORIENTED_EDGE('',*,*,#1211,.T.);
#1598=ORIENTED_EDGE('',*,*,#1212,.F.);
#1599=ORIENTED_EDGE('',*,*,#1211,.F.);
#1600=ORIENTED_EDGE('',*,*,#1070,.F.);
#1601=ORIENTED_EDGE('',*,*,#1213,.T.);
#1602=ORIENTED_EDGE('',*,*,#1214,.F.);
#1603=ORIENTED_EDGE('',*,*,#1213,.F.);
#1604=ORIENTED_EDGE('',*,*,#1069,.F.);
#1605=ORIENTED_EDGE('',*,*,#1215,.T.);
#1606=ORIENTED_EDGE('',*,*,#1216,.F.);
#1607=ORIENTED_EDGE('',*,*,#1217,.T.);
#1608=ORIENTED_EDGE('',*,*,#1088,.F.);
#1609=ORIENTED_EDGE('',*,*,#1218,.T.);
#1610=ORIENTED_EDGE('',*,*,#1219,.F.);
#1611=ORIENTED_EDGE('',*,*,#1218,.F.);
#1612=ORIENTED_EDGE('',*,*,#1087,.F.);
#1613=ORIENTED_EDGE('',*,*,#1220,.T.);
#1614=ORIENTED_EDGE('',*,*,#1221,.F.);
#1615=ORIENTED_EDGE('',*,*,#1220,.F.);
#1616=ORIENTED_EDGE('',*,*,#1086,.F.);
#1617=ORIENTED_EDGE('',*,*,#1222,.T.);
#1618=ORIENTED_EDGE('',*,*,#1223,.F.);
#1619=ORIENTED_EDGE('',*,*,#1224,.T.);
#1620=ORIENTED_EDGE('',*,*,#1105,.F.);
#1621=ORIENTED_EDGE('',*,*,#1225,.T.);
#1622=ORIENTED_EDGE('',*,*,#1226,.F.);
#1623=ORIENTED_EDGE('',*,*,#1225,.F.);
#1624=ORIENTED_EDGE('',*,*,#1104,.F.);
#1625=ORIENTED_EDGE('',*,*,#1227,.T.);
#1626=ORIENTED_EDGE('',*,*,#1228,.F.);
#1627=ORIENTED_EDGE('',*,*,#1227,.F.);
#1628=ORIENTED_EDGE('',*,*,#1103,.F.);
#1629=ORIENTED_EDGE('',*,*,#1229,.T.);
#1630=ORIENTED_EDGE('',*,*,#1230,.F.);
#1631=ORIENTED_EDGE('',*,*,#1215,.F.);
#1632=ORIENTED_EDGE('',*,*,#1068,.F.);
#1633=ORIENTED_EDGE('',*,*,#1231,.F.);
#1634=ORIENTED_EDGE('',*,*,#1232,.F.);
#1635=ORIENTED_EDGE('',*,*,#1210,.F.);
#1636=ORIENTED_EDGE('',*,*,#1233,.F.);
#1637=ORIENTED_EDGE('',*,*,#1078,.F.);
#1638=ORIENTED_EDGE('',*,*,#1072,.F.);
#1639=ORIENTED_EDGE('',*,*,#1222,.F.);
#1640=ORIENTED_EDGE('',*,*,#1085,.F.);
#1641=ORIENTED_EDGE('',*,*,#1185,.F.);
#1642=ORIENTED_EDGE('',*,*,#1234,.F.);
#1643=ORIENTED_EDGE('',*,*,#1217,.F.);
#1644=ORIENTED_EDGE('',*,*,#1235,.F.);
#1645=ORIENTED_EDGE('',*,*,#1095,.F.);
#1646=ORIENTED_EDGE('',*,*,#1089,.F.);
#1647=ORIENTED_EDGE('',*,*,#1229,.F.);
#1648=ORIENTED_EDGE('',*,*,#1102,.F.);
#1649=ORIENTED_EDGE('',*,*,#1193,.F.);
#1650=ORIENTED_EDGE('',*,*,#1236,.F.);
#1651=ORIENTED_EDGE('',*,*,#1224,.F.);
#1652=ORIENTED_EDGE('',*,*,#1237,.F.);
#1653=ORIENTED_EDGE('',*,*,#1112,.F.);
#1654=ORIENTED_EDGE('',*,*,#1106,.F.);
#1655=ORIENTED_EDGE('',*,*,#1156,.T.);
#1656=ORIENTED_EDGE('',*,*,#1238,.T.);
#1657=ORIENTED_EDGE('',*,*,#1076,.T.);
#1658=ORIENTED_EDGE('',*,*,#1239,.T.);
#1659=ORIENTED_EDGE('',*,*,#1203,.T.);
#1660=ORIENTED_EDGE('',*,*,#1174,.T.);
#1661=ORIENTED_EDGE('',*,*,#1173,.T.);
#1662=ORIENTED_EDGE('',*,*,#1240,.T.);
#1663=ORIENTED_EDGE('',*,*,#1241,.T.);
#1664=ORIENTED_EDGE('',*,*,#1074,.F.);
#1665=ORIENTED_EDGE('',*,*,#1084,.T.);
#1666=ORIENTED_EDGE('',*,*,#1242,.T.);
#1667=ORIENTED_EDGE('',*,*,#1082,.T.);
#1668=ORIENTED_EDGE('',*,*,#1243,.T.);
#1669=ORIENTED_EDGE('',*,*,#1244,.T.);
#1670=ORIENTED_EDGE('',*,*,#1242,.F.);
#1671=ORIENTED_EDGE('',*,*,#1245,.T.);
#1672=ORIENTED_EDGE('',*,*,#1240,.F.);
#1673=ORIENTED_EDGE('',*,*,#1083,.T.);
#1674=ORIENTED_EDGE('',*,*,#1246,.T.);
#1675=ORIENTED_EDGE('',*,*,#1247,.T.);
#1676=ORIENTED_EDGE('',*,*,#1248,.T.);
#1677=ORIENTED_EDGE('',*,*,#1080,.T.);
#1678=ORIENTED_EDGE('',*,*,#1232,.T.);
#1679=ORIENTED_EDGE('',*,*,#1249,.T.);
#1680=ORIENTED_EDGE('',*,*,#1250,.T.);
#1681=ORIENTED_EDGE('',*,*,#1251,.T.);
#1682=ORIENTED_EDGE('',*,*,#1246,.F.);
#1683=ORIENTED_EDGE('',*,*,#1079,.T.);
#1684=ORIENTED_EDGE('',*,*,#1233,.T.);
#1685=ORIENTED_EDGE('',*,*,#1212,.T.);
#1686=ORIENTED_EDGE('',*,*,#1214,.T.);
#1687=ORIENTED_EDGE('',*,*,#1216,.T.);
#1688=ORIENTED_EDGE('',*,*,#1178,.T.);
#1689=ORIENTED_EDGE('',*,*,#1181,.T.);
#1690=ORIENTED_EDGE('',*,*,#1207,.T.);
#1691=ORIENTED_EDGE('',*,*,#1252,.T.);
#1692=ORIENTED_EDGE('',*,*,#1250,.F.);
#1693=ORIENTED_EDGE('',*,*,#1253,.T.);
#1694=ORIENTED_EDGE('',*,*,#1154,.T.);
#1695=ORIENTED_EDGE('',*,*,#1248,.F.);
#1696=ORIENTED_EDGE('',*,*,#1254,.T.);
#1697=ORIENTED_EDGE('',*,*,#1243,.F.);
#1698=ORIENTED_EDGE('',*,*,#1081,.T.);
#1699=ORIENTED_EDGE('',*,*,#1241,.F.);
#1700=ORIENTED_EDGE('',*,*,#1245,.F.);
#1701=ORIENTED_EDGE('',*,*,#1255,.T.);
#1702=ORIENTED_EDGE('',*,*,#1049,.T.);
#1703=ORIENTED_EDGE('',*,*,#1256,.T.);
#1704=ORIENTED_EDGE('',*,*,#1244,.F.);
#1705=ORIENTED_EDGE('',*,*,#1257,.F.);
#1706=ORIENTED_EDGE('',*,*,#1050,.T.);
#1707=ORIENTED_EDGE('',*,*,#1255,.F.);
#1708=ORIENTED_EDGE('',*,*,#1254,.F.);
#1709=ORIENTED_EDGE('',*,*,#1247,.F.);
#1710=ORIENTED_EDGE('',*,*,#1258,.T.);
#1711=ORIENTED_EDGE('',*,*,#1051,.T.);
#1712=ORIENTED_EDGE('',*,*,#1257,.T.);
#1713=ORIENTED_EDGE('',*,*,#1251,.F.);
#1714=ORIENTED_EDGE('',*,*,#1259,.F.);
#1715=ORIENTED_EDGE('',*,*,#1052,.T.);
#1716=ORIENTED_EDGE('',*,*,#1258,.F.);
#1717=ORIENTED_EDGE('',*,*,#1252,.F.);
#1718=ORIENTED_EDGE('',*,*,#1209,.T.);
#1719=ORIENTED_EDGE('',*,*,#1053,.T.);
#1720=ORIENTED_EDGE('',*,*,#1259,.T.);
#1721=ORIENTED_EDGE('',*,*,#1260,.T.);
#1722=ORIENTED_EDGE('',*,*,#1261,.T.);
#1723=ORIENTED_EDGE('',*,*,#1091,.F.);
#1724=ORIENTED_EDGE('',*,*,#1101,.T.);
#1725=ORIENTED_EDGE('',*,*,#1262,.T.);
#1726=ORIENTED_EDGE('',*,*,#1099,.T.);
#1727=ORIENTED_EDGE('',*,*,#1263,.T.);
#1728=ORIENTED_EDGE('',*,*,#1264,.T.);
#1729=ORIENTED_EDGE('',*,*,#1262,.F.);
#1730=ORIENTED_EDGE('',*,*,#1265,.T.);
#1731=ORIENTED_EDGE('',*,*,#1260,.F.);
#1732=ORIENTED_EDGE('',*,*,#1100,.T.);
#1733=ORIENTED_EDGE('',*,*,#1266,.T.);
#1734=ORIENTED_EDGE('',*,*,#1267,.T.);
#1735=ORIENTED_EDGE('',*,*,#1268,.T.);
#1736=ORIENTED_EDGE('',*,*,#1097,.T.);
#1737=ORIENTED_EDGE('',*,*,#1234,.T.);
#1738=ORIENTED_EDGE('',*,*,#1187,.T.);
#1739=ORIENTED_EDGE('',*,*,#1190,.T.);
#1740=ORIENTED_EDGE('',*,*,#1269,.T.);
#1741=ORIENTED_EDGE('',*,*,#1266,.F.);
#1742=ORIENTED_EDGE('',*,*,#1096,.T.);
#1743=ORIENTED_EDGE('',*,*,#1235,.T.);
#1744=ORIENTED_EDGE('',*,*,#1219,.T.);
#1745=ORIENTED_EDGE('',*,*,#1221,.T.);
#1746=ORIENTED_EDGE('',*,*,#1223,.T.);
#1747=ORIENTED_EDGE('',*,*,#1268,.F.);
#1748=ORIENTED_EDGE('',*,*,#1270,.T.);
#1749=ORIENTED_EDGE('',*,*,#1263,.F.);
#1750=ORIENTED_EDGE('',*,*,#1098,.T.);
#1751=ORIENTED_EDGE('',*,*,#1261,.F.);
#1752=ORIENTED_EDGE('',*,*,#1265,.F.);
#1753=ORIENTED_EDGE('',*,*,#1271,.T.);
#1754=ORIENTED_EDGE('',*,*,#1057,.T.);
#1755=ORIENTED_EDGE('',*,*,#1272,.T.);
#1756=ORIENTED_EDGE('',*,*,#1264,.F.);
#1757=ORIENTED_EDGE('',*,*,#1273,.F.);
#1758=ORIENTED_EDGE('',*,*,#1058,.T.);
#1759=ORIENTED_EDGE('',*,*,#1271,.F.);
#1760=ORIENTED_EDGE('',*,*,#1270,.F.);
#1761=ORIENTED_EDGE('',*,*,#1267,.F.);
#1762=ORIENTED_EDGE('',*,*,#1274,.T.);
#1763=ORIENTED_EDGE('',*,*,#1059,.T.);
#1764=ORIENTED_EDGE('',*,*,#1273,.T.);
#1765=ORIENTED_EDGE('',*,*,#1269,.F.);
#1766=ORIENTED_EDGE('',*,*,#1275,.F.);
#1767=ORIENTED_EDGE('',*,*,#1060,.T.);
#1768=ORIENTED_EDGE('',*,*,#1274,.F.);
#1769=ORIENTED_EDGE('',*,*,#1189,.F.);
#1770=ORIENTED_EDGE('',*,*,#1199,.T.);
#1771=ORIENTED_EDGE('',*,*,#1061,.T.);
#1772=ORIENTED_EDGE('',*,*,#1275,.T.);
#1773=ORIENTED_EDGE('',*,*,#1276,.T.);
#1774=ORIENTED_EDGE('',*,*,#1277,.T.);
#1775=ORIENTED_EDGE('',*,*,#1108,.F.);
#1776=ORIENTED_EDGE('',*,*,#1118,.T.);
#1777=ORIENTED_EDGE('',*,*,#1278,.T.);
#1778=ORIENTED_EDGE('',*,*,#1116,.T.);
#1779=ORIENTED_EDGE('',*,*,#1279,.T.);
#1780=ORIENTED_EDGE('',*,*,#1280,.T.);
#1781=ORIENTED_EDGE('',*,*,#1278,.F.);
#1782=ORIENTED_EDGE('',*,*,#1281,.T.);
#1783=ORIENTED_EDGE('',*,*,#1276,.F.);
#1784=ORIENTED_EDGE('',*,*,#1117,.T.);
#1785=ORIENTED_EDGE('',*,*,#1282,.T.);
#1786=ORIENTED_EDGE('',*,*,#1283,.T.);
#1787=ORIENTED_EDGE('',*,*,#1284,.T.);
#1788=ORIENTED_EDGE('',*,*,#1114,.T.);
#1789=ORIENTED_EDGE('',*,*,#1236,.T.);
#1790=ORIENTED_EDGE('',*,*,#1195,.T.);
#1791=ORIENTED_EDGE('',*,*,#1198,.T.);
#1792=ORIENTED_EDGE('',*,*,#1285,.T.);
#1793=ORIENTED_EDGE('',*,*,#1282,.F.);
#1794=ORIENTED_EDGE('',*,*,#1113,.T.);
#1795=ORIENTED_EDGE('',*,*,#1237,.T.);
#1796=ORIENTED_EDGE('',*,*,#1226,.T.);
#1797=ORIENTED_EDGE('',*,*,#1228,.T.);
#1798=ORIENTED_EDGE('',*,*,#1230,.T.);
#1799=ORIENTED_EDGE('',*,*,#1284,.F.);
#1800=ORIENTED_EDGE('',*,*,#1286,.T.);
#1801=ORIENTED_EDGE('',*,*,#1279,.F.);
#1802=ORIENTED_EDGE('',*,*,#1115,.T.);
#1803=ORIENTED_EDGE('',*,*,#1277,.F.);
#1804=ORIENTED_EDGE('',*,*,#1281,.F.);
#1805=ORIENTED_EDGE('',*,*,#1287,.T.);
#1806=ORIENTED_EDGE('',*,*,#1066,.T.);
#1807=ORIENTED_EDGE('',*,*,#1288,.T.);
#1808=ORIENTED_EDGE('',*,*,#1280,.F.);
#1809=ORIENTED_EDGE('',*,*,#1289,.F.);
#1810=ORIENTED_EDGE('',*,*,#1034,.T.);
#1811=ORIENTED_EDGE('',*,*,#1067,.T.);
#1812=ORIENTED_EDGE('',*,*,#1287,.F.);
#1813=ORIENTED_EDGE('',*,*,#1286,.F.);
#1814=ORIENTED_EDGE('',*,*,#1283,.F.);
#1815=ORIENTED_EDGE('',*,*,#1290,.T.);
#1816=ORIENTED_EDGE('',*,*,#1035,.T.);
#1817=ORIENTED_EDGE('',*,*,#1289,.T.);
#1818=ORIENTED_EDGE('',*,*,#1285,.F.);
#1819=ORIENTED_EDGE('',*,*,#1291,.F.);
#1820=ORIENTED_EDGE('',*,*,#1036,.T.);
#1821=ORIENTED_EDGE('',*,*,#1290,.F.);
#1822=ORIENTED_EDGE('',*,*,#1197,.F.);
#1823=ORIENTED_EDGE('',*,*,#1202,.T.);
#1824=ORIENTED_EDGE('',*,*,#1037,.T.);
#1825=ORIENTED_EDGE('',*,*,#1291,.T.);
#1826=ORIENTED_EDGE('',*,*,#1239,.F.);
#1827=ORIENTED_EDGE('',*,*,#1292,.T.);
#1828=ORIENTED_EDGE('',*,*,#1047,.T.);
#1829=ORIENTED_EDGE('',*,*,#1204,.T.);
#1830=ORIENTED_EDGE('',*,*,#1075,.F.);
#1831=ORIENTED_EDGE('',*,*,#1256,.F.);
#1832=ORIENTED_EDGE('',*,*,#1048,.F.);
#1833=ORIENTED_EDGE('',*,*,#1292,.F.);
#1834=ORIENTED_EDGE('',*,*,#1231,.T.);
#1835=ORIENTED_EDGE('',*,*,#1077,.F.);
#1836=ORIENTED_EDGE('',*,*,#1238,.F.);
#1837=ORIENTED_EDGE('',*,*,#1155,.T.);
#1838=ORIENTED_EDGE('',*,*,#1253,.F.);
#1839=ORIENTED_EDGE('',*,*,#1249,.F.);
#1840=ORIENTED_EDGE('',*,*,#1183,.F.);
#1841=ORIENTED_EDGE('',*,*,#1293,.T.);
#1842=ORIENTED_EDGE('',*,*,#1055,.T.);
#1843=ORIENTED_EDGE('',*,*,#1208,.T.);
#1844=ORIENTED_EDGE('',*,*,#1092,.F.);
#1845=ORIENTED_EDGE('',*,*,#1272,.F.);
#1846=ORIENTED_EDGE('',*,*,#1056,.F.);
#1847=ORIENTED_EDGE('',*,*,#1293,.F.);
#1848=ORIENTED_EDGE('',*,*,#1143,.T.);
#1849=ORIENTED_EDGE('',*,*,#1192,.F.);
#1850=ORIENTED_EDGE('',*,*,#1294,.T.);
#1851=ORIENTED_EDGE('',*,*,#1064,.T.);
#1852=ORIENTED_EDGE('',*,*,#1109,.F.);
#1853=ORIENTED_EDGE('',*,*,#1288,.F.);
#1854=ORIENTED_EDGE('',*,*,#1065,.F.);
#1855=ORIENTED_EDGE('',*,*,#1294,.F.);
#1856=ORIENTED_EDGE('',*,*,#1295,.T.);
#1857=ORIENTED_EDGE('',*,*,#1122,.F.);
#1858=ORIENTED_EDGE('',*,*,#1296,.T.);
#1859=ORIENTED_EDGE('',*,*,#1297,.F.);
#1860=ORIENTED_EDGE('',*,*,#1296,.F.);
#1861=ORIENTED_EDGE('',*,*,#1121,.F.);
#1862=ORIENTED_EDGE('',*,*,#1298,.T.);
#1863=ORIENTED_EDGE('',*,*,#1299,.F.);
#1864=ORIENTED_EDGE('',*,*,#1298,.F.);
#1865=ORIENTED_EDGE('',*,*,#1120,.F.);
#1866=ORIENTED_EDGE('',*,*,#1300,.T.);
#1867=ORIENTED_EDGE('',*,*,#1301,.F.);
#1868=ORIENTED_EDGE('',*,*,#1300,.F.);
#1869=ORIENTED_EDGE('',*,*,#1119,.F.);
#1870=ORIENTED_EDGE('',*,*,#1302,.F.);
#1871=ORIENTED_EDGE('',*,*,#1303,.F.);
#1872=ORIENTED_EDGE('',*,*,#1295,.F.);
#1873=ORIENTED_EDGE('',*,*,#1304,.F.);
#1874=ORIENTED_EDGE('',*,*,#1129,.F.);
#1875=ORIENTED_EDGE('',*,*,#1123,.F.);
#1876=ORIENTED_EDGE('',*,*,#1160,.T.);
#1877=ORIENTED_EDGE('',*,*,#1305,.T.);
#1878=ORIENTED_EDGE('',*,*,#1127,.T.);
#1879=ORIENTED_EDGE('',*,*,#1306,.T.);
#1880=ORIENTED_EDGE('',*,*,#1200,.T.);
#1881=ORIENTED_EDGE('',*,*,#1170,.T.);
#1882=ORIENTED_EDGE('',*,*,#1169,.T.);
#1883=ORIENTED_EDGE('',*,*,#1307,.T.);
#1884=ORIENTED_EDGE('',*,*,#1308,.T.);
#1885=ORIENTED_EDGE('',*,*,#1125,.F.);
#1886=ORIENTED_EDGE('',*,*,#1135,.T.);
#1887=ORIENTED_EDGE('',*,*,#1309,.T.);
#1888=ORIENTED_EDGE('',*,*,#1133,.T.);
#1889=ORIENTED_EDGE('',*,*,#1310,.T.);
#1890=ORIENTED_EDGE('',*,*,#1311,.T.);
#1891=ORIENTED_EDGE('',*,*,#1309,.F.);
#1892=ORIENTED_EDGE('',*,*,#1312,.T.);
#1893=ORIENTED_EDGE('',*,*,#1307,.F.);
#1894=ORIENTED_EDGE('',*,*,#1134,.T.);
#1895=ORIENTED_EDGE('',*,*,#1313,.T.);
#1896=ORIENTED_EDGE('',*,*,#1314,.T.);
#1897=ORIENTED_EDGE('',*,*,#1315,.T.);
#1898=ORIENTED_EDGE('',*,*,#1131,.T.);
#1899=ORIENTED_EDGE('',*,*,#1303,.T.);
#1900=ORIENTED_EDGE('',*,*,#1316,.T.);
#1901=ORIENTED_EDGE('',*,*,#1317,.T.);
#1902=ORIENTED_EDGE('',*,*,#1318,.T.);
#1903=ORIENTED_EDGE('',*,*,#1313,.F.);
#1904=ORIENTED_EDGE('',*,*,#1130,.T.);
#1905=ORIENTED_EDGE('',*,*,#1304,.T.);
#1906=ORIENTED_EDGE('',*,*,#1297,.T.);
#1907=ORIENTED_EDGE('',*,*,#1299,.T.);
#1908=ORIENTED_EDGE('',*,*,#1301,.T.);
#1909=ORIENTED_EDGE('',*,*,#1177,.T.);
#1910=ORIENTED_EDGE('',*,*,#1176,.T.);
#1911=ORIENTED_EDGE('',*,*,#1206,.T.);
#1912=ORIENTED_EDGE('',*,*,#1319,.T.);
#1913=ORIENTED_EDGE('',*,*,#1317,.F.);
#1914=ORIENTED_EDGE('',*,*,#1320,.T.);
#1915=ORIENTED_EDGE('',*,*,#1158,.T.);
#1916=ORIENTED_EDGE('',*,*,#1315,.F.);
#1917=ORIENTED_EDGE('',*,*,#1321,.T.);
#1918=ORIENTED_EDGE('',*,*,#1310,.F.);
#1919=ORIENTED_EDGE('',*,*,#1132,.T.);
#1920=ORIENTED_EDGE('',*,*,#1308,.F.);
#1921=ORIENTED_EDGE('',*,*,#1312,.F.);
#1922=ORIENTED_EDGE('',*,*,#1322,.T.);
#1923=ORIENTED_EDGE('',*,*,#1041,.T.);
#1924=ORIENTED_EDGE('',*,*,#1323,.T.);
#1925=ORIENTED_EDGE('',*,*,#1311,.F.);
#1926=ORIENTED_EDGE('',*,*,#1324,.F.);
#1927=ORIENTED_EDGE('',*,*,#1042,.T.);
#1928=ORIENTED_EDGE('',*,*,#1322,.F.);
#1929=ORIENTED_EDGE('',*,*,#1321,.F.);
#1930=ORIENTED_EDGE('',*,*,#1314,.F.);
#1931=ORIENTED_EDGE('',*,*,#1325,.T.);
#1932=ORIENTED_EDGE('',*,*,#1043,.T.);
#1933=ORIENTED_EDGE('',*,*,#1324,.T.);
#1934=ORIENTED_EDGE('',*,*,#1318,.F.);
#1935=ORIENTED_EDGE('',*,*,#1326,.F.);
#1936=ORIENTED_EDGE('',*,*,#1044,.T.);
#1937=ORIENTED_EDGE('',*,*,#1325,.F.);
#1938=ORIENTED_EDGE('',*,*,#1319,.F.);
#1939=ORIENTED_EDGE('',*,*,#1205,.T.);
#1940=ORIENTED_EDGE('',*,*,#1045,.T.);
#1941=ORIENTED_EDGE('',*,*,#1326,.T.);
#1942=ORIENTED_EDGE('',*,*,#1302,.T.);
#1943=ORIENTED_EDGE('',*,*,#1128,.F.);
#1944=ORIENTED_EDGE('',*,*,#1305,.F.);
#1945=ORIENTED_EDGE('',*,*,#1159,.T.);
#1946=ORIENTED_EDGE('',*,*,#1320,.F.);
#1947=ORIENTED_EDGE('',*,*,#1316,.F.);
#1948=ORIENTED_EDGE('',*,*,#1306,.F.);
#1949=ORIENTED_EDGE('',*,*,#1327,.T.);
#1950=ORIENTED_EDGE('',*,*,#1039,.T.);
#1951=ORIENTED_EDGE('',*,*,#1201,.T.);
#1952=ORIENTED_EDGE('',*,*,#1126,.F.);
#1953=ORIENTED_EDGE('',*,*,#1323,.F.);
#1954=ORIENTED_EDGE('',*,*,#1040,.F.);
#1955=ORIENTED_EDGE('',*,*,#1327,.F.);
#1956=ORIENTED_EDGE('',*,*,#1146,.T.);
#1957=ORIENTED_EDGE('',*,*,#1328,.T.);
#1958=ORIENTED_EDGE('',*,*,#1329,.T.);
#1959=ORIENTED_EDGE('',*,*,#1328,.F.);
#1960=ORIENTED_EDGE('',*,*,#1329,.F.);
#1961=ORIENTED_EDGE('',*,*,#1330,.F.);
#1962=ORIENTED_EDGE('',*,*,#1331,.T.);
#1963=ORIENTED_EDGE('',*,*,#1332,.T.);
#1964=ORIENTED_EDGE('',*,*,#1330,.T.);
#1965=ORIENTED_EDGE('',*,*,#1332,.F.);
#1966=ORIENTED_EDGE('',*,*,#1145,.T.);
#1967=ORIENTED_EDGE('',*,*,#1333,.T.);
#1968=ORIENTED_EDGE('',*,*,#1331,.F.);
#1969=ORIENTED_EDGE('',*,*,#1333,.F.);
#1970=B_SPLINE_SURFACE_WITH_KNOTS('',3,1,((#2750,#2751),(#2752,#2753),(#2754,
#2755),(#2756,#2757),(#2758,#2759),(#2760,#2761),(#2762,#2763),(#2764,#2765),
(#2766,#2767),(#2768,#2769),(#2770,#2771),(#2772,#2773),(#2774,#2775)),
 .UNSPECIFIED.,.F.,.F.,.F.,(4,3,2,2,2,4),(2,2),(0.614384499538212,0.624062048739046,
0.679402886450431,0.754743724161816,0.830191080552854,0.905638436943893),
(0.,0.21),.UNSPECIFIED.);
#1971=B_SPLINE_SURFACE_WITH_KNOTS('',3,1,((#2791,#2792),(#2793,#2794),(#2795,
#2796),(#2797,#2798),(#2799,#2800),(#2801,#2802),(#2803,#2804),(#2805,#2806),
(#2807,#2808),(#2809,#2810),(#2811,#2812),(#2813,#2814),(#2815,#2816)),
 .UNSPECIFIED.,.F.,.F.,.F.,(4,2,2,2,3,4),(2,2),(0.302485660534201,0.377933016925239,
0.453380373316277,0.528721211027662,0.584062048739047,0.593739597940655),
(0.,0.21),.UNSPECIFIED.);
#1972=B_SPLINE_SURFACE_WITH_KNOTS('',3,3,((#3564,#3565,#3566,#3567,#3568,
#3569,#3570,#3571),(#3572,#3573,#3574,#3575,#3576,#3577,#3578,#3579),(#3580,
#3581,#3582,#3583,#3584,#3585,#3586,#3587),(#3588,#3589,#3590,#3591,#3592,
#3593,#3594,#3595)),.UNSPECIFIED.,.F.,.F.,.F.,(4,4),(4,1,1,1,1,4),(-0.000114654066929384,
1.),(0.112117134512156,0.137425276630674,0.145823105981204,0.179414423383322,
0.204607911434911,0.229916053553429),.UNSPECIFIED.);
#1973=B_SPLINE_SURFACE_WITH_KNOTS('',3,3,((#3671,#3672,#3673,#3674,#3675,
#3676,#3677),(#3678,#3679,#3680,#3681,#3682,#3683,#3684),(#3685,#3686,#3687,
#3688,#3689,#3690,#3691),(#3692,#3693,#3694,#3695,#3696,#3697,#3698)),
 .UNSPECIFIED.,.F.,.F.,.F.,(4,4),(4,1,1,1,4),(-9.02908944870762E-5,1.),
(-9.02908944877497E-5,0.0251934880515872,0.050386976103175,0.0839782935052921,
0.117659901801896),.UNSPECIFIED.);
#1974=B_SPLINE_SURFACE_WITH_KNOTS('',3,3,((#3759,#3760,#3761,#3762),(#3763,
#3764,#3765,#3766),(#3767,#3768,#3769,#3770),(#3771,#3772,#3773,#3774)),
 .UNSPECIFIED.,.F.,.F.,.F.,(4,4),(4,4),(0.,1.),(0.179577684375267,0.229801399486499),
 .UNSPECIFIED.);
#1975=B_SPLINE_SURFACE_WITH_KNOTS('',3,3,((#3798,#3799,#3800,#3801,#3802,
#3803,#3804),(#3805,#3806,#3807,#3808,#3809,#3810,#3811),(#3812,#3813,#3814,
#3815,#3816,#3817,#3818),(#3819,#3820,#3821,#3822,#3823,#3824,#3825)),
 .UNSPECIFIED.,.F.,.F.,.F.,(4,4),(4,1,1,1,4),(-9.0290894482755E-5,1.),(-9.02908944836861E-5,
0.0251934880515869,0.0503869761031746,0.0839782935052917,0.117659901801892),
 .UNSPECIFIED.);
#1976=B_SPLINE_SURFACE_WITH_KNOTS('',3,3,((#4001,#4002,#4003,#4004,#4005),
(#4006,#4007,#4008,#4009,#4010),(#4011,#4012,#4013,#4014,#4015),(#4016,
#4017,#4018,#4019,#4020)),.UNSPECIFIED.,.F.,.F.,.F.,(4,4),(4,1,4),(0.,1.),
(0.112250184641646,0.179422307410134,0.2298013994865),.UNSPECIFIED.);
#1977=B_SPLINE_SURFACE_WITH_KNOTS('',3,3,((#4037,#4038,#4039,#4040,#4041,
#4042,#4043),(#4044,#4045,#4046,#4047,#4048,#4049,#4050),(#4051,#4052,#4053,
#4054,#4055,#4056,#4057),(#4058,#4059,#4060,#4061,#4062,#4063,#4064)),
 .UNSPECIFIED.,.F.,.F.,.F.,(4,4),(4,1,1,1,4),(-5.08065842544621E-5,1.00000541658542),
(0.459265455064962,0.483919985048476,0.508523708447735,0.541328672980081,
0.574184444096681),.UNSPECIFIED.);
#1978=B_SPLINE_SURFACE_WITH_KNOTS('',3,3,((#4122,#4123,#4124,#4125),(#4126,
#4127,#4128,#4129),(#4130,#4131,#4132,#4133),(#4134,#4135,#4136,#4137)),
 .UNSPECIFIED.,.F.,.F.,.F.,(4,4),(4,4),(0.,1.),(-1.85569020650497,-1.85536398865032),
 .UNSPECIFIED.);
#1979=B_SPLINE_SURFACE_WITH_KNOTS('',3,3,((#4144,#4145,#4146,#4147,#4148,
#4149,#4150),(#4151,#4152,#4153,#4154,#4155,#4156,#4157),(#4158,#4159,#4160,
#4161,#4162,#4163,#4164),(#4165,#4166,#4167,#4168,#4169,#4170,#4171)),
 .UNSPECIFIED.,.F.,.F.,.F.,(4,4),(4,1,1,1,4),(0.,1.00000869886555),(0.114840754903507,
0.147645719435852,0.164048201702025,0.196853166234371,0.229658130766717),
 .UNSPECIFIED.);
#1980=B_SPLINE_SURFACE_WITH_KNOTS('',3,3,((#4231,#4232,#4233,#4234,#4235),
(#4236,#4237,#4238,#4239,#4240),(#4241,#4242,#4243,#4244,#4245),(#4246,
#4247,#4248,#4249,#4250)),.UNSPECIFIED.,.F.,.F.,.F.,(4,4),(4,1,4),(0.,1.),
(-9.1263145944011E-16,0.0503790920639136,0.1175512148158),.UNSPECIFIED.);
#1981=B_SPLINE_SURFACE_WITH_KNOTS('',3,3,((#4267,#4268,#4269,#4270),(#4271,
#4272,#4273,#4274),(#4275,#4276,#4277,#4278),(#4279,#4280,#4281,#4282)),
 .UNSPECIFIED.,.F.,.F.,.F.,(4,4),(4,4),(0.,1.),(-1.28622866493947,-1.28590244708483),
 .UNSPECIFIED.);
#1982=B_SPLINE_SURFACE_WITH_KNOTS('',3,3,((#4299,#4300,#4301,#4302,#4303,
#4304,#4305),(#4306,#4307,#4308,#4309,#4310,#4311,#4312),(#4313,#4314,#4315,
#4316,#4317,#4318,#4319),(#4320,#4321,#4322,#4323,#4324,#4325,#4326)),
 .UNSPECIFIED.,.F.,.F.,.F.,(4,4),(4,1,1,1,4),(-5.08065842539935E-5,1.00000541658542),
(0.459265455064962,0.483919985048476,0.508523708447735,0.541328672980081,
0.574184444096681),.UNSPECIFIED.);
#1983=B_SPLINE_SURFACE_WITH_KNOTS('',3,3,((#4384,#4385,#4386,#4387),(#4388,
#4389,#4390,#4391),(#4392,#4393,#4394,#4395),(#4396,#4397,#4398,#4399)),
 .UNSPECIFIED.,.F.,.F.,.F.,(4,4),(4,4),(0.,1.),(-1.85569020650497,-1.85536398865032),
 .UNSPECIFIED.);
#1984=B_SPLINE_SURFACE_WITH_KNOTS('',3,3,((#4406,#4407,#4408,#4409,#4410,
#4411,#4412),(#4413,#4414,#4415,#4416,#4417,#4418,#4419),(#4420,#4421,#4422,
#4423,#4424,#4425,#4426),(#4427,#4428,#4429,#4430,#4431,#4432,#4433)),
 .UNSPECIFIED.,.F.,.F.,.F.,(4,4),(4,1,1,1,4),(0.,1.00000869886556),(0.114840754903507,
0.147645719435852,0.164048201702025,0.196853166234371,0.229658130766717),
 .UNSPECIFIED.);
#1985=B_SPLINE_SURFACE_WITH_KNOTS('',3,3,((#4489,#4490,#4491,#4492),(#4493,
#4494,#4495,#4496),(#4497,#4498,#4499,#4500),(#4501,#4502,#4503,#4504)),
 .UNSPECIFIED.,.F.,.F.,.F.,(4,4),(4,4),(0.,1.),(-1.28622866493947,-1.28590244708483),
 .UNSPECIFIED.);
#1986=B_SPLINE_SURFACE_WITH_KNOTS('',3,3,((#4521,#4522,#4523,#4524,#4525,
#4526,#4527),(#4528,#4529,#4530,#4531,#4532,#4533,#4534),(#4535,#4536,#4537,
#4538,#4539,#4540,#4541),(#4542,#4543,#4544,#4545,#4546,#4547,#4548)),
 .UNSPECIFIED.,.F.,.F.,.F.,(4,4),(4,1,1,1,4),(-5.08065842551129E-5,1.00000541658541),
(0.459265455064961,0.483919985048476,0.508523708447735,0.541328672980081,
0.574184444096681),.UNSPECIFIED.);
#1987=B_SPLINE_SURFACE_WITH_KNOTS('',3,3,((#4606,#4607,#4608,#4609),(#4610,
#4611,#4612,#4613),(#4614,#4615,#4616,#4617),(#4618,#4619,#4620,#4621)),
 .UNSPECIFIED.,.F.,.F.,.F.,(4,4),(4,4),(0.,1.),(-1.85569020650497,-1.85536398865032),
 .UNSPECIFIED.);
#1988=B_SPLINE_SURFACE_WITH_KNOTS('',3,3,((#4628,#4629,#4630,#4631,#4632,
#4633,#4634),(#4635,#4636,#4637,#4638,#4639,#4640,#4641),(#4642,#4643,#4644,
#4645,#4646,#4647,#4648),(#4649,#4650,#4651,#4652,#4653,#4654,#4655)),
 .UNSPECIFIED.,.F.,.F.,.F.,(4,4),(4,1,1,1,4),(0.,1.00000869886556),(0.114840754903507,
0.147645719435852,0.164048201702025,0.196853166234371,0.229658130766717),
 .UNSPECIFIED.);
#1989=B_SPLINE_SURFACE_WITH_KNOTS('',3,3,((#4711,#4712,#4713,#4714),(#4715,
#4716,#4717,#4718),(#4719,#4720,#4721,#4722),(#4723,#4724,#4725,#4726)),
 .UNSPECIFIED.,.F.,.F.,.F.,(4,4),(4,4),(0.,1.),(-1.28622866493947,-1.28590244708483),
 .UNSPECIFIED.);
#1990=B_SPLINE_SURFACE_WITH_KNOTS('',3,3,((#4777,#4778,#4779,#4780,#4781),
(#4782,#4783,#4784,#4785,#4786),(#4787,#4788,#4789,#4790,#4791),(#4792,
#4793,#4794,#4795,#4796)),.UNSPECIFIED.,.F.,.F.,.F.,(4,4),(4,1,4),(0.,1.),
(0.112250184641646,0.179422307410134,0.2298013994865),.UNSPECIFIED.);
#1991=B_SPLINE_SURFACE_WITH_KNOTS('',3,3,((#4813,#4814,#4815,#4816,#4817,
#4818,#4819),(#4820,#4821,#4822,#4823,#4824,#4825,#4826),(#4827,#4828,#4829,
#4830,#4831,#4832,#4833),(#4834,#4835,#4836,#4837,#4838,#4839,#4840)),
 .UNSPECIFIED.,.F.,.F.,.F.,(4,4),(4,1,1,1,4),(0.,1.00000520840586),(0.459316261649217,
0.492121226181562,0.524926190713908,0.541328672980081,0.574133637512426),
 .UNSPECIFIED.);
#1992=B_SPLINE_SURFACE_WITH_KNOTS('',3,3,((#4898,#4899,#4900,#4901),(#4902,
#4903,#4904,#4905),(#4906,#4907,#4908,#4909),(#4910,#4911,#4912,#4913)),
 .UNSPECIFIED.,.F.,.F.,.F.,(4,4),(4,4),(0.,1.),(-1.85569020650497,-1.85536398865032),
 .UNSPECIFIED.);
#1993=B_SPLINE_SURFACE_WITH_KNOTS('',3,3,((#4920,#4921,#4922,#4923,#4924,
#4925,#4926),(#4927,#4928,#4929,#4930,#4931,#4932,#4933),(#4934,#4935,#4936,
#4937,#4938,#4939,#4940),(#4941,#4942,#4943,#4944,#4945,#4946,#4947)),
 .UNSPECIFIED.,.F.,.F.,.F.,(4,4),(4,1,1,1,4),(0.,1.00000869886556),(0.114840754903507,
0.147645719435852,0.164048201702025,0.196853166234371,0.229658130766717),
 .UNSPECIFIED.);
#1994=B_SPLINE_SURFACE_WITH_KNOTS('',3,3,((#5007,#5008,#5009,#5010,#5011),
(#5012,#5013,#5014,#5015,#5016),(#5017,#5018,#5019,#5020,#5021),(#5022,
#5023,#5024,#5025,#5026)),.UNSPECIFIED.,.F.,.F.,.F.,(4,4),(4,1,4),(0.,1.),
(-4.73965994315501E-16,0.0503790920639137,0.117551214815799),
 .UNSPECIFIED.);
#1995=B_SPLINE_SURFACE_WITH_KNOTS('',3,3,((#5043,#5044,#5045,#5046),(#5047,
#5048,#5049,#5050),(#5051,#5052,#5053,#5054),(#5055,#5056,#5057,#5058)),
 .UNSPECIFIED.,.F.,.F.,.F.,(4,4),(4,4),(0.,1.),(-1.28622866493947,-1.28590244708483),
 .UNSPECIFIED.);
#1996=ADVANCED_FACE('',(#128),#1970,.T.);
#1997=ADVANCED_FACE('',(#129),#1971,.T.);
#1998=ADVANCED_FACE('',(#130),#126,.T.);
#1999=ADVANCED_FACE('',(#131),#127,.T.);
#2000=ADVANCED_FACE('',(#132),#105,.F.);
#2001=ADVANCED_FACE('',(#133),#74,.F.);
#2002=ADVANCED_FACE('',(#134),#36,.T.);
#2003=ADVANCED_FACE('',(#135),#75,.T.);
#2004=ADVANCED_FACE('',(#136),#37,.T.);
#2005=ADVANCED_FACE('',(#137),#76,.T.);
#2006=ADVANCED_FACE('',(#138),#38,.T.);
#2007=ADVANCED_FACE('',(#139),#77,.T.);
#2008=ADVANCED_FACE('',(#140),#39,.T.);
#2009=ADVANCED_FACE('',(#141),#78,.T.);
#2010=ADVANCED_FACE('',(#142),#106,.T.);
#2011=ADVANCED_FACE('',(#143,#15),#40,.F.);
#2012=ADVANCED_FACE('',(#144),#41,.F.);
#2013=ADVANCED_FACE('',(#145,#16),#42,.F.);
#2014=ADVANCED_FACE('',(#146,#17,#18),#79,.T.);
#2015=ADVANCED_FACE('',(#147),#107,.T.);
#2016=ADVANCED_FACE('',(#148),#108,.F.);
#2017=ADVANCED_FACE('',(#149),#109,.F.);
#2018=ADVANCED_FACE('',(#150),#110,.F.);
#2019=ADVANCED_FACE('',(#151),#111,.F.);
#2020=ADVANCED_FACE('',(#152),#1972,.T.);
#2021=ADVANCED_FACE('',(#153),#80,.T.);
#2022=ADVANCED_FACE('',(#154),#1973,.T.);
#2023=ADVANCED_FACE('',(#155),#1974,.T.);
#2024=ADVANCED_FACE('',(#156),#81,.T.);
#2025=ADVANCED_FACE('',(#157),#1975,.T.);
#2026=ADVANCED_FACE('',(#158),#43,.F.);
#2027=ADVANCED_FACE('',(#159),#44,.F.);
#2028=ADVANCED_FACE('',(#160),#45,.F.);
#2029=ADVANCED_FACE('',(#161),#46,.F.);
#2030=ADVANCED_FACE('',(#162),#112,.T.);
#2031=ADVANCED_FACE('',(#163),#82,.T.);
#2032=ADVANCED_FACE('',(#164),#113,.T.);
#2033=ADVANCED_FACE('',(#165),#114,.T.);
#2034=ADVANCED_FACE('',(#166),#83,.T.);
#2035=ADVANCED_FACE('',(#167),#115,.T.);
#2036=ADVANCED_FACE('',(#168),#116,.T.);
#2037=ADVANCED_FACE('',(#169),#84,.T.);
#2038=ADVANCED_FACE('',(#170),#117,.T.);
#2039=ADVANCED_FACE('',(#171),#47,.F.);
#2040=ADVANCED_FACE('',(#172),#48,.F.);
#2041=ADVANCED_FACE('',(#173),#49,.F.);
#2042=ADVANCED_FACE('',(#174),#50,.F.);
#2043=ADVANCED_FACE('',(#175),#51,.F.);
#2044=ADVANCED_FACE('',(#176),#52,.F.);
#2045=ADVANCED_FACE('',(#177),#1976,.T.);
#2046=ADVANCED_FACE('',(#178),#1977,.T.);
#2047=ADVANCED_FACE('',(#179),#118,.T.);
#2048=ADVANCED_FACE('',(#180),#1978,.T.);
#2049=ADVANCED_FACE('',(#181),#1979,.T.);
#2050=ADVANCED_FACE('',(#182),#53,.T.);
#2051=ADVANCED_FACE('',(#183),#1980,.T.);
#2052=ADVANCED_FACE('',(#184),#1981,.T.);
#2053=ADVANCED_FACE('',(#185),#85,.T.);
#2054=ADVANCED_FACE('',(#186),#54,.T.);
#2055=ADVANCED_FACE('',(#187),#86,.T.);
#2056=ADVANCED_FACE('',(#188),#55,.T.);
#2057=ADVANCED_FACE('',(#189),#87,.F.);
#2058=ADVANCED_FACE('',(#190),#1982,.T.);
#2059=ADVANCED_FACE('',(#191),#119,.T.);
#2060=ADVANCED_FACE('',(#192),#1983,.T.);
#2061=ADVANCED_FACE('',(#193),#1984,.T.);
#2062=ADVANCED_FACE('',(#194),#56,.T.);
#2063=ADVANCED_FACE('',(#195),#1985,.T.);
#2064=ADVANCED_FACE('',(#196),#88,.T.);
#2065=ADVANCED_FACE('',(#197),#57,.T.);
#2066=ADVANCED_FACE('',(#198),#89,.T.);
#2067=ADVANCED_FACE('',(#199),#58,.T.);
#2068=ADVANCED_FACE('',(#200),#90,.F.);
#2069=ADVANCED_FACE('',(#201),#1986,.T.);
#2070=ADVANCED_FACE('',(#202),#120,.T.);
#2071=ADVANCED_FACE('',(#203),#1987,.T.);
#2072=ADVANCED_FACE('',(#204),#1988,.T.);
#2073=ADVANCED_FACE('',(#205),#59,.T.);
#2074=ADVANCED_FACE('',(#206),#1989,.T.);
#2075=ADVANCED_FACE('',(#207),#91,.T.);
#2076=ADVANCED_FACE('',(#208),#60,.T.);
#2077=ADVANCED_FACE('',(#209),#92,.T.);
#2078=ADVANCED_FACE('',(#210),#61,.T.);
#2079=ADVANCED_FACE('',(#211),#93,.F.);
#2080=ADVANCED_FACE('',(#212),#94,.F.);
#2081=ADVANCED_FACE('',(#213),#62,.T.);
#2082=ADVANCED_FACE('',(#214),#95,.T.);
#2083=ADVANCED_FACE('',(#215),#96,.F.);
#2084=ADVANCED_FACE('',(#216),#63,.T.);
#2085=ADVANCED_FACE('',(#217),#97,.F.);
#2086=ADVANCED_FACE('',(#218),#64,.T.);
#2087=ADVANCED_FACE('',(#219),#121,.T.);
#2088=ADVANCED_FACE('',(#220),#98,.T.);
#2089=ADVANCED_FACE('',(#221),#122,.T.);
#2090=ADVANCED_FACE('',(#222),#65,.F.);
#2091=ADVANCED_FACE('',(#223),#66,.F.);
#2092=ADVANCED_FACE('',(#224),#1990,.T.);
#2093=ADVANCED_FACE('',(#225),#1991,.T.);
#2094=ADVANCED_FACE('',(#226),#123,.T.);
#2095=ADVANCED_FACE('',(#227),#1992,.T.);
#2096=ADVANCED_FACE('',(#228),#1993,.T.);
#2097=ADVANCED_FACE('',(#229),#67,.T.);
#2098=ADVANCED_FACE('',(#230),#1994,.T.);
#2099=ADVANCED_FACE('',(#231),#1995,.T.);
#2100=ADVANCED_FACE('',(#232),#99,.T.);
#2101=ADVANCED_FACE('',(#233),#68,.T.);
#2102=ADVANCED_FACE('',(#234),#100,.T.);
#2103=ADVANCED_FACE('',(#235),#69,.T.);
#2104=ADVANCED_FACE('',(#236),#101,.F.);
#2105=ADVANCED_FACE('',(#237),#102,.T.);
#2106=ADVANCED_FACE('',(#238),#103,.F.);
#2107=ADVANCED_FACE('',(#239),#70,.T.);
#2108=ADVANCED_FACE('',(#240),#124,.T.);
#2109=ADVANCED_FACE('',(#241,#19),#71,.T.);
#2110=ADVANCED_FACE('',(#242),#125,.F.);
#2111=ADVANCED_FACE('',(#243),#104,.F.);
#2112=CLOSED_SHELL('',(#1996,#1997,#1998,#1999,#2000,#2001,#2002,#2003,
#2004,#2005,#2006,#2007,#2008,#2009,#2010,#2011,#2012,#2013,#2014,#2015,
#2016,#2017,#2018,#2019,#2020,#2021,#2022,#2023,#2024,#2025,#2026,#2027,
#2028,#2029,#2030,#2031,#2032,#2033,#2034,#2035,#2036,#2037,#2038,#2039,
#2040,#2041,#2042,#2043,#2044,#2045,#2046,#2047,#2048,#2049,#2050,#2051,
#2052,#2053,#2054,#2055,#2056,#2057,#2058,#2059,#2060,#2061,#2062,#2063,
#2064,#2065,#2066,#2067,#2068,#2069,#2070,#2071,#2072,#2073,#2074,#2075,
#2076,#2077,#2078,#2079,#2080,#2081,#2082,#2083,#2084,#2085,#2086,#2087,
#2088,#2089,#2090,#2091,#2092,#2093,#2094,#2095,#2096,#2097,#2098,#2099,
#2100,#2101,#2102,#2103,#2104,#2105,#2106,#2107,#2108,#2109,#2110,#2111));
#2113=DERIVED_UNIT_ELEMENT(#2115,1.);
#2114=DERIVED_UNIT_ELEMENT(#5097,-3.);
#2115=(
MASS_UNIT()
NAMED_UNIT(*)
SI_UNIT(.KILO.,.GRAM.)
);
#2116=DERIVED_UNIT((#2113,#2114));
#2117=MEASURE_REPRESENTATION_ITEM('density measure',
POSITIVE_RATIO_MEASURE(7850.),#2116);
#2118=PROPERTY_DEFINITION_REPRESENTATION(#2123,#2120);
#2119=PROPERTY_DEFINITION_REPRESENTATION(#2124,#2121);
#2120=REPRESENTATION('material name',(#2122),#5094);
#2121=REPRESENTATION('density',(#2117),#5094);
#2122=DESCRIPTIVE_REPRESENTATION_ITEM('Steel','Steel');
#2123=PROPERTY_DEFINITION('material property','material name',#5104);
#2124=PROPERTY_DEFINITION('material property','density of part',#5104);
#2125=AXIS2_PLACEMENT_3D('',#2749,#2285,#2286);
#2126=AXIS2_PLACEMENT_3D('',#2778,#2287,#2288);
#2127=AXIS2_PLACEMENT_3D('',#2819,#2290,#2291);
#2128=AXIS2_PLACEMENT_3D('',#2892,#2294,#2295);
#2129=AXIS2_PLACEMENT_3D('',#2909,#2298,#2299);
#2130=AXIS2_PLACEMENT_3D('',#2911,#2301,#2302);
#2131=AXIS2_PLACEMENT_3D('',#2913,#2303,#2304);
#2132=AXIS2_PLACEMENT_3D('',#2916,#2306,#2307);
#2133=AXIS2_PLACEMENT_3D('',#2917,#2308,#2309);
#2134=AXIS2_PLACEMENT_3D('',#2918,#2310,#2311);
#2135=AXIS2_PLACEMENT_3D('',#2922,#2313,#2314);
#2136=AXIS2_PLACEMENT_3D('',#2948,#2316,#2317);
#2137=AXIS2_PLACEMENT_3D('',#2974,#2319,#2320);
#2138=AXIS2_PLACEMENT_3D('',#3000,#2322,#2323);
#2139=AXIS2_PLACEMENT_3D('',#3026,#2325,#2326);
#2140=AXIS2_PLACEMENT_3D('',#3052,#2328,#2329);
#2141=AXIS2_PLACEMENT_3D('',#3078,#2331,#2332);
#2142=AXIS2_PLACEMENT_3D('',#3104,#2334,#2335);
#2143=AXIS2_PLACEMENT_3D('',#3108,#2337,#2338);
#2144=AXIS2_PLACEMENT_3D('',#3122,#2340,#2341);
#2145=AXIS2_PLACEMENT_3D('',#3123,#2342,#2343);
#2146=AXIS2_PLACEMENT_3D('',#3148,#2352,#2353);
#2147=AXIS2_PLACEMENT_3D('',#3150,#2354,#2355);
#2148=AXIS2_PLACEMENT_3D('',#3167,#2358,#2359);
#2149=AXIS2_PLACEMENT_3D('',#3182,#2361,#2362);
#2150=AXIS2_PLACEMENT_3D('',#3207,#2371,#2372);
#2151=AXIS2_PLACEMENT_3D('',#3209,#2373,#2374);
#2152=AXIS2_PLACEMENT_3D('',#3226,#2377,#2378);
#2153=AXIS2_PLACEMENT_3D('',#3241,#2380,#2381);
#2154=AXIS2_PLACEMENT_3D('',#3266,#2390,#2391);
#2155=AXIS2_PLACEMENT_3D('',#3268,#2392,#2393);
#2156=AXIS2_PLACEMENT_3D('',#3285,#2396,#2397);
#2157=AXIS2_PLACEMENT_3D('',#3300,#2399,#2400);
#2158=AXIS2_PLACEMENT_3D('',#3325,#2409,#2410);
#2159=AXIS2_PLACEMENT_3D('',#3327,#2411,#2412);
#2160=AXIS2_PLACEMENT_3D('',#3344,#2415,#2416);
#2161=AXIS2_PLACEMENT_3D('',#3357,#2418,#2419);
#2162=AXIS2_PLACEMENT_3D('',#3359,#2420,#2421);
#2163=AXIS2_PLACEMENT_3D('',#3362,#2423,#2424);
#2164=AXIS2_PLACEMENT_3D('',#3363,#2425,#2426);
#2165=AXIS2_PLACEMENT_3D('',#3365,#2427,#2428);
#2166=AXIS2_PLACEMENT_3D('',#3366,#2429,#2430);
#2167=AXIS2_PLACEMENT_3D('',#3382,#2432,#2433);
#2168=AXIS2_PLACEMENT_3D('',#3384,#2435,#2436);
#2169=AXIS2_PLACEMENT_3D('',#3386,#2437,#2438);
#2170=AXIS2_PLACEMENT_3D('',#3387,#2439,#2440);
#2171=AXIS2_PLACEMENT_3D('',#3389,#2441,#2442);
#2172=AXIS2_PLACEMENT_3D('',#3391,#2444,#2445);
#2173=AXIS2_PLACEMENT_3D('',#3395,#2447,#2448);
#2174=AXIS2_PLACEMENT_3D('',#3404,#2449,#2450);
#2175=AXIS2_PLACEMENT_3D('',#3413,#2451,#2452);
#2176=AXIS2_PLACEMENT_3D('',#3422,#2453,#2454);
#2177=AXIS2_PLACEMENT_3D('',#3431,#2455,#2456);
#2178=AXIS2_PLACEMENT_3D('',#3440,#2457,#2458);
#2179=AXIS2_PLACEMENT_3D('',#3449,#2459,#2460);
#2180=AXIS2_PLACEMENT_3D('',#3458,#2461,#2462);
#2181=AXIS2_PLACEMENT_3D('',#3466,#2463,#2464);
#2182=AXIS2_PLACEMENT_3D('',#3467,#2465,#2466);
#2183=AXIS2_PLACEMENT_3D('',#3469,#2467,#2468);
#2184=AXIS2_PLACEMENT_3D('',#3484,#2469,#2470);
#2185=AXIS2_PLACEMENT_3D('',#3500,#2471,#2472);
#2186=AXIS2_PLACEMENT_3D('',#3509,#2473,#2474);
#2187=AXIS2_PLACEMENT_3D('',#3525,#2475,#2476);
#2188=AXIS2_PLACEMENT_3D('',#3539,#2477,#2478);
#2189=AXIS2_PLACEMENT_3D('',#3559,#2479,#2480);
#2190=AXIS2_PLACEMENT_3D('',#3660,#2481,#2482);
#2191=AXIS2_PLACEMENT_3D('',#3662,#2483,#2484);
#2192=AXIS2_PLACEMENT_3D('',#3787,#2487,#2488);
#2193=AXIS2_PLACEMENT_3D('',#3789,#2489,#2490);
#2194=AXIS2_PLACEMENT_3D('',#3886,#2493,#2494);
#2195=AXIS2_PLACEMENT_3D('',#3888,#2496,#2497);
#2196=AXIS2_PLACEMENT_3D('',#3900,#2500,#2501);
#2197=AXIS2_PLACEMENT_3D('',#3921,#2504,#2505);
#2198=AXIS2_PLACEMENT_3D('',#3933,#2508,#2509);
#2199=AXIS2_PLACEMENT_3D('',#3935,#2510,#2511);
#2200=AXIS2_PLACEMENT_3D('',#3937,#2512,#2513);
#2201=AXIS2_PLACEMENT_3D('',#3941,#2514,#2515);
#2202=AXIS2_PLACEMENT_3D('',#3943,#2516,#2517);
#2203=AXIS2_PLACEMENT_3D('',#3945,#2519,#2520);
#2204=AXIS2_PLACEMENT_3D('',#3947,#2521,#2522);
#2205=AXIS2_PLACEMENT_3D('',#3951,#2523,#2524);
#2206=AXIS2_PLACEMENT_3D('',#3953,#2525,#2526);
#2207=AXIS2_PLACEMENT_3D('',#3955,#2527,#2528);
#2208=AXIS2_PLACEMENT_3D('',#3959,#2529,#2530);
#2209=AXIS2_PLACEMENT_3D('',#3961,#2531,#2532);
#2210=AXIS2_PLACEMENT_3D('',#3963,#2534,#2535);
#2211=AXIS2_PLACEMENT_3D('',#3965,#2536,#2537);
#2212=AXIS2_PLACEMENT_3D('',#3969,#2538,#2539);
#2213=AXIS2_PLACEMENT_3D('',#3971,#2540,#2541);
#2214=AXIS2_PLACEMENT_3D('',#3973,#2542,#2543);
#2215=AXIS2_PLACEMENT_3D('',#3977,#2544,#2545);
#2216=AXIS2_PLACEMENT_3D('',#3979,#2546,#2547);
#2217=AXIS2_PLACEMENT_3D('',#3981,#2549,#2550);
#2218=AXIS2_PLACEMENT_3D('',#3983,#2551,#2552);
#2219=AXIS2_PLACEMENT_3D('',#3987,#2553,#2554);
#2220=AXIS2_PLACEMENT_3D('',#3989,#2555,#2556);
#2221=AXIS2_PLACEMENT_3D('',#3991,#2558,#2559);
#2222=AXIS2_PLACEMENT_3D('',#3993,#2561,#2562);
#2223=AXIS2_PLACEMENT_3D('',#3995,#2564,#2565);
#2224=AXIS2_PLACEMENT_3D('',#3997,#2567,#2568);
#2225=AXIS2_PLACEMENT_3D('',#3999,#2570,#2571);
#2226=AXIS2_PLACEMENT_3D('',#4116,#2574,#2575);
#2227=AXIS2_PLACEMENT_3D('',#4121,#2578,#2579);
#2228=AXIS2_PLACEMENT_3D('',#4225,#2582,#2583);
#2229=AXIS2_PLACEMENT_3D('',#4289,#2587,#2588);
#2230=AXIS2_PLACEMENT_3D('',#4292,#2591,#2592);
#2231=AXIS2_PLACEMENT_3D('',#4294,#2594,#2595);
#2232=AXIS2_PLACEMENT_3D('',#4296,#2597,#2598);
#2233=AXIS2_PLACEMENT_3D('',#4298,#2600,#2601);
#2234=AXIS2_PLACEMENT_3D('',#4378,#2603,#2604);
#2235=AXIS2_PLACEMENT_3D('',#4383,#2607,#2608);
#2236=AXIS2_PLACEMENT_3D('',#4487,#2611,#2612);
#2237=AXIS2_PLACEMENT_3D('',#4511,#2614,#2615);
#2238=AXIS2_PLACEMENT_3D('',#4514,#2618,#2619);
#2239=AXIS2_PLACEMENT_3D('',#4516,#2621,#2622);
#2240=AXIS2_PLACEMENT_3D('',#4518,#2624,#2625);
#2241=AXIS2_PLACEMENT_3D('',#4520,#2627,#2628);
#2242=AXIS2_PLACEMENT_3D('',#4600,#2630,#2631);
#2243=AXIS2_PLACEMENT_3D('',#4605,#2634,#2635);
#2244=AXIS2_PLACEMENT_3D('',#4709,#2638,#2639);
#2245=AXIS2_PLACEMENT_3D('',#4733,#2641,#2642);
#2246=AXIS2_PLACEMENT_3D('',#4736,#2645,#2646);
#2247=AXIS2_PLACEMENT_3D('',#4738,#2648,#2649);
#2248=AXIS2_PLACEMENT_3D('',#4740,#2651,#2652);
#2249=AXIS2_PLACEMENT_3D('',#4742,#2654,#2655);
#2250=AXIS2_PLACEMENT_3D('',#4743,#2656,#2657);
#2251=AXIS2_PLACEMENT_3D('',#4745,#2659,#2660);
#2252=AXIS2_PLACEMENT_3D('',#4746,#2661,#2662);
#2253=AXIS2_PLACEMENT_3D('',#4747,#2663,#2664);
#2254=AXIS2_PLACEMENT_3D('',#4749,#2666,#2667);
#2255=AXIS2_PLACEMENT_3D('',#4750,#2668,#2669);
#2256=AXIS2_PLACEMENT_3D('',#4752,#2671,#2672);
#2257=AXIS2_PLACEMENT_3D('',#4753,#2673,#2674);
#2258=AXIS2_PLACEMENT_3D('',#4755,#2675,#2676);
#2259=AXIS2_PLACEMENT_3D('',#4757,#2677,#2678);
#2260=AXIS2_PLACEMENT_3D('',#4761,#2679,#2680);
#2261=AXIS2_PLACEMENT_3D('',#4763,#2681,#2682);
#2262=AXIS2_PLACEMENT_3D('',#4765,#2684,#2685);
#2263=AXIS2_PLACEMENT_3D('',#4767,#2686,#2687);
#2264=AXIS2_PLACEMENT_3D('',#4771,#2688,#2689);
#2265=AXIS2_PLACEMENT_3D('',#4773,#2690,#2691);
#2266=AXIS2_PLACEMENT_3D('',#4775,#2693,#2694);
#2267=AXIS2_PLACEMENT_3D('',#4892,#2697,#2698);
#2268=AXIS2_PLACEMENT_3D('',#4897,#2701,#2702);
#2269=AXIS2_PLACEMENT_3D('',#5001,#2705,#2706);
#2270=AXIS2_PLACEMENT_3D('',#5065,#2710,#2711);
#2271=AXIS2_PLACEMENT_3D('',#5068,#2714,#2715);
#2272=AXIS2_PLACEMENT_3D('',#5070,#2717,#2718);
#2273=AXIS2_PLACEMENT_3D('',#5072,#2720,#2721);
#2274=AXIS2_PLACEMENT_3D('',#5074,#2723,#2724);
#2275=AXIS2_PLACEMENT_3D('',#5075,#2725,#2726);
#2276=AXIS2_PLACEMENT_3D('',#5076,#2727,#2728);
#2277=AXIS2_PLACEMENT_3D('',#5078,#2730,#2731);
#2278=AXIS2_PLACEMENT_3D('',#5079,#2732,#2733);
#2279=AXIS2_PLACEMENT_3D('',#5082,#2735,#2736);
#2280=AXIS2_PLACEMENT_3D('',#5083,#2737,#2738);
#2281=AXIS2_PLACEMENT_3D('',#5085,#2739,#2740);
#2282=AXIS2_PLACEMENT_3D('',#5086,#2741,#2742);
#2283=AXIS2_PLACEMENT_3D('',#5088,#2743,#2744);
#2284=AXIS2_PLACEMENT_3D('',#5090,#2746,#2747);
#2285=DIRECTION('axis',(0.,0.,1.));
#2286=DIRECTION('refdir',(1.,0.,0.));
#2287=DIRECTION('center_axis',(-8.51718208569687E-16,9.26594225923163E-15,
-1.));
#2288=DIRECTION('ref_axis',(-0.825545819702664,-0.564335095108799,-4.53415101885908E-15));
#2289=DIRECTION('',(0.,0.,-1.));
#2290=DIRECTION('center_axis',(-8.51718208569687E-16,9.26594225923163E-15,
-1.));
#2291=DIRECTION('ref_axis',(-0.825545819702664,-0.564335095108799,-4.53415101885908E-15));
#2292=DIRECTION('',(0.,0.,-1.));
#2293=DIRECTION('',(0.174931514403117,0.11958148228981,0.977291785682252));
#2294=DIRECTION('center_axis',(-3.59571863859783E-15,7.94287718225239E-15,
-1.));
#2295=DIRECTION('ref_axis',(-0.825545819702665,-0.564335095108797,-1.51401385916252E-15));
#2296=DIRECTION('',(-0.205281128939369,-0.0525397348620452,-0.977291785682252));
#2297=DIRECTION('',(0.,0.,1.));
#2298=DIRECTION('center_axis',(-3.59566536475259E-15,7.94275950129564E-15,
-1.));
#2299=DIRECTION('ref_axis',(-0.825545819702664,-0.564335095108798,-1.51399142766883E-15));
#2300=DIRECTION('',(0.,0.,-1.));
#2301=DIRECTION('center_axis',(0.,0.,-1.));
#2302=DIRECTION('ref_axis',(1.,0.,0.));
#2303=DIRECTION('center_axis',(0.,0.,1.));
#2304=DIRECTION('ref_axis',(1.,0.,0.));
#2305=DIRECTION('',(-0.21189800763102,2.59500216791031E-17,-0.977291785682252));
#2306=DIRECTION('center_axis',(0.,0.,-1.));
#2307=DIRECTION('ref_axis',(1.,0.,0.));
#2308=DIRECTION('center_axis',(0.,0.,-1.));
#2309=DIRECTION('ref_axis',(1.,0.,0.));
#2310=DIRECTION('center_axis',(0.,0.,-1.));
#2311=DIRECTION('ref_axis',(1.,0.,0.));
#2312=DIRECTION('',(0.,0.,-1.));
#2313=DIRECTION('center_axis',(0.,0.,1.));
#2314=DIRECTION('ref_axis',(6.12323399573676E-17,1.,0.));
#2315=DIRECTION('',(0.,0.,-1.));
#2316=DIRECTION('center_axis',(0.,0.,1.));
#2317=DIRECTION('ref_axis',(1.,0.,0.));
#2318=DIRECTION('',(0.,0.,1.));
#2319=DIRECTION('center_axis',(0.,0.,1.));
#2320=DIRECTION('ref_axis',(1.,0.,0.));
#2321=DIRECTION('',(0.,0.,-1.));
#2322=DIRECTION('center_axis',(0.,0.,1.));
#2323=DIRECTION('ref_axis',(1.,0.,0.));
#2324=DIRECTION('',(0.,0.,1.));
#2325=DIRECTION('center_axis',(0.,0.,1.));
#2326=DIRECTION('ref_axis',(-1.83697019872103E-16,-1.,0.));
#2327=DIRECTION('',(0.,0.,-1.));
#2328=DIRECTION('center_axis',(0.,0.,1.));
#2329=DIRECTION('ref_axis',(1.,0.,0.));
#2330=DIRECTION('',(0.,0.,1.));
#2331=DIRECTION('center_axis',(0.,0.,1.));
#2332=DIRECTION('ref_axis',(-1.,1.22464679914735E-16,0.));
#2333=DIRECTION('',(0.,0.,-1.));
#2334=DIRECTION('center_axis',(0.,0.,1.));
#2335=DIRECTION('ref_axis',(1.,0.,0.));
#2336=DIRECTION('',(0.,0.,-1.));
#2337=DIRECTION('center_axis',(0.949582060343862,0.313518597013153,9.76535302209175E-8));
#2338=DIRECTION('ref_axis',(-0.000574977712802171,0.00174117539759702,0.999998318853019));
#2339=DIRECTION('',(0.,0.,1.));
#2340=DIRECTION('center_axis',(0.,0.,1.));
#2341=DIRECTION('ref_axis',(6.12323399573676E-17,1.,0.));
#2342=DIRECTION('center_axis',(0.46380864167133,0.885935406173044,0.));
#2343=DIRECTION('ref_axis',(0.,0.,1.));
#2344=DIRECTION('',(-0.885935406173044,0.46380864167133,0.));
#2345=DIRECTION('',(0.,0.,-1.));
#2346=DIRECTION('',(0.885935406173044,-0.46380864167133,0.));
#2347=DIRECTION('',(0.,0.,-1.));
#2348=DIRECTION('',(-0.885935406173043,0.463808641671331,0.));
#2349=DIRECTION('',(0.,0.,1.));
#2350=DIRECTION('',(-0.885935406173047,0.463808641671324,-3.06677464117841E-14));
#2351=DIRECTION('',(0.,0.,-1.));
#2352=DIRECTION('center_axis',(0.,0.,-1.));
#2353=DIRECTION('ref_axis',(-1.83697019872103E-16,-1.,0.));
#2354=DIRECTION('center_axis',(0.,0.,-1.));
#2355=DIRECTION('ref_axis',(-1.83697019872103E-16,-1.,0.));
#2356=DIRECTION('',(0.,0.,1.));
#2357=DIRECTION('',(-0.280899072158032,-0.959737313675339,0.));
#2358=DIRECTION('center_axis',(0.,0.,-1.));
#2359=DIRECTION('ref_axis',(-1.83697019872103E-16,-1.,0.));
#2360=DIRECTION('',(0.280899072158391,-0.959737313675234,0.));
#2361=DIRECTION('center_axis',(0.885935406173043,-0.463808641671331,0.));
#2362=DIRECTION('ref_axis',(0.,0.,-1.));
#2363=DIRECTION('',(0.463808641671331,0.885935406173043,0.));
#2364=DIRECTION('',(0.,0.,-1.));
#2365=DIRECTION('',(-0.463808641671331,-0.885935406173043,0.));
#2366=DIRECTION('',(0.,0.,-1.));
#2367=DIRECTION('',(0.463808641671332,0.885935406173042,0.));
#2368=DIRECTION('',(0.,0.,1.));
#2369=DIRECTION('',(0.46380864167132,0.885935406173049,-3.06677464117839E-14));
#2370=DIRECTION('',(0.,0.,-1.));
#2371=DIRECTION('center_axis',(0.,0.,-1.));
#2372=DIRECTION('ref_axis',(-1.,1.22464679914735E-16,0.));
#2373=DIRECTION('center_axis',(0.,0.,-1.));
#2374=DIRECTION('ref_axis',(-1.,1.22464679914735E-16,0.));
#2375=DIRECTION('',(0.,0.,1.));
#2376=DIRECTION('',(-0.959737313675234,0.280899072158391,0.));
#2377=DIRECTION('center_axis',(0.,0.,-1.));
#2378=DIRECTION('ref_axis',(-1.,1.22464679914735E-16,0.));
#2379=DIRECTION('',(-0.959737313675339,-0.280899072158032,0.));
#2380=DIRECTION('center_axis',(-0.463808641671321,-0.885935406173048,0.));
#2381=DIRECTION('ref_axis',(0.,0.,-1.));
#2382=DIRECTION('',(0.885935406173048,-0.463808641671321,0.));
#2383=DIRECTION('',(0.,0.,-1.));
#2384=DIRECTION('',(-0.885935406173048,0.463808641671321,0.));
#2385=DIRECTION('',(0.,0.,-1.));
#2386=DIRECTION('',(0.885935406173048,-0.463808641671321,0.));
#2387=DIRECTION('',(0.,0.,1.));
#2388=DIRECTION('',(0.885935406173047,-0.463808641671323,-3.06677464117837E-14));
#2389=DIRECTION('',(0.,0.,-1.));
#2390=DIRECTION('center_axis',(0.,0.,-1.));
#2391=DIRECTION('ref_axis',(6.12323399573677E-17,1.,0.));
#2392=DIRECTION('center_axis',(0.,0.,-1.));
#2393=DIRECTION('ref_axis',(6.12323399573677E-17,1.,0.));
#2394=DIRECTION('',(0.,0.,1.));
#2395=DIRECTION('',(0.280899072158032,0.959737313675339,0.));
#2396=DIRECTION('center_axis',(0.,0.,-1.));
#2397=DIRECTION('ref_axis',(6.12323399573677E-17,1.,0.));
#2398=DIRECTION('',(-0.280899072158032,0.959737313675339,0.));
#2399=DIRECTION('center_axis',(-0.885935406173046,0.463808641671325,0.));
#2400=DIRECTION('ref_axis',(0.,0.,1.));
#2401=DIRECTION('',(-0.463808641671325,-0.885935406173046,0.));
#2402=DIRECTION('',(0.,0.,-1.));
#2403=DIRECTION('',(0.463808641671325,0.885935406173046,0.));
#2404=DIRECTION('',(0.,0.,-1.));
#2405=DIRECTION('',(-0.463808641671325,-0.885935406173046,0.));
#2406=DIRECTION('',(0.,0.,1.));
#2407=DIRECTION('',(-0.463808641671323,-0.885935406173047,-1.22670985647136E-14));
#2408=DIRECTION('',(0.,0.,-1.));
#2409=DIRECTION('center_axis',(0.,0.,-1.));
#2410=DIRECTION('ref_axis',(1.,0.,0.));
#2411=DIRECTION('center_axis',(0.,0.,-1.));
#2412=DIRECTION('ref_axis',(1.,0.,0.));
#2413=DIRECTION('',(0.,0.,1.));
#2414=DIRECTION('',(0.959737313675339,-0.280899072158032,0.));
#2415=DIRECTION('center_axis',(0.,0.,-1.));
#2416=DIRECTION('ref_axis',(1.,0.,0.));
#2417=DIRECTION('',(0.959737313675339,0.280899072158032,0.));
#2418=DIRECTION('center_axis',(0.,0.,1.));
#2419=DIRECTION('ref_axis',(1.,0.,0.));
#2420=DIRECTION('center_axis',(0.,0.,1.));
#2421=DIRECTION('ref_axis',(1.,0.,0.));
#2422=DIRECTION('',(-0.707106781186546,8.65956056235491E-17,0.707106781186549));
#2423=DIRECTION('center_axis',(-8.51718208569706E-16,9.26594225923163E-15,
-1.));
#2424=DIRECTION('ref_axis',(-0.825545819702664,-0.564335095108799,-4.53415101885908E-15));
#2425=DIRECTION('center_axis',(0.,0.,1.));
#2426=DIRECTION('ref_axis',(1.,0.,0.));
#2427=DIRECTION('center_axis',(-3.60834014978218E-15,7.97075787127946E-15,
-1.));
#2428=DIRECTION('ref_axis',(-0.825545819702665,-0.564335095108798,-1.51932827465976E-15));
#2429=DIRECTION('center_axis',(-0.313520502757565,0.949581431131972,0.));
#2430=DIRECTION('ref_axis',(0.949581431131972,0.313520502757565,0.));
#2431=DIRECTION('',(-0.474790715565928,-0.156760251378763,-0.866025403784474));
#2432=DIRECTION('center_axis',(0.313520502757565,-0.949581431131972,0.));
#2433=DIRECTION('ref_axis',(0.949581431131972,0.313520502757565,-1.78677148204903E-18));
#2434=DIRECTION('',(-0.949581431131972,-0.313520502757565,2.43864987077053E-15));
#2435=DIRECTION('center_axis',(0.,0.,1.));
#2436=DIRECTION('ref_axis',(1.,0.,0.));
#2437=DIRECTION('center_axis',(0.,0.,-1.));
#2438=DIRECTION('ref_axis',(1.,0.,0.));
#2439=DIRECTION('center_axis',(0.,0.,1.));
#2440=DIRECTION('ref_axis',(1.,0.,0.));
#2441=DIRECTION('center_axis',(0.,0.,1.));
#2442=DIRECTION('ref_axis',(1.,0.,0.));
#2443=DIRECTION('',(0.,0.,-1.));
#2444=DIRECTION('center_axis',(0.,0.,1.));
#2445=DIRECTION('ref_axis',(0.896379483867189,0.443287514940351,0.));
#2446=DIRECTION('',(0.448189741933595,0.221643757470176,-0.866025403784438));
#2447=DIRECTION('center_axis',(-6.45053133652055E-15,6.54222912956388E-15,
-1.));
#2448=DIRECTION('ref_axis',(-0.825545819702663,-0.5643350951088,1.64174409914539E-15));
#2449=DIRECTION('center_axis',(0.,0.,-1.));
#2450=DIRECTION('ref_axis',(-1.,1.22464679914735E-16,0.));
#2451=DIRECTION('center_axis',(0.,0.,1.));
#2452=DIRECTION('ref_axis',(1.,0.,0.));
#2453=DIRECTION('center_axis',(0.,0.,-1.));
#2454=DIRECTION('ref_axis',(-1.83697019872103E-16,-1.,0.));
#2455=DIRECTION('center_axis',(0.,0.,1.));
#2456=DIRECTION('ref_axis',(1.,0.,0.));
#2457=DIRECTION('center_axis',(0.,0.,-1.));
#2458=DIRECTION('ref_axis',(1.,0.,0.));
#2459=DIRECTION('center_axis',(0.,0.,1.));
#2460=DIRECTION('ref_axis',(1.,0.,0.));
#2461=DIRECTION('center_axis',(0.,0.,-1.));
#2462=DIRECTION('ref_axis',(6.12323399573677E-17,1.,0.));
#2463=DIRECTION('center_axis',(-6.45053133652055E-15,6.54222912956388E-15,
-1.));
#2464=DIRECTION('ref_axis',(-0.825545819702663,-0.5643350951088,1.64174409914539E-15));
#2465=DIRECTION('center_axis',(0.,0.,-1.));
#2466=DIRECTION('ref_axis',(0.,-1.,0.));
#2467=DIRECTION('center_axis',(-6.70954548204986E-16,9.32236041926962E-15,
-1.));
#2468=DIRECTION('ref_axis',(-0.825545819702664,-0.564335095108798,-4.7157236978191E-15));
#2469=DIRECTION('center_axis',(0.,0.,-1.));
#2470=DIRECTION('ref_axis',(0.,-1.,0.));
#2471=DIRECTION('center_axis',(0.,0.,-1.));
#2472=DIRECTION('ref_axis',(0.,-1.,0.));
#2473=DIRECTION('center_axis',(0.,0.,-1.));
#2474=DIRECTION('ref_axis',(0.,-1.,0.));
#2475=DIRECTION('center_axis',(0.,0.,-1.));
#2476=DIRECTION('ref_axis',(0.,-1.,0.));
#2477=DIRECTION('center_axis',(0.,0.,-1.));
#2478=DIRECTION('ref_axis',(0.,-1.,0.));
#2479=DIRECTION('center_axis',(0.,0.,-1.));
#2480=DIRECTION('ref_axis',(0.,-1.,0.));
#2481=DIRECTION('center_axis',(0.,0.,-1.));
#2482=DIRECTION('ref_axis',(-1.,1.22464679914735E-16,0.));
#2483=DIRECTION('center_axis',(0.,0.,1.));
#2484=DIRECTION('ref_axis',(-1.,1.22464679914735E-16,0.));
#2485=DIRECTION('',(0.,0.,1.));
#2486=DIRECTION('',(-0.463808641671325,0.885935406173046,0.));
#2487=DIRECTION('center_axis',(0.,0.,-1.));
#2488=DIRECTION('ref_axis',(6.12323399573677E-17,1.,0.));
#2489=DIRECTION('center_axis',(0.,0.,1.));
#2490=DIRECTION('ref_axis',(6.12323399573677E-17,1.,0.));
#2491=DIRECTION('',(0.,0.,1.));
#2492=DIRECTION('',(0.885935406173047,0.463808641671323,0.));
#2493=DIRECTION('center_axis',(0.,0.,1.));
#2494=DIRECTION('ref_axis',(1.,0.,0.));
#2495=DIRECTION('',(0.294827865547989,0.95555038051189,0.));
#2496=DIRECTION('center_axis',(0.,0.,1.));
#2497=DIRECTION('ref_axis',(1.,0.,0.));
#2498=DIRECTION('',(-0.294827865547989,0.95555038051189,0.));
#2499=DIRECTION('',(0.95555038051189,-0.294827865547989,0.));
#2500=DIRECTION('center_axis',(0.,0.,1.));
#2501=DIRECTION('ref_axis',(1.,0.,0.));
#2502=DIRECTION('',(0.95555038051189,0.294827865547989,0.));
#2503=DIRECTION('',(-0.294827865547989,-0.95555038051189,0.));
#2504=DIRECTION('center_axis',(0.,0.,1.));
#2505=DIRECTION('ref_axis',(1.,0.,0.));
#2506=DIRECTION('',(0.294827865547989,-0.95555038051189,0.));
#2507=DIRECTION('',(-0.95555038051189,0.294827865547989,0.));
#2508=DIRECTION('center_axis',(0.,0.,-1.));
#2509=DIRECTION('ref_axis',(1.,-1.83697019872103E-16,0.));
#2510=DIRECTION('center_axis',(0.,0.,1.));
#2511=DIRECTION('ref_axis',(1.,-1.83697019872103E-16,0.));
#2512=DIRECTION('center_axis',(0.,0.,-1.));
#2513=DIRECTION('ref_axis',(1.,0.,0.));
#2514=DIRECTION('center_axis',(0.,0.,-1.));
#2515=DIRECTION('ref_axis',(1.,-1.83697019872103E-16,0.));
#2516=DIRECTION('center_axis',(0.,0.,-1.));
#2517=DIRECTION('ref_axis',(1.,0.,0.));
#2518=DIRECTION('',(0.,0.,1.));
#2519=DIRECTION('center_axis',(0.,0.,1.));
#2520=DIRECTION('ref_axis',(1.,-1.83697019872103E-16,0.));
#2521=DIRECTION('center_axis',(0.,0.,-1.));
#2522=DIRECTION('ref_axis',(1.,0.,0.));
#2523=DIRECTION('center_axis',(0.,0.,-1.));
#2524=DIRECTION('ref_axis',(-1.22464679914735E-16,-1.,0.));
#2525=DIRECTION('center_axis',(0.,0.,1.));
#2526=DIRECTION('ref_axis',(-1.22464679914735E-16,-1.,0.));
#2527=DIRECTION('center_axis',(0.,0.,-1.));
#2528=DIRECTION('ref_axis',(1.,0.,0.));
#2529=DIRECTION('center_axis',(0.,0.,-1.));
#2530=DIRECTION('ref_axis',(-1.22464679914735E-16,-1.,0.));
#2531=DIRECTION('center_axis',(0.,0.,-1.));
#2532=DIRECTION('ref_axis',(1.,0.,0.));
#2533=DIRECTION('',(0.,0.,1.));
#2534=DIRECTION('center_axis',(0.,0.,1.));
#2535=DIRECTION('ref_axis',(-1.22464679914735E-16,-1.,0.));
#2536=DIRECTION('center_axis',(0.,0.,-1.));
#2537=DIRECTION('ref_axis',(1.,0.,0.));
#2538=DIRECTION('center_axis',(0.,0.,-1.));
#2539=DIRECTION('ref_axis',(-1.,6.12323399573677E-17,0.));
#2540=DIRECTION('center_axis',(0.,0.,1.));
#2541=DIRECTION('ref_axis',(-1.,6.12323399573677E-17,0.));
#2542=DIRECTION('center_axis',(0.,0.,-1.));
#2543=DIRECTION('ref_axis',(1.,0.,0.));
#2544=DIRECTION('center_axis',(0.,0.,-1.));
#2545=DIRECTION('ref_axis',(-1.,6.12323399573677E-17,0.));
#2546=DIRECTION('center_axis',(0.,0.,-1.));
#2547=DIRECTION('ref_axis',(1.,0.,0.));
#2548=DIRECTION('',(0.,0.,1.));
#2549=DIRECTION('center_axis',(0.,0.,1.));
#2550=DIRECTION('ref_axis',(-1.,6.12323399573677E-17,0.));
#2551=DIRECTION('center_axis',(0.,0.,-1.));
#2552=DIRECTION('ref_axis',(1.,0.,0.));
#2553=DIRECTION('center_axis',(0.,0.,1.));
#2554=DIRECTION('ref_axis',(-1.83697019872103E-16,-1.,0.));
#2555=DIRECTION('center_axis',(0.,0.,1.));
#2556=DIRECTION('ref_axis',(-1.83697019872103E-16,-1.,0.));
#2557=DIRECTION('',(0.885935406173047,0.463808641671324,0.));
#2558=DIRECTION('center_axis',(0.,0.,-1.));
#2559=DIRECTION('ref_axis',(1.83697019872103E-16,1.,0.));
#2560=DIRECTION('',(-0.885935406173047,-0.463808641671324,0.));
#2561=DIRECTION('center_axis',(0.,0.,1.));
#2562=DIRECTION('ref_axis',(-1.,1.22464679914735E-16,0.));
#2563=DIRECTION('',(0.463808641671323,-0.885935406173047,0.));
#2564=DIRECTION('center_axis',(0.,0.,-1.));
#2565=DIRECTION('ref_axis',(1.,-1.22464679914735E-16,0.));
#2566=DIRECTION('',(-0.463808641671323,0.885935406173047,0.));
#2567=DIRECTION('center_axis',(0.,0.,1.));
#2568=DIRECTION('ref_axis',(6.12323399573677E-17,1.,0.));
#2569=DIRECTION('',(-0.885935406173047,-0.463808641671324,0.));
#2570=DIRECTION('center_axis',(0.,0.,-1.));
#2571=DIRECTION('ref_axis',(-6.12323399573677E-17,-1.,0.));
#2572=DIRECTION('',(0.885935406173047,0.463808641671324,0.));
#2573=DIRECTION('',(-0.678627839747181,-0.198743205274429,-0.707082310256253));
#2574=DIRECTION('center_axis',(0.,0.,1.));
#2575=DIRECTION('ref_axis',(-1.83697019872103E-16,-1.,0.));
#2576=DIRECTION('',(0.678669151245945,0.198514944392373,0.707106781186549));
#2577=DIRECTION('',(-0.678669151245947,0.198514944392377,-0.707106781186545));
#2578=DIRECTION('center_axis',(0.,0.,1.));
#2579=DIRECTION('ref_axis',(-1.83697019872103E-16,-1.,0.));
#2580=DIRECTION('',(-0.885935406173048,-0.463808641671321,0.));
#2581=DIRECTION('',(0.678627839747181,-0.198743205274431,0.707082310256253));
#2582=DIRECTION('center_axis',(0.463808641671324,-0.885935406173047,0.));
#2583=DIRECTION('ref_axis',(0.,0.,-1.));
#2584=DIRECTION('',(0.,0.,1.));
#2585=DIRECTION('',(-0.885935406173046,-0.463808641671326,0.));
#2586=DIRECTION('',(0.,0.,-1.));
#2587=DIRECTION('center_axis',(-0.95555038051189,-0.294827865547989,0.));
#2588=DIRECTION('ref_axis',(-0.208474783011739,0.675676153825343,-0.707106781186547));
#2589=DIRECTION('',(-0.95555038051189,-0.294827865547989,0.));
#2590=DIRECTION('',(0.95555038051189,0.294827865547989,0.));
#2591=DIRECTION('center_axis',(0.,0.,-1.));
#2592=DIRECTION('ref_axis',(1.83697019872103E-16,1.,0.));
#2593=DIRECTION('',(0.95555038051189,-0.294827865547989,0.));
#2594=DIRECTION('center_axis',(-0.95555038051189,0.294827865547989,0.));
#2595=DIRECTION('ref_axis',(-0.208474783011739,-0.675676153825343,-0.707106781186547));
#2596=DIRECTION('',(-0.95555038051189,0.294827865547989,0.));
#2597=DIRECTION('center_axis',(-0.294827865547989,-0.95555038051189,0.));
#2598=DIRECTION('ref_axis',(-0.95555038051189,0.294827865547989,0.));
#2599=DIRECTION('',(0.95555038051189,-0.294827865547989,0.));
#2600=DIRECTION('center_axis',(-0.95555038051189,0.294827865547989,0.));
#2601=DIRECTION('ref_axis',(0.208474783011738,0.675676153825342,0.707106781186548));
#2602=DIRECTION('',(-0.198743205274426,0.678627839747181,-0.707082310256254));
#2603=DIRECTION('center_axis',(0.,0.,1.));
#2604=DIRECTION('ref_axis',(-1.,1.22464679914735E-16,0.));
#2605=DIRECTION('',(0.198514944392375,-0.678669151245944,0.707106781186549));
#2606=DIRECTION('',(0.198514944392375,0.678669151245947,-0.707106781186546));
#2607=DIRECTION('center_axis',(0.,0.,1.));
#2608=DIRECTION('ref_axis',(-1.,1.22464679914735E-16,0.));
#2609=DIRECTION('',(-0.463808641671323,0.885935406173047,0.));
#2610=DIRECTION('',(-0.198743205274429,-0.678627839747181,0.707082310256253));
#2611=DIRECTION('center_axis',(-0.885935406173048,-0.463808641671323,0.));
#2612=DIRECTION('ref_axis',(0.,0.,1.));
#2613=DIRECTION('',(0.,0.,-1.));
#2614=DIRECTION('center_axis',(-0.294827865547989,0.95555038051189,0.));
#2615=DIRECTION('ref_axis',(0.675676153825343,0.208474783011739,-0.707106781186547));
#2616=DIRECTION('',(-0.294827865547989,0.95555038051189,0.));
#2617=DIRECTION('',(0.294827865547989,-0.95555038051189,0.));
#2618=DIRECTION('center_axis',(0.,0.,-1.));
#2619=DIRECTION('ref_axis',(1.,-1.22464679914735E-16,0.));
#2620=DIRECTION('',(-0.294827865547989,-0.95555038051189,0.));
#2621=DIRECTION('center_axis',(0.294827865547989,0.95555038051189,0.));
#2622=DIRECTION('ref_axis',(-0.675676153825343,0.208474783011739,-0.707106781186547));
#2623=DIRECTION('',(0.294827865547989,0.95555038051189,0.));
#2624=DIRECTION('center_axis',(-0.95555038051189,0.294827865547989,0.));
#2625=DIRECTION('ref_axis',(0.294827865547989,0.95555038051189,0.));
#2626=DIRECTION('',(-0.294827865547989,-0.95555038051189,0.));
#2627=DIRECTION('center_axis',(0.294827865547989,0.95555038051189,0.));
#2628=DIRECTION('ref_axis',(0.675676153825343,-0.208474783011739,0.707106781186547));
#2629=DIRECTION('',(0.678627839747181,0.198743205274428,-0.707082310256254));
#2630=DIRECTION('center_axis',(0.,0.,1.));
#2631=DIRECTION('ref_axis',(6.12323399573677E-17,1.,0.));
#2632=DIRECTION('',(-0.678669151245944,-0.198514944392375,0.707106781186549));
#2633=DIRECTION('',(0.678669151245947,-0.198514944392375,-0.707106781186546));
#2634=DIRECTION('center_axis',(0.,0.,1.));
#2635=DIRECTION('ref_axis',(6.12323399573677E-17,1.,0.));
#2636=DIRECTION('',(0.885935406173046,0.463808641671326,0.));
#2637=DIRECTION('',(-0.678627839747181,0.198743205274429,0.707082310256253));
#2638=DIRECTION('center_axis',(-0.463808641671324,0.885935406173047,0.));
#2639=DIRECTION('ref_axis',(0.,0.,1.));
#2640=DIRECTION('',(0.,0.,-1.));
#2641=DIRECTION('center_axis',(0.95555038051189,0.294827865547989,0.));
#2642=DIRECTION('ref_axis',(0.208474783011739,-0.675676153825343,-0.707106781186547));
#2643=DIRECTION('',(0.95555038051189,0.294827865547989,0.));
#2644=DIRECTION('',(-0.95555038051189,-0.294827865547989,0.));
#2645=DIRECTION('center_axis',(0.,0.,-1.));
#2646=DIRECTION('ref_axis',(-6.12323399573677E-17,-1.,0.));
#2647=DIRECTION('',(-0.95555038051189,0.294827865547989,0.));
#2648=DIRECTION('center_axis',(0.95555038051189,-0.294827865547989,0.));
#2649=DIRECTION('ref_axis',(0.208474783011739,0.675676153825343,-0.707106781186547));
#2650=DIRECTION('',(0.95555038051189,-0.294827865547989,0.));
#2651=DIRECTION('center_axis',(0.294827865547989,0.95555038051189,0.));
#2652=DIRECTION('ref_axis',(0.95555038051189,-0.294827865547989,0.));
#2653=DIRECTION('',(-0.95555038051189,0.294827865547989,0.));
#2654=DIRECTION('center_axis',(0.95555038051189,-0.294827865547989,0.));
#2655=DIRECTION('ref_axis',(-0.208474783011738,-0.675676153825342,0.707106781186548));
#2656=DIRECTION('center_axis',(-0.95555038051189,-0.294827865547989,0.));
#2657=DIRECTION('ref_axis',(0.208474783011738,-0.675676153825342,0.707106781186548));
#2658=DIRECTION('',(-0.95555038051189,-0.294827865547989,0.));
#2659=DIRECTION('center_axis',(-0.294827865547989,0.95555038051189,0.));
#2660=DIRECTION('ref_axis',(0.95555038051189,0.294827865547989,0.));
#2661=DIRECTION('center_axis',(0.,0.,-1.));
#2662=DIRECTION('ref_axis',(-1.83697019872103E-16,-1.,0.));
#2663=DIRECTION('center_axis',(-0.294827865547989,0.95555038051189,0.));
#2664=DIRECTION('ref_axis',(-0.675676153825342,-0.208474783011739,0.707106781186548));
#2665=DIRECTION('',(-0.294827865547989,0.95555038051189,0.));
#2666=DIRECTION('center_axis',(0.95555038051189,0.294827865547989,0.));
#2667=DIRECTION('ref_axis',(0.294827865547989,-0.95555038051189,0.));
#2668=DIRECTION('center_axis',(0.95555038051189,0.294827865547989,0.));
#2669=DIRECTION('ref_axis',(-0.208474783011739,0.675676153825342,0.707106781186548));
#2670=DIRECTION('',(0.95555038051189,0.294827865547989,0.));
#2671=DIRECTION('center_axis',(0.294827865547989,-0.95555038051189,0.));
#2672=DIRECTION('ref_axis',(-0.95555038051189,-0.294827865547989,0.));
#2673=DIRECTION('center_axis',(0.,0.,-1.));
#2674=DIRECTION('ref_axis',(0.,1.,0.));
#2675=DIRECTION('center_axis',(0.,0.,1.));
#2676=DIRECTION('ref_axis',(0.,1.,0.));
#2677=DIRECTION('center_axis',(0.,0.,-1.));
#2678=DIRECTION('ref_axis',(1.,0.,0.));
#2679=DIRECTION('center_axis',(0.,0.,-1.));
#2680=DIRECTION('ref_axis',(0.,1.,0.));
#2681=DIRECTION('center_axis',(0.,0.,-1.));
#2682=DIRECTION('ref_axis',(1.,0.,0.));
#2683=DIRECTION('',(0.,0.,1.));
#2684=DIRECTION('center_axis',(0.,0.,1.));
#2685=DIRECTION('ref_axis',(0.,1.,0.));
#2686=DIRECTION('center_axis',(0.,0.,-1.));
#2687=DIRECTION('ref_axis',(1.,0.,0.));
#2688=DIRECTION('center_axis',(0.,0.,1.));
#2689=DIRECTION('ref_axis',(1.,0.,0.));
#2690=DIRECTION('center_axis',(0.,0.,1.));
#2691=DIRECTION('ref_axis',(1.,0.,0.));
#2692=DIRECTION('',(-0.463808641671323,0.885935406173047,0.));
#2693=DIRECTION('center_axis',(0.,0.,-1.));
#2694=DIRECTION('ref_axis',(-1.,0.,0.));
#2695=DIRECTION('',(0.463808641671323,-0.885935406173047,0.));
#2696=DIRECTION('',(0.198743205274428,-0.678627839747181,-0.707082310256254));
#2697=DIRECTION('center_axis',(0.,0.,1.));
#2698=DIRECTION('ref_axis',(1.,0.,0.));
#2699=DIRECTION('',(-0.198514944392376,0.678669151245944,0.707106781186549));
#2700=DIRECTION('',(-0.198514944392376,-0.678669151245944,-0.707106781186549));
#2701=DIRECTION('center_axis',(0.,0.,1.));
#2702=DIRECTION('ref_axis',(1.,0.,0.));
#2703=DIRECTION('',(0.463808641671326,-0.885935406173046,3.0667746411784E-15));
#2704=DIRECTION('',(0.198743205274432,0.67862783974718,0.707082310256253));
#2705=DIRECTION('center_axis',(0.885935406173048,0.463808641671323,0.));
#2706=DIRECTION('ref_axis',(0.,0.,-1.));
#2707=DIRECTION('',(0.,0.,1.));
#2708=DIRECTION('',(0.463808641671323,-0.885935406173047,0.));
#2709=DIRECTION('',(0.,0.,-1.));
#2710=DIRECTION('center_axis',(0.294827865547989,-0.95555038051189,0.));
#2711=DIRECTION('ref_axis',(-0.675676153825343,-0.208474783011739,-0.707106781186547));
#2712=DIRECTION('',(0.294827865547989,-0.95555038051189,0.));
#2713=DIRECTION('',(-0.294827865547989,0.95555038051189,0.));
#2714=DIRECTION('center_axis',(0.,0.,-1.));
#2715=DIRECTION('ref_axis',(-1.,0.,0.));
#2716=DIRECTION('',(0.294827865547989,0.95555038051189,0.));
#2717=DIRECTION('center_axis',(-0.294827865547989,-0.95555038051189,0.));
#2718=DIRECTION('ref_axis',(0.675676153825343,-0.208474783011739,-0.707106781186547));
#2719=DIRECTION('',(-0.294827865547989,-0.95555038051189,0.));
#2720=DIRECTION('center_axis',(0.95555038051189,-0.294827865547989,0.));
#2721=DIRECTION('ref_axis',(-0.294827865547989,-0.95555038051189,0.));
#2722=DIRECTION('',(0.294827865547989,0.95555038051189,0.));
#2723=DIRECTION('center_axis',(-0.294827865547989,-0.95555038051189,0.));
#2724=DIRECTION('ref_axis',(-0.675676153825343,0.208474783011739,0.707106781186547));
#2725=DIRECTION('center_axis',(0.,0.,-1.));
#2726=DIRECTION('ref_axis',(1.,0.,0.));
#2727=DIRECTION('center_axis',(0.294827865547989,-0.95555038051189,0.));
#2728=DIRECTION('ref_axis',(0.675676153825343,0.208474783011739,0.707106781186547));
#2729=DIRECTION('',(0.294827865547989,-0.95555038051189,0.));
#2730=DIRECTION('center_axis',(-0.95555038051189,-0.294827865547989,0.));
#2731=DIRECTION('ref_axis',(-0.294827865547989,0.95555038051189,0.));
#2732=DIRECTION('center_axis',(0.,0.,-1.));
#2733=DIRECTION('ref_axis',(1.,0.,0.));
#2734=DIRECTION('',(0.707106781186547,-8.65956056235493E-17,0.707106781186548));
#2735=DIRECTION('center_axis',(0.,0.,-1.));
#2736=DIRECTION('ref_axis',(1.,0.,0.));
#2737=DIRECTION('center_axis',(0.,0.,1.));
#2738=DIRECTION('ref_axis',(1.,0.,0.));
#2739=DIRECTION('center_axis',(0.,0.,1.));
#2740=DIRECTION('ref_axis',(1.,0.,0.));
#2741=DIRECTION('center_axis',(0.,0.,1.));
#2742=DIRECTION('ref_axis',(1.,0.,0.));
#2743=DIRECTION('center_axis',(0.,0.,-1.));
#2744=DIRECTION('ref_axis',(1.,0.,0.));
#2745=DIRECTION('',(-0.707106781186547,-8.65956056235493E-17,0.707106781186548));
#2746=DIRECTION('center_axis',(0.,0.,1.));
#2747=DIRECTION('ref_axis',(1.,0.,0.));
#2748=DIRECTION('',(0.,0.,1.));
#2749=CARTESIAN_POINT('',(0.,0.,0.));
#2750=CARTESIAN_POINT('Ctrl Pts',(-19.8098645952162,-13.5418308149878,19.129));
#2751=CARTESIAN_POINT('Ctrl Pts',(-19.8098645952162,-13.5418308149878,17.029));
#2752=CARTESIAN_POINT('Ctrl Pts',(-19.8118048491006,-13.5389924863118,19.129));
#2753=CARTESIAN_POINT('Ctrl Pts',(-19.8118048491006,-13.5389924863118,17.029));
#2754=CARTESIAN_POINT('Ctrl Pts',(-19.8137444929565,-13.5361537406713,19.129));
#2755=CARTESIAN_POINT('Ctrl Pts',(-19.8137444929565,-13.5361537406713,17.029));
#2756=CARTESIAN_POINT('Ctrl Pts',(-19.8156835266467,-13.5333145782672,19.129));
#2757=CARTESIAN_POINT('Ctrl Pts',(-19.8156835266467,-13.5333145782672,17.029));
#2758=CARTESIAN_POINT('Ctrl Pts',(-19.826771845243,-13.517078894771,19.129));
#2759=CARTESIAN_POINT('Ctrl Pts',(-19.826771845243,-13.517078894771,17.029));
#2760=CARTESIAN_POINT('Ctrl Pts',(-19.8534731657681,-13.4780243524841,19.129));
#2761=CARTESIAN_POINT('Ctrl Pts',(-19.8534731657681,-13.4780243524841,17.029));
#2762=CARTESIAN_POINT('Ctrl Pts',(-19.9524466820469,-13.3312491831162,19.129));
#2763=CARTESIAN_POINT('Ctrl Pts',(-19.9524466820469,-13.3312491831162,17.029));
#2764=CARTESIAN_POINT('Ctrl Pts',(-20.0379204624645,-13.2032270569892,19.129));
#2765=CARTESIAN_POINT('Ctrl Pts',(-20.0379204624645,-13.2032270569892,17.029));
#2766=CARTESIAN_POINT('Ctrl Pts',(-20.231297896139,-12.9049655510867,19.129));
#2767=CARTESIAN_POINT('Ctrl Pts',(-20.231297896139,-12.9049655510867,17.029));
#2768=CARTESIAN_POINT('Ctrl Pts',(-20.3520835176861,-12.7147754089384,19.129));
#2769=CARTESIAN_POINT('Ctrl Pts',(-20.3520835176861,-12.7147754089384,17.029));
#2770=CARTESIAN_POINT('Ctrl Pts',(-20.6092727857025,-12.2935223779376,19.129));
#2771=CARTESIAN_POINT('Ctrl Pts',(-20.6092727857025,-12.2935223779376,17.029));
#2772=CARTESIAN_POINT('Ctrl Pts',(-20.7454809501799,-12.0623457530409,19.129));
#2773=CARTESIAN_POINT('Ctrl Pts',(-20.7454809501799,-12.0623457530409,17.029));
#2774=CARTESIAN_POINT('Ctrl Pts',(-20.869608153726,-11.8436216003589,19.129));
#2775=CARTESIAN_POINT('Ctrl Pts',(-20.869608153726,-11.8436216003589,17.029));
#2776=CARTESIAN_POINT('',(-19.8098645952162,-13.5418308149879,17.129));
#2777=CARTESIAN_POINT('',(-20.869608153726,-11.8436216003589,17.129));
#2778=CARTESIAN_POINT('Origin',(1.19904086659517E-13,-1.04360964314765E-13,
17.1290000000001));
#2779=CARTESIAN_POINT('',(-20.869608153726,-11.8436216003589,19.129));
#2780=CARTESIAN_POINT('Ctrl Pts',(-19.8098645952162,-13.5418308149878,17.129));
#2781=CARTESIAN_POINT('Ctrl Pts',(-19.8098645952162,-13.5418308149878,17.3801361257046));
#2782=CARTESIAN_POINT('Ctrl Pts',(-19.8383258980339,-13.5004873594654,17.648009392913));
#2783=CARTESIAN_POINT('Ctrl Pts',(-19.9524466820469,-13.3312491831162,18.1407717034918));
#2784=CARTESIAN_POINT('Ctrl Pts',(-20.0379204624645,-13.2032270569892,18.3656599712313));
#2785=CARTESIAN_POINT('Ctrl Pts',(-20.231297896139,-12.9049655510867,18.7210181830319));
#2786=CARTESIAN_POINT('Ctrl Pts',(-20.3520835176861,-12.7147754089384,18.8750084794903));
#2787=CARTESIAN_POINT('Ctrl Pts',(-20.6092727857025,-12.2935223779376,19.0789936243279));
#2788=CARTESIAN_POINT('Ctrl Pts',(-20.7454809501799,-12.0623457530409,19.129));
#2789=CARTESIAN_POINT('Ctrl Pts',(-20.869608153726,-11.8436216003589,19.129));
#2790=CARTESIAN_POINT('',(-20.869608153726,-11.8436216003589,19.129));
#2791=CARTESIAN_POINT('Ctrl Pts',(-22.0799095669285,-9.39624981675212,19.129));
#2792=CARTESIAN_POINT('Ctrl Pts',(-22.0799095669285,-9.39624981675212,17.029));
#2793=CARTESIAN_POINT('Ctrl Pts',(-22.1783870641781,-9.16484108709376,19.129));
#2794=CARTESIAN_POINT('Ctrl Pts',(-22.1783870641781,-9.16484108709376,17.029));
#2795=CARTESIAN_POINT('Ctrl Pts',(-22.2794275856134,-8.9162729696752,19.129));
#2796=CARTESIAN_POINT('Ctrl Pts',(-22.2794275856134,-8.9162729696752,17.029));
#2797=CARTESIAN_POINT('Ctrl Pts',(-22.4580886790931,-8.45618531564959,19.129));
#2798=CARTESIAN_POINT('Ctrl Pts',(-22.4580886790931,-8.45618531564959,17.029));
#2799=CARTESIAN_POINT('Ctrl Pts',(-22.5359182941191,-8.24475209317066,19.129));
#2800=CARTESIAN_POINT('Ctrl Pts',(-22.5359182941191,-8.24475209317066,17.029));
#2801=CARTESIAN_POINT('Ctrl Pts',(-22.6555703753497,-7.91003110904367,19.129));
#2802=CARTESIAN_POINT('Ctrl Pts',(-22.6555703753497,-7.91003110904367,17.029));
#2803=CARTESIAN_POINT('Ctrl Pts',(-22.7054286090778,-7.76439598811995,19.129));
#2804=CARTESIAN_POINT('Ctrl Pts',(-22.7054286090778,-7.76439598811995,17.029));
#2805=CARTESIAN_POINT('Ctrl Pts',(-22.7619957935565,-7.59664956965528,19.129));
#2806=CARTESIAN_POINT('Ctrl Pts',(-22.7619957935565,-7.59664956965528,17.029));
#2807=CARTESIAN_POINT('Ctrl Pts',(-22.7768252402577,-7.55172401677544,19.129));
#2808=CARTESIAN_POINT('Ctrl Pts',(-22.7768252402577,-7.55172401677544,17.029));
#2809=CARTESIAN_POINT('Ctrl Pts',(-22.7829973377692,-7.53305710915289,19.129));
#2810=CARTESIAN_POINT('Ctrl Pts',(-22.7829973377692,-7.53305710915289,17.029));
#2811=CARTESIAN_POINT('Ctrl Pts',(-22.7840766632694,-7.52979279432807,19.129));
#2812=CARTESIAN_POINT('Ctrl Pts',(-22.7840766632694,-7.52979279432807,17.029));
#2813=CARTESIAN_POINT('Ctrl Pts',(-22.7851552871982,-7.52652824757308,19.129));
#2814=CARTESIAN_POINT('Ctrl Pts',(-22.7851552871982,-7.52652824757308,17.029));
#2815=CARTESIAN_POINT('Ctrl Pts',(-22.7862332094798,-7.52326346911726,19.129));
#2816=CARTESIAN_POINT('Ctrl Pts',(-22.7862332094798,-7.52326346911726,17.029));
#2817=CARTESIAN_POINT('',(-22.0799095669285,-9.39624981675212,17.1290000000001));
#2818=CARTESIAN_POINT('',(-22.7862332094798,-7.52326346911725,17.129));
#2819=CARTESIAN_POINT('Origin',(1.19904086659517E-13,-1.04360964314765E-13,
17.1290000000001));
#2820=CARTESIAN_POINT('',(-22.0799095669285,-9.39624981675212,19.129));
#2821=CARTESIAN_POINT('',(-22.0799095669285,-9.39624981675212,19.129));
#2822=CARTESIAN_POINT('Ctrl Pts',(-22.0799095669285,-9.39624981675212,19.129));
#2823=CARTESIAN_POINT('Ctrl Pts',(-22.1783870641781,-9.16484108709376,19.129));
#2824=CARTESIAN_POINT('Ctrl Pts',(-22.2794275856134,-8.9162729696752,19.0789936243279));
#2825=CARTESIAN_POINT('Ctrl Pts',(-22.4580886790931,-8.45618531564959,18.8750084794903));
#2826=CARTESIAN_POINT('Ctrl Pts',(-22.5359182941191,-8.24475209317066,18.7210181830319));
#2827=CARTESIAN_POINT('Ctrl Pts',(-22.6555703753497,-7.91003110904367,18.3656599712313));
#2828=CARTESIAN_POINT('Ctrl Pts',(-22.7054286090778,-7.76439598811995,18.1407717034918));
#2829=CARTESIAN_POINT('Ctrl Pts',(-22.7706530416818,-7.57097704626254,17.648009392913));
#2830=CARTESIAN_POINT('Ctrl Pts',(-22.7862332094798,-7.52326346911726,17.3801361257046));
#2831=CARTESIAN_POINT('Ctrl Pts',(-22.7862332094799,-7.52326346911726,17.129));
#2832=CARTESIAN_POINT('Ctrl Pts',(-18.086189091049,-12.3635430005922,19.129));
#2833=CARTESIAN_POINT('Ctrl Pts',(-20.2662152992027,-9.17445988564512,19.129));
#2834=CARTESIAN_POINT('Ctrl Pts',(-21.2240391760729,-5.43208913928999,19.1290000000001));
#2835=CARTESIAN_POINT('Ctrl Pts',(-18.1050692898509,-12.3764493209105,19.129));
#2836=CARTESIAN_POINT('Ctrl Pts',(-20.2873712304983,-9.18403711751349,19.129));
#2837=CARTESIAN_POINT('Ctrl Pts',(-21.246194981091,-5.43775970495435,19.1290000000001));
#2838=CARTESIAN_POINT('Ctrl Pts',(-18.1212977484942,-12.3875429374408,19.0790280666295));
#2839=CARTESIAN_POINT('Ctrl Pts',(-20.3055557930496,-9.19226921892965,19.0790280666295));
#2840=CARTESIAN_POINT('Ctrl Pts',(-21.2652389842406,-5.44263383479454,19.0790280666295));
#2841=CARTESIAN_POINT('Ctrl Pts',(-18.144184749552,-12.4031882688209,18.8750662253452));
#2842=CARTESIAN_POINT('Ctrl Pts',(-20.3312014881519,-9.20387895451577,18.8750662253453));
#2843=CARTESIAN_POINT('Ctrl Pts',(-21.2920967487276,-5.4495078218601,18.8750662253453));
#2844=CARTESIAN_POINT('Ctrl Pts',(-18.1510464489202,-12.4078788597888,18.7210625644506));
#2845=CARTESIAN_POINT('Ctrl Pts',(-20.3388902652631,-9.20735964275162,18.7210625644506));
#2846=CARTESIAN_POINT('Ctrl Pts',(-21.300148913585,-5.45156869617846,18.7210625644506));
#2847=CARTESIAN_POINT('Ctrl Pts',(-18.1588616977361,-12.4132212878874,18.3656634307932));
#2848=CARTESIAN_POINT('Ctrl Pts',(-20.3476475282953,-9.21132403162299,18.3656634307932));
#2849=CARTESIAN_POINT('Ctrl Pts',(-21.309320063251,-5.45391596391962,18.3656634307933));
#2850=CARTESIAN_POINT('Ctrl Pts',(-18.1603788868461,-12.4142584236105,18.1407765483436));
#2851=CARTESIAN_POINT('Ctrl Pts',(-20.349347592416,-9.21209364597119,18.1407765483437));
#2852=CARTESIAN_POINT('Ctrl Pts',(-21.3111004759706,-5.45437164346854,18.1407765483437));
#2853=CARTESIAN_POINT('Ctrl Pts',(-18.161027486601,-12.4147018000963,17.866729268387));
#2854=CARTESIAN_POINT('Ctrl Pts',(-20.350074371408,-9.21242265682049,17.866729268387));
#2855=CARTESIAN_POINT('Ctrl Pts',(-21.3118616040634,-5.45456644689931,17.866729268387));
#2856=CARTESIAN_POINT('Ctrl Pts',(-18.1610820380633,-12.4147390909455,17.8388043059789));
#2857=CARTESIAN_POINT('Ctrl Pts',(-20.3501354982531,-9.21245032877504,17.8388043059789));
#2858=CARTESIAN_POINT('Ctrl Pts',(-21.3119256198916,-5.45458283113617,17.8388043059789));
#2859=CARTESIAN_POINT('Ctrl Pts',(-18.1611278796221,-12.4147704277893,17.8106673805604));
#2860=CARTESIAN_POINT('Ctrl Pts',(-20.3501868653429,-9.2124735825152,17.8106673805605));
#2861=CARTESIAN_POINT('Ctrl Pts',(-21.3119794146978,-5.45459659940056,17.8106673805605));
#2862=CARTESIAN_POINT('',(-18.1611253990856,-12.4147687321187,17.8121844965419));
#2863=CARTESIAN_POINT('',(-21.3119765038024,-5.45459585438483,17.8121844965422));
#2864=CARTESIAN_POINT('Ctrl Pts',(-18.1611253990983,-12.4147687321273,17.812184496542));
#2865=CARTESIAN_POINT('Ctrl Pts',(-18.3533245570362,-12.1336073924175,17.812184496542));
#2866=CARTESIAN_POINT('Ctrl Pts',(-18.5393820369126,-11.8474083768389,17.812184496542));
#2867=CARTESIAN_POINT('Ctrl Pts',(-18.7189272648103,-11.5565877528239,17.812184496542));
#2868=CARTESIAN_POINT('Ctrl Pts',(-18.898203479519,-11.2662028662796,17.812184496542));
#2869=CARTESIAN_POINT('Ctrl Pts',(-19.0709866594995,-10.9712104976905,17.812184496542));
#2870=CARTESIAN_POINT('Ctrl Pts',(-19.2369460434687,-10.6720600333136,17.812184496542));
#2871=CARTESIAN_POINT('Ctrl Pts',(-19.4027451059138,-10.3731985568641,17.812184496542));
#2872=CARTESIAN_POINT('Ctrl Pts',(-19.5617333056694,-10.0701873367226,17.812184496542));
#2873=CARTESIAN_POINT('Ctrl Pts',(-19.7136229016097,-9.76350503288176,17.812184496542));
#2874=CARTESIAN_POINT('Ctrl Pts',(-19.8654467294039,-9.45695552237977,17.812184496542));
#2875=CARTESIAN_POINT('Ctrl Pts',(-20.0101778981464,-9.14673845814906,17.812184496542));
#2876=CARTESIAN_POINT('Ctrl Pts',(-20.1475744364673,-8.83335738895401,17.812184496542));
#2877=CARTESIAN_POINT('Ctrl Pts',(-20.2850539844891,-8.51978698697691,17.812184496542));
#2878=CARTESIAN_POINT('Ctrl Pts',(-20.4151898778297,-8.20304912934953,17.812184496542));
#2879=CARTESIAN_POINT('Ctrl Pts',(-20.5377878860338,-7.88366838358013,17.812184496542));
#2880=CARTESIAN_POINT('Ctrl Pts',(-20.660461179255,-7.56409151239832,17.812184496542));
#2881=CARTESIAN_POINT('Ctrl Pts',(-20.7755872213548,-7.24186889841151,17.812184496542));
#2882=CARTESIAN_POINT('Ctrl Pts',(-20.8830216358441,-6.91754044374468,17.812184496542));
#2883=CARTESIAN_POINT('Ctrl Pts',(-20.9906633167996,-6.59258628256657,17.812184496542));
#2884=CARTESIAN_POINT('Ctrl Pts',(-21.0905836025221,-6.26551854944088,17.812184496542));
#2885=CARTESIAN_POINT('Ctrl Pts',(-21.1826889392643,-5.93688872527899,17.812184496542));
#2886=CARTESIAN_POINT('Ctrl Pts',(-21.2276481997603,-5.77647506854808,17.812184496542));
#2887=CARTESIAN_POINT('Ctrl Pts',(-21.2707461817399,-5.61568930270552,17.812184496542));
#2888=CARTESIAN_POINT('Ctrl Pts',(-21.3119765038173,-5.45459585438864,17.812184496542));
#2889=CARTESIAN_POINT('',(-18.1613969570789,-12.4149543665224,17.81066738056));
#2890=CARTESIAN_POINT('',(-17.9496444543252,-12.270202414627,18.99366738056));
#2891=CARTESIAN_POINT('',(-21.3122951755503,-5.45467741536042,17.81066738056));
#2892=CARTESIAN_POINT('Origin',(1.90958360235527E-13,-7.32747196252603E-14,
17.8106673805601));
#2893=CARTESIAN_POINT('',(-21.0638048279458,-5.39107869566136,18.99366738056));
#2894=CARTESIAN_POINT('Ctrl Pts',(-18.1611278794486,-12.4147704276707,17.81066738056));
#2895=CARTESIAN_POINT('Ctrl Pts',(-20.3501868651485,-9.21247358242721,17.8106673805601));
#2896=CARTESIAN_POINT('Ctrl Pts',(-21.3119794144943,-5.45459659934846,17.8106673805601));
#2897=CARTESIAN_POINT('Ctrl Pts',(-18.1614902864044,-12.4150181655418,17.5882269188595));
#2898=CARTESIAN_POINT('Ctrl Pts',(-20.3505929549751,-9.21265741817401,17.5882269188595));
#2899=CARTESIAN_POINT('Ctrl Pts',(-21.3124046969785,-5.45470544631886,17.5882269188595));
#2900=CARTESIAN_POINT('Ctrl Pts',(-18.1613969570789,-12.4149543665224,17.3519384258806));
#2901=CARTESIAN_POINT('Ctrl Pts',(-20.3504883761612,-9.21261007563277,17.3519384258806));
#2902=CARTESIAN_POINT('Ctrl Pts',(-21.3122951755503,-5.45467741536039,17.3519384258806));
#2903=CARTESIAN_POINT('Ctrl Pts',(-18.1613969570789,-12.4149543665224,17.129));
#2904=CARTESIAN_POINT('Ctrl Pts',(-20.3504883761612,-9.21261007563277,17.129));
#2905=CARTESIAN_POINT('Ctrl Pts',(-21.3122951755503,-5.45467741536039,17.1290000000001));
#2906=CARTESIAN_POINT('',(-18.1613969570789,-12.4149543665225,17.129));
#2907=CARTESIAN_POINT('',(-18.1613969570789,-12.4149543665225,20.64566738056));
#2908=CARTESIAN_POINT('',(-21.3122951755503,-5.45467741536038,17.1290000000001));
#2909=CARTESIAN_POINT('Origin',(1.28785870856518E-13,-8.88178419700125E-14,
17.129));
#2910=CARTESIAN_POINT('',(-21.3122951755503,-5.45467741536044,20.64566738056));
#2911=CARTESIAN_POINT('Origin',(0.,0.,18.99366738056));
#2912=CARTESIAN_POINT('',(-21.48625979108,-2.63130792787946E-15,20.17666738056));
#2913=CARTESIAN_POINT('Origin',(0.,0.,20.17666738056));
#2914=CARTESIAN_POINT('',(-21.99925979108,2.69413230867572E-15,17.81066738056));
#2915=CARTESIAN_POINT('',(-21.74275979108,2.66272011827759E-15,18.99366738056));
#2916=CARTESIAN_POINT('Origin',(0.,0.,17.81066738056));
#2917=CARTESIAN_POINT('Origin',(0.,0.,17.81066738056));
#2918=CARTESIAN_POINT('Origin',(0.,0.,20.64566738056));
#2919=CARTESIAN_POINT('',(-21.99925979108,2.69413230867572E-15,13.00497475494));
#2920=CARTESIAN_POINT('',(-21.99925979108,2.69413230867572E-15,20.64566738056));
#2921=CARTESIAN_POINT('',(-21.1165269551213,6.16925609041023,13.00497475494));
#2922=CARTESIAN_POINT('Origin',(0.,0.,13.00497475494));
#2923=CARTESIAN_POINT('',(-20.8902032271438,6.89687178973637,13.76697475494));
#2924=CARTESIAN_POINT('Ctrl Pts',(-20.8902032271438,6.89687178973637,13.76697475494));
#2925=CARTESIAN_POINT('Ctrl Pts',(-20.8902032271438,6.89687178973637,13.6712906176737));
#2926=CARTESIAN_POINT('Ctrl Pts',(-20.8962246033071,6.8787165359803,13.5692307061334));
#2927=CARTESIAN_POINT('Ctrl Pts',(-20.9204146601221,6.80479201022028,13.381485166028));
#2928=CARTESIAN_POINT('Ctrl Pts',(-20.9385491817868,6.74901235101196,13.2957992278949));
#2929=CARTESIAN_POINT('Ctrl Pts',(-20.9796668849847,6.62008960840147,13.1604922380771));
#2930=CARTESIAN_POINT('Ctrl Pts',(-21.0053848015651,6.53835240216894,13.1018513025338));
#2931=CARTESIAN_POINT('Ctrl Pts',(-21.0604162928617,6.35886061870653,13.0240925619901));
#2932=CARTESIAN_POINT('Ctrl Pts',(-21.0896957722592,6.26109559064211,13.00497475494));
#2933=CARTESIAN_POINT('Ctrl Pts',(-21.1165269551213,6.16925609041024,13.00497475494));
#2934=CARTESIAN_POINT('',(-20.8902032271438,6.89687178973637,15.36246738056));
#2935=CARTESIAN_POINT('',(-20.8902032271438,6.89687178973637,20.64566738056));
#2936=CARTESIAN_POINT('',(-20.6386367577584,7.61669903151842,16.12446738056));
#2937=CARTESIAN_POINT('Ctrl Pts',(-20.6386367577584,7.61669903151843,16.12446738056));
#2938=CARTESIAN_POINT('Ctrl Pts',(-20.6717930556971,7.52685685887156,16.12446738056));
#2939=CARTESIAN_POINT('Ctrl Pts',(-20.7065157000435,7.43077848418937,16.1053657174854));
#2940=CARTESIAN_POINT('Ctrl Pts',(-20.7692387921846,7.25361849771399,16.0276002329306));
#2941=CARTESIAN_POINT('Ctrl Pts',(-20.7972726998011,7.17254948781579,15.968934694394));
#2942=CARTESIAN_POINT('Ctrl Pts',(-20.8410178496836,7.04442928908048,15.8335838205463));
#2943=CARTESIAN_POINT('Ctrl Pts',(-20.8596573354086,6.98882244845119,15.7479103459448));
#2944=CARTESIAN_POINT('Ctrl Pts',(-20.8842329739849,6.91503842754456,15.560188116136));
#2945=CARTESIAN_POINT('Ctrl Pts',(-20.8902032271438,6.89687178973638,15.4581396831578));
#2946=CARTESIAN_POINT('Ctrl Pts',(-20.8902032271438,6.89687178973638,15.36246738056));
#2947=CARTESIAN_POINT('',(-7.61669903151839,20.6386367577584,16.12446738056));
#2948=CARTESIAN_POINT('Origin',(0.,0.,16.12446738056));
#2949=CARTESIAN_POINT('',(-6.89687178973633,20.8902032271438,15.36246738056));
#2950=CARTESIAN_POINT('Ctrl Pts',(-6.89687178973633,20.8902032271438,15.36246738056));
#2951=CARTESIAN_POINT('Ctrl Pts',(-6.89687178973633,20.8902032271438,15.4581396831578));
#2952=CARTESIAN_POINT('Ctrl Pts',(-6.91503842754451,20.8842329739849,15.560188116136));
#2953=CARTESIAN_POINT('Ctrl Pts',(-6.98882244845115,20.8596573354086,15.7479103459448));
#2954=CARTESIAN_POINT('Ctrl Pts',(-7.04442928908043,20.8410178496836,15.8335838205463));
#2955=CARTESIAN_POINT('Ctrl Pts',(-7.17254948781575,20.7972726998011,15.968934694394));
#2956=CARTESIAN_POINT('Ctrl Pts',(-7.25361849771395,20.7692387921846,16.0276002329306));
#2957=CARTESIAN_POINT('Ctrl Pts',(-7.43077848418932,20.7065157000436,16.1053657174854));
#2958=CARTESIAN_POINT('Ctrl Pts',(-7.52685685887152,20.6717930556971,16.12446738056));
#2959=CARTESIAN_POINT('Ctrl Pts',(-7.61669903151838,20.6386367577584,16.12446738056));
#2960=CARTESIAN_POINT('',(-6.89687178973633,20.8902032271438,13.76697475494));
#2961=CARTESIAN_POINT('',(-6.89687178973633,20.8902032271438,20.64566738056));
#2962=CARTESIAN_POINT('',(-6.1692560904102,21.1165269551213,13.00497475494));
#2963=CARTESIAN_POINT('Ctrl Pts',(-6.16925609041019,21.1165269551213,13.00497475494));
#2964=CARTESIAN_POINT('Ctrl Pts',(-6.26109559064206,21.0896957722592,13.00497475494));
#2965=CARTESIAN_POINT('Ctrl Pts',(-6.35886061870648,21.0604162928617,13.0240925619901));
#2966=CARTESIAN_POINT('Ctrl Pts',(-6.5383524021689,21.0053848015651,13.1018513025338));
#2967=CARTESIAN_POINT('Ctrl Pts',(-6.62008960840143,20.9796668849847,13.1604922380771));
#2968=CARTESIAN_POINT('Ctrl Pts',(-6.74901235101192,20.9385491817868,13.2957992278949));
#2969=CARTESIAN_POINT('Ctrl Pts',(-6.80479201022024,20.9204146601222,13.381485166028));
#2970=CARTESIAN_POINT('Ctrl Pts',(-6.87871653598025,20.8962246033071,13.5692307061334));
#2971=CARTESIAN_POINT('Ctrl Pts',(-6.89687178973633,20.8902032271438,13.6712906176737));
#2972=CARTESIAN_POINT('Ctrl Pts',(-6.89687178973633,20.8902032271438,13.76697475494));
#2973=CARTESIAN_POINT('',(6.16925609041023,21.1165269551213,13.00497475494));
#2974=CARTESIAN_POINT('Origin',(0.,0.,13.00497475494));
#2975=CARTESIAN_POINT('',(6.89687178973637,20.8902032271438,13.76697475494));
#2976=CARTESIAN_POINT('Ctrl Pts',(6.89687178973637,20.8902032271438,13.76697475494));
#2977=CARTESIAN_POINT('Ctrl Pts',(6.89687178973637,20.8902032271438,13.6712906176737));
#2978=CARTESIAN_POINT('Ctrl Pts',(6.8787165359803,20.8962246033071,13.5692307061334));
#2979=CARTESIAN_POINT('Ctrl Pts',(6.80479201022028,20.9204146601221,13.381485166028));
#2980=CARTESIAN_POINT('Ctrl Pts',(6.74901235101196,20.9385491817868,13.2957992278949));
#2981=CARTESIAN_POINT('Ctrl Pts',(6.62008960840147,20.9796668849847,13.1604922380771));
#2982=CARTESIAN_POINT('Ctrl Pts',(6.53835240216894,21.0053848015651,13.1018513025338));
#2983=CARTESIAN_POINT('Ctrl Pts',(6.35886061870653,21.0604162928617,13.0240925619901));
#2984=CARTESIAN_POINT('Ctrl Pts',(6.26109559064211,21.0896957722592,13.00497475494));
#2985=CARTESIAN_POINT('Ctrl Pts',(6.16925609041024,21.1165269551213,13.00497475494));
#2986=CARTESIAN_POINT('',(6.89687178973637,20.8902032271438,15.36246738056));
#2987=CARTESIAN_POINT('',(6.89687178973637,20.8902032271438,20.64566738056));
#2988=CARTESIAN_POINT('',(7.61669903151842,20.6386367577584,16.12446738056));
#2989=CARTESIAN_POINT('Ctrl Pts',(7.6166990315184,20.6386367577584,16.12446738056));
#2990=CARTESIAN_POINT('Ctrl Pts',(7.52685685887154,20.6717930556971,16.12446738056));
#2991=CARTESIAN_POINT('Ctrl Pts',(7.43077848418934,20.7065157000435,16.1053657174854));
#2992=CARTESIAN_POINT('Ctrl Pts',(7.25361849771397,20.7692387921846,16.0276002329306));
#2993=CARTESIAN_POINT('Ctrl Pts',(7.17254948781577,20.7972726998011,15.968934694394));
#2994=CARTESIAN_POINT('Ctrl Pts',(7.04442928908045,20.8410178496836,15.8335838205463));
#2995=CARTESIAN_POINT('Ctrl Pts',(6.98882244845116,20.8596573354086,15.7479103459448));
#2996=CARTESIAN_POINT('Ctrl Pts',(6.91503842754453,20.8842329739849,15.560188116136));
#2997=CARTESIAN_POINT('Ctrl Pts',(6.89687178973635,20.8902032271438,15.4581396831578));
#2998=CARTESIAN_POINT('Ctrl Pts',(6.89687178973635,20.8902032271438,15.36246738056));
#2999=CARTESIAN_POINT('',(20.6386367577584,7.61669903151838,16.12446738056));
#3000=CARTESIAN_POINT('Origin',(0.,0.,16.12446738056));
#3001=CARTESIAN_POINT('',(20.8902032271438,6.89687178973633,15.36246738056));
#3002=CARTESIAN_POINT('Ctrl Pts',(20.8902032271438,6.89687178973633,15.36246738056));
#3003=CARTESIAN_POINT('Ctrl Pts',(20.8902032271438,6.89687178973633,15.4581396831578));
#3004=CARTESIAN_POINT('Ctrl Pts',(20.8842329739849,6.91503842754451,15.560188116136));
#3005=CARTESIAN_POINT('Ctrl Pts',(20.8596573354086,6.98882244845115,15.7479103459448));
#3006=CARTESIAN_POINT('Ctrl Pts',(20.8410178496836,7.04442928908043,15.8335838205463));
#3007=CARTESIAN_POINT('Ctrl Pts',(20.7972726998011,7.17254948781575,15.968934694394));
#3008=CARTESIAN_POINT('Ctrl Pts',(20.7692387921846,7.25361849771395,16.0276002329306));
#3009=CARTESIAN_POINT('Ctrl Pts',(20.7065157000436,7.43077848418932,16.1053657174854));
#3010=CARTESIAN_POINT('Ctrl Pts',(20.6717930556971,7.52685685887152,16.12446738056));
#3011=CARTESIAN_POINT('Ctrl Pts',(20.6386367577584,7.61669903151838,16.12446738056));
#3012=CARTESIAN_POINT('',(20.8902032271438,6.89687178973633,13.76697475494));
#3013=CARTESIAN_POINT('',(20.8902032271438,6.89687178973633,20.64566738056));
#3014=CARTESIAN_POINT('',(21.1165269551213,6.16925609041019,13.00497475494));
#3015=CARTESIAN_POINT('Ctrl Pts',(21.1165269551213,6.16925609041019,13.00497475494));
#3016=CARTESIAN_POINT('Ctrl Pts',(21.0896957722592,6.26109559064206,13.00497475494));
#3017=CARTESIAN_POINT('Ctrl Pts',(21.0604162928617,6.35886061870648,13.0240925619901));
#3018=CARTESIAN_POINT('Ctrl Pts',(21.0053848015651,6.5383524021689,13.1018513025338));
#3019=CARTESIAN_POINT('Ctrl Pts',(20.9796668849847,6.62008960840143,13.1604922380771));
#3020=CARTESIAN_POINT('Ctrl Pts',(20.9385491817868,6.74901235101192,13.2957992278949));
#3021=CARTESIAN_POINT('Ctrl Pts',(20.9204146601222,6.80479201022024,13.381485166028));
#3022=CARTESIAN_POINT('Ctrl Pts',(20.8962246033071,6.87871653598025,13.5692307061334));
#3023=CARTESIAN_POINT('Ctrl Pts',(20.8902032271438,6.89687178973633,13.6712906176737));
#3024=CARTESIAN_POINT('Ctrl Pts',(20.8902032271438,6.89687178973633,13.76697475494));
#3025=CARTESIAN_POINT('',(21.1165269551213,-6.16925609041023,13.00497475494));
#3026=CARTESIAN_POINT('Origin',(0.,0.,13.00497475494));
#3027=CARTESIAN_POINT('',(20.8902032271438,-6.89687178973637,13.76697475494));
#3028=CARTESIAN_POINT('Ctrl Pts',(20.8902032271438,-6.89687178973638,13.76697475494));
#3029=CARTESIAN_POINT('Ctrl Pts',(20.8902032271438,-6.89687178973638,13.6712906176737));
#3030=CARTESIAN_POINT('Ctrl Pts',(20.8962246033071,-6.87871653598031,13.5692307061334));
#3031=CARTESIAN_POINT('Ctrl Pts',(20.9204146601221,-6.80479201022029,13.381485166028));
#3032=CARTESIAN_POINT('Ctrl Pts',(20.9385491817868,-6.74901235101197,13.2957992278949));
#3033=CARTESIAN_POINT('Ctrl Pts',(20.9796668849847,-6.62008960840148,13.1604922380771));
#3034=CARTESIAN_POINT('Ctrl Pts',(21.0053848015651,-6.53835240216896,13.1018513025338));
#3035=CARTESIAN_POINT('Ctrl Pts',(21.0604162928617,-6.35886061870654,13.0240925619901));
#3036=CARTESIAN_POINT('Ctrl Pts',(21.0896957722592,-6.26109559064211,13.00497475494));
#3037=CARTESIAN_POINT('Ctrl Pts',(21.1165269551213,-6.16925609041024,13.00497475494));
#3038=CARTESIAN_POINT('',(20.8902032271438,-6.89687178973637,15.36246738056));
#3039=CARTESIAN_POINT('',(20.8902032271438,-6.89687178973637,20.64566738056));
#3040=CARTESIAN_POINT('',(20.6386367577584,-7.61669903151842,16.12446738056));
#3041=CARTESIAN_POINT('Ctrl Pts',(20.6386367577584,-7.61669903151843,16.12446738056));
#3042=CARTESIAN_POINT('Ctrl Pts',(20.6717930556971,-7.52685685887156,16.12446738056));
#3043=CARTESIAN_POINT('Ctrl Pts',(20.7065157000435,-7.43077848418937,16.1053657174854));
#3044=CARTESIAN_POINT('Ctrl Pts',(20.7692387921846,-7.25361849771399,16.0276002329306));
#3045=CARTESIAN_POINT('Ctrl Pts',(20.7972726998011,-7.17254948781579,15.968934694394));
#3046=CARTESIAN_POINT('Ctrl Pts',(20.8410178496836,-7.04442928908048,15.8335838205463));
#3047=CARTESIAN_POINT('Ctrl Pts',(20.8596573354086,-6.98882244845119,15.7479103459448));
#3048=CARTESIAN_POINT('Ctrl Pts',(20.8842329739849,-6.91503842754456,15.560188116136));
#3049=CARTESIAN_POINT('Ctrl Pts',(20.8902032271438,-6.89687178973638,15.4581396831578));
#3050=CARTESIAN_POINT('Ctrl Pts',(20.8902032271438,-6.89687178973638,15.36246738056));
#3051=CARTESIAN_POINT('',(7.61669903151839,-20.6386367577584,16.12446738056));
#3052=CARTESIAN_POINT('Origin',(0.,0.,16.12446738056));
#3053=CARTESIAN_POINT('',(6.89687178973633,-20.8902032271438,15.36246738056));
#3054=CARTESIAN_POINT('Ctrl Pts',(6.89687178973633,-20.8902032271438,15.36246738056));
#3055=CARTESIAN_POINT('Ctrl Pts',(6.89687178973633,-20.8902032271438,15.4581396831578));
#3056=CARTESIAN_POINT('Ctrl Pts',(6.91503842754451,-20.8842329739849,15.560188116136));
#3057=CARTESIAN_POINT('Ctrl Pts',(6.98882244845115,-20.8596573354086,15.7479103459448));
#3058=CARTESIAN_POINT('Ctrl Pts',(7.04442928908043,-20.8410178496836,15.8335838205463));
#3059=CARTESIAN_POINT('Ctrl Pts',(7.17254948781575,-20.7972726998011,15.968934694394));
#3060=CARTESIAN_POINT('Ctrl Pts',(7.25361849771395,-20.7692387921846,16.0276002329306));
#3061=CARTESIAN_POINT('Ctrl Pts',(7.43077848418932,-20.7065157000436,16.1053657174854));
#3062=CARTESIAN_POINT('Ctrl Pts',(7.52685685887152,-20.6717930556971,16.12446738056));
#3063=CARTESIAN_POINT('Ctrl Pts',(7.61669903151838,-20.6386367577584,16.12446738056));
#3064=CARTESIAN_POINT('',(6.89687178973633,-20.8902032271438,13.76697475494));
#3065=CARTESIAN_POINT('',(6.89687178973633,-20.8902032271438,20.64566738056));
#3066=CARTESIAN_POINT('',(6.1692560904102,-21.1165269551213,13.00497475494));
#3067=CARTESIAN_POINT('Ctrl Pts',(6.16925609041019,-21.1165269551213,13.00497475494));
#3068=CARTESIAN_POINT('Ctrl Pts',(6.26109559064206,-21.0896957722592,13.00497475494));
#3069=CARTESIAN_POINT('Ctrl Pts',(6.35886061870648,-21.0604162928617,13.0240925619901));
#3070=CARTESIAN_POINT('Ctrl Pts',(6.5383524021689,-21.0053848015651,13.1018513025338));
#3071=CARTESIAN_POINT('Ctrl Pts',(6.62008960840143,-20.9796668849847,13.1604922380771));
#3072=CARTESIAN_POINT('Ctrl Pts',(6.74901235101192,-20.9385491817868,13.2957992278949));
#3073=CARTESIAN_POINT('Ctrl Pts',(6.80479201022024,-20.9204146601222,13.381485166028));
#3074=CARTESIAN_POINT('Ctrl Pts',(6.87871653598025,-20.8962246033071,13.5692307061334));
#3075=CARTESIAN_POINT('Ctrl Pts',(6.89687178973633,-20.8902032271438,13.6712906176737));
#3076=CARTESIAN_POINT('Ctrl Pts',(6.89687178973633,-20.8902032271438,13.76697475494));
#3077=CARTESIAN_POINT('',(-6.16925609041023,-21.1165269551213,13.00497475494));
#3078=CARTESIAN_POINT('Origin',(0.,0.,13.00497475494));
#3079=CARTESIAN_POINT('',(-6.89687178973637,-20.8902032271438,13.76697475494));
#3080=CARTESIAN_POINT('Ctrl Pts',(-6.89687178973638,-20.8902032271438,13.76697475494));
#3081=CARTESIAN_POINT('Ctrl Pts',(-6.89687178973638,-20.8902032271438,13.6712906176737));
#3082=CARTESIAN_POINT('Ctrl Pts',(-6.87871653598031,-20.8962246033071,13.5692307061334));
#3083=CARTESIAN_POINT('Ctrl Pts',(-6.80479201022029,-20.9204146601221,13.381485166028));
#3084=CARTESIAN_POINT('Ctrl Pts',(-6.74901235101197,-20.9385491817868,13.2957992278949));
#3085=CARTESIAN_POINT('Ctrl Pts',(-6.62008960840148,-20.9796668849847,13.1604922380771));
#3086=CARTESIAN_POINT('Ctrl Pts',(-6.53835240216896,-21.0053848015651,13.1018513025338));
#3087=CARTESIAN_POINT('Ctrl Pts',(-6.35886061870654,-21.0604162928617,13.0240925619901));
#3088=CARTESIAN_POINT('Ctrl Pts',(-6.26109559064211,-21.0896957722592,13.00497475494));
#3089=CARTESIAN_POINT('Ctrl Pts',(-6.16925609041024,-21.1165269551213,13.00497475494));
#3090=CARTESIAN_POINT('',(-6.89687178973637,-20.8902032271438,15.36246738056));
#3091=CARTESIAN_POINT('',(-6.89687178973637,-20.8902032271438,20.64566738056));
#3092=CARTESIAN_POINT('',(-7.61669903151842,-20.6386367577584,16.12446738056));
#3093=CARTESIAN_POINT('Ctrl Pts',(-7.61669903151843,-20.6386367577584,16.12446738056));
#3094=CARTESIAN_POINT('Ctrl Pts',(-7.52685685887156,-20.6717930556971,16.12446738056));
#3095=CARTESIAN_POINT('Ctrl Pts',(-7.43077848418937,-20.7065157000435,16.1053657174854));
#3096=CARTESIAN_POINT('Ctrl Pts',(-7.25361849771399,-20.7692387921846,16.0276002329306));
#3097=CARTESIAN_POINT('Ctrl Pts',(-7.1725494878158,-20.7972726998011,15.968934694394));
#3098=CARTESIAN_POINT('Ctrl Pts',(-7.04442928908048,-20.8410178496836,15.8335838205463));
#3099=CARTESIAN_POINT('Ctrl Pts',(-6.98882244845119,-20.8596573354086,15.7479103459448));
#3100=CARTESIAN_POINT('Ctrl Pts',(-6.91503842754456,-20.8842329739849,15.560188116136));
#3101=CARTESIAN_POINT('Ctrl Pts',(-6.89687178973638,-20.8902032271438,15.4581396831578));
#3102=CARTESIAN_POINT('Ctrl Pts',(-6.89687178973638,-20.8902032271438,15.36246738056));
#3103=CARTESIAN_POINT('',(-20.8900885964573,-6.89721899005956,16.1244673805601));
#3104=CARTESIAN_POINT('Origin',(0.,0.,16.12446738056));
#3105=CARTESIAN_POINT('',(-20.8900885962578,-6.89721898999372,15.3860679201448));
#3106=CARTESIAN_POINT('',(-20.8900885962578,-6.89721898999368,20.64566738056));
#3107=CARTESIAN_POINT('',(-20.8902032271438,-6.89687178973633,15.36246738056));
#3108=CARTESIAN_POINT('Origin',(-20.6514110081579,-7.62012332715364,15.3624670118702));
#3109=CARTESIAN_POINT('',(-20.8902032271438,-6.89687178973633,13.76697475494));
#3110=CARTESIAN_POINT('',(-20.8902032271438,-6.89687178973633,20.64566738056));
#3111=CARTESIAN_POINT('',(-21.1165269551213,-6.1692560904102,13.00497475494));
#3112=CARTESIAN_POINT('Ctrl Pts',(-21.1165269551213,-6.16925609041019,13.00497475494));
#3113=CARTESIAN_POINT('Ctrl Pts',(-21.0896957722592,-6.26109559064206,13.00497475494));
#3114=CARTESIAN_POINT('Ctrl Pts',(-21.0604162928617,-6.35886061870648,13.0240925619901));
#3115=CARTESIAN_POINT('Ctrl Pts',(-21.0053848015651,-6.5383524021689,13.1018513025338));
#3116=CARTESIAN_POINT('Ctrl Pts',(-20.9796668849847,-6.62008960840143,13.1604922380771));
#3117=CARTESIAN_POINT('Ctrl Pts',(-20.9385491817868,-6.74901235101192,13.2957992278949));
#3118=CARTESIAN_POINT('Ctrl Pts',(-20.9204146601222,-6.80479201022024,13.381485166028));
#3119=CARTESIAN_POINT('Ctrl Pts',(-20.8962246033071,-6.87871653598025,13.5692307061334));
#3120=CARTESIAN_POINT('Ctrl Pts',(-20.8902032271438,-6.89687178973633,13.6712906176737));
#3121=CARTESIAN_POINT('Ctrl Pts',(-20.8902032271438,-6.89687178973633,13.76697475494));
#3122=CARTESIAN_POINT('Origin',(0.,0.,13.00497475494));
#3123=CARTESIAN_POINT('Origin',(21.6762011169809,6.87252239477858,16.12446738056));
#3124=CARTESIAN_POINT('',(21.9969243527404,6.70461601323706,15.0313829851944));
#3125=CARTESIAN_POINT('',(21.9961701172838,6.70501087376548,15.0313829851944));
#3126=CARTESIAN_POINT('',(20.1493494370868,7.67186622814483,15.0313829851944));
#3127=CARTESIAN_POINT('',(21.3833206100779,7.02585243343847,14.5439539850944));
#3128=CARTESIAN_POINT('Ctrl Pts',(21.9961701172837,6.70501087376553,15.0313829851944));
#3129=CARTESIAN_POINT('Ctrl Pts',(21.6864629634462,6.86715006962152,14.7824103723905));
#3130=CARTESIAN_POINT('Ctrl Pts',(21.3833206100779,7.02585243343849,14.5439539850944));
#3131=CARTESIAN_POINT('',(21.3833206100779,7.02585243343847,14.4568999710142));
#3132=CARTESIAN_POINT('',(21.3833206100779,7.02585243343847,14.5004269780543));
#3133=CARTESIAN_POINT('',(21.9961701172838,6.70501087376548,13.9694709709142));
#3134=CARTESIAN_POINT('Ctrl Pts',(21.3833206100779,7.02585243343848,14.4568999710142));
#3135=CARTESIAN_POINT('Ctrl Pts',(21.6864629634456,6.86715006962183,14.2184435837186));
#3136=CARTESIAN_POINT('Ctrl Pts',(21.9961701172837,6.70501087376553,13.9694709709142));
#3137=CARTESIAN_POINT('',(21.9969243527404,6.70461601323706,13.9694709709142));
#3138=CARTESIAN_POINT('',(20.149202631084,7.67194308464282,13.9694709709142));
#3139=CARTESIAN_POINT('',(21.9969243527404,6.70461601323703,13.76697475494));
#3140=CARTESIAN_POINT('',(21.9969243527404,6.70461601323703,16.12446738056));
#3141=CARTESIAN_POINT('',(21.3554778812214,7.04042877632012,13.76697475494));
#3142=CARTESIAN_POINT('',(21.9969243527404,6.70461601323703,13.76697475494));
#3143=CARTESIAN_POINT('',(21.3554778812214,7.04042877632012,15.36246738056));
#3144=CARTESIAN_POINT('',(21.3554778812214,7.04042877632012,16.12446738056));
#3145=CARTESIAN_POINT('',(21.9969243527404,6.70461601323704,15.36246738056));
#3146=CARTESIAN_POINT('',(21.9969243527404,6.70461601323704,15.36246738056));
#3147=CARTESIAN_POINT('',(21.9969243527404,6.70461601323703,16.12446738056));
#3148=CARTESIAN_POINT('Origin',(0.,0.,16.12446738056));
#3149=CARTESIAN_POINT('',(21.9969243527404,-6.7046160132371,13.9694709709142));
#3150=CARTESIAN_POINT('Origin',(0.,0.,13.9694709709142));
#3151=CARTESIAN_POINT('',(21.9969243527404,-6.70461601323707,13.76697475494));
#3152=CARTESIAN_POINT('',(21.9969243527404,-6.70461601323707,16.12446738056));
#3153=CARTESIAN_POINT('',(22.0690766465889,-6.46315811597726,13.51499205184));
#3154=CARTESIAN_POINT('Ctrl Pts',(22.0690766465889,-6.46315811597726,13.51499205184));
#3155=CARTESIAN_POINT('Ctrl Pts',(22.0601775681581,-6.49354487744095,13.51499205184));
#3156=CARTESIAN_POINT('Ctrl Pts',(22.0505997102843,-6.52599173731709,13.5216481952588));
#3157=CARTESIAN_POINT('Ctrl Pts',(22.0312184512445,-6.59115626401346,13.5495458469654));
#3158=CARTESIAN_POINT('Ctrl Pts',(22.0236137766544,-6.61644316991229,13.5706579456873));
#3159=CARTESIAN_POINT('Ctrl Pts',(22.0132948657376,-6.65069216206539,13.6063083234361));
#3160=CARTESIAN_POINT('Ctrl Pts',(22.0072086136156,-6.67079984149989,13.6320458700809));
#3161=CARTESIAN_POINT('Ctrl Pts',(21.998963690006,-6.69793365060778,13.7012101318537));
#3162=CARTESIAN_POINT('Ctrl Pts',(21.9969243527404,-6.70461601323707,13.7353153819549));
#3163=CARTESIAN_POINT('Ctrl Pts',(21.9969243527404,-6.70461601323707,13.76697475494));
#3164=CARTESIAN_POINT('',(22.0711838698519,-6.45595844536886,13.51499205184));
#3165=CARTESIAN_POINT('',(22.0711838698519,-6.45595844536886,13.51499205184));
#3166=CARTESIAN_POINT('',(22.0711838698519,6.45595844536882,13.51499205184));
#3167=CARTESIAN_POINT('Origin',(0.,0.,13.51499205184));
#3168=CARTESIAN_POINT('',(22.0690766465889,6.46315811597721,13.51499205184));
#3169=CARTESIAN_POINT('',(22.0690766465889,6.46315811597721,13.51499205184));
#3170=CARTESIAN_POINT('Ctrl Pts',(21.9969243527404,6.70461601323702,13.76697475494));
#3171=CARTESIAN_POINT('Ctrl Pts',(21.9969243527404,6.70461601323702,13.7504939394082));
#3172=CARTESIAN_POINT('Ctrl Pts',(21.9974289968187,6.70296090495211,13.7338019345499));
#3173=CARTESIAN_POINT('Ctrl Pts',(21.9993373992483,6.69669484269212,13.7010810855464));
#3174=CARTESIAN_POINT('Ctrl Pts',(22.00077777652,6.6919637506445,13.6847765097096));
#3175=CARTESIAN_POINT('Ctrl Pts',(22.0063774410883,6.6735348077897,13.6393140677612));
#3176=CARTESIAN_POINT('Ctrl Pts',(22.0117401373702,6.65584826522593,13.6116969968267));
#3177=CARTESIAN_POINT('Ctrl Pts',(22.0232815226718,6.61754207231629,13.5715940263909));
#3178=CARTESIAN_POINT('Ctrl Pts',(22.0305580758806,6.59336491141513,13.5510872275243));
#3179=CARTESIAN_POINT('Ctrl Pts',(22.0501704838823,6.5274441943904,13.5223664259058));
#3180=CARTESIAN_POINT('Ctrl Pts',(22.0600251952311,6.49406516949404,13.51499205184));
#3181=CARTESIAN_POINT('Ctrl Pts',(22.0690766465889,6.46315811597722,13.51499205184));
#3182=CARTESIAN_POINT('Origin',(6.87252239477858,-21.6762011169809,16.12446738056));
#3183=CARTESIAN_POINT('',(6.70461601323703,-21.9969243527404,15.0313829851944));
#3184=CARTESIAN_POINT('',(6.70501087376547,-21.9961701172838,15.0313829851944));
#3185=CARTESIAN_POINT('',(6.12098024004052,-23.1117453140764,15.0313829851944));
#3186=CARTESIAN_POINT('',(7.02585243343846,-21.3833206100779,14.5439539850944));
#3187=CARTESIAN_POINT('Ctrl Pts',(6.70501087376552,-21.9961701172837,15.0313829851944));
#3188=CARTESIAN_POINT('Ctrl Pts',(6.86715006962145,-21.6864629634463,14.7824103723906));
#3189=CARTESIAN_POINT('Ctrl Pts',(7.02585243343848,-21.3833206100779,14.5439539850944));
#3190=CARTESIAN_POINT('',(7.02585243343846,-21.3833206100779,14.4568999710142));
#3191=CARTESIAN_POINT('',(7.02585243343846,-21.3833206100779,14.5004269780543));
#3192=CARTESIAN_POINT('',(6.70501087376547,-21.9961701172838,13.9694709709142));
#3193=CARTESIAN_POINT('Ctrl Pts',(7.02585243343848,-21.3833206100779,14.4568999710142));
#3194=CARTESIAN_POINT('Ctrl Pts',(6.8671500696213,-21.6864629634466,14.2184435837178));
#3195=CARTESIAN_POINT('Ctrl Pts',(6.70501087376552,-21.9961701172837,13.9694709709142));
#3196=CARTESIAN_POINT('',(6.70461601323706,-21.9969243527404,13.9694709709142));
#3197=CARTESIAN_POINT('',(6.12109798871221,-23.1115203986524,13.9694709709142));
#3198=CARTESIAN_POINT('',(6.70461601323703,-21.9969243527404,13.76697475494));
#3199=CARTESIAN_POINT('',(6.70461601323703,-21.9969243527404,16.12446738056));
#3200=CARTESIAN_POINT('',(7.04042877632012,-21.3554778812214,13.76697475494));
#3201=CARTESIAN_POINT('',(6.70461601323703,-21.9969243527404,13.76697475494));
#3202=CARTESIAN_POINT('',(7.04042877632012,-21.3554778812214,15.36246738056));
#3203=CARTESIAN_POINT('',(7.04042877632012,-21.3554778812214,16.12446738056));
#3204=CARTESIAN_POINT('',(6.70461601323704,-21.9969243527404,15.36246738056));
#3205=CARTESIAN_POINT('',(6.70461601323704,-21.9969243527404,15.36246738056));
#3206=CARTESIAN_POINT('',(6.70461601323703,-21.9969243527404,16.12446738056));
#3207=CARTESIAN_POINT('Origin',(0.,0.,16.12446738056));
#3208=CARTESIAN_POINT('',(-6.70461601323709,-21.9969243527404,13.9694709709142));
#3209=CARTESIAN_POINT('Origin',(0.,0.,13.9694709709142));
#3210=CARTESIAN_POINT('',(-6.70461601323707,-21.9969243527404,13.76697475494));
#3211=CARTESIAN_POINT('',(-6.70461601323707,-21.9969243527404,16.12446738056));
#3212=CARTESIAN_POINT('',(-6.46315811597725,-22.0690766465889,13.51499205184));
#3213=CARTESIAN_POINT('Ctrl Pts',(-6.46315811597725,-22.0690766465889,13.51499205184));
#3214=CARTESIAN_POINT('Ctrl Pts',(-6.4935448774411,-22.0601775681581,13.51499205184));
#3215=CARTESIAN_POINT('Ctrl Pts',(-6.52599173731724,-22.0505997102842,13.5216481952589));
#3216=CARTESIAN_POINT('Ctrl Pts',(-6.59115626401345,-22.0312184512445,13.5495458469654));
#3217=CARTESIAN_POINT('Ctrl Pts',(-6.61644316991228,-22.0236137766544,13.5706579456872));
#3218=CARTESIAN_POINT('Ctrl Pts',(-6.65069216206518,-22.0132948657377,13.6063083234359));
#3219=CARTESIAN_POINT('Ctrl Pts',(-6.67079984149979,-22.0072086136157,13.6320458700807));
#3220=CARTESIAN_POINT('Ctrl Pts',(-6.69793365060785,-21.998963690006,13.7012101318539));
#3221=CARTESIAN_POINT('Ctrl Pts',(-6.70461601323707,-21.9969243527404,13.7353153819551));
#3222=CARTESIAN_POINT('Ctrl Pts',(-6.70461601323707,-21.9969243527404,13.76697475494));
#3223=CARTESIAN_POINT('',(-6.45595844536886,-22.0711838698519,13.51499205184));
#3224=CARTESIAN_POINT('',(-6.45595844536886,-22.0711838698519,13.51499205184));
#3225=CARTESIAN_POINT('',(6.45595844536882,-22.0711838698519,13.51499205184));
#3226=CARTESIAN_POINT('Origin',(0.,0.,13.51499205184));
#3227=CARTESIAN_POINT('',(6.46315811597722,-22.0690766465889,13.51499205184));
#3228=CARTESIAN_POINT('',(6.46315811597722,-22.0690766465889,13.51499205184));
#3229=CARTESIAN_POINT('Ctrl Pts',(6.70461601323702,-21.9969243527404,13.76697475494));
#3230=CARTESIAN_POINT('Ctrl Pts',(6.70461601323702,-21.9969243527404,13.7504939394082));
#3231=CARTESIAN_POINT('Ctrl Pts',(6.70296090495212,-21.9974289968187,13.7338019345499));
#3232=CARTESIAN_POINT('Ctrl Pts',(6.6966948426921,-21.9993373992483,13.7010810855463));
#3233=CARTESIAN_POINT('Ctrl Pts',(6.69196375064447,-22.0007777765201,13.6847765097095));
#3234=CARTESIAN_POINT('Ctrl Pts',(6.67353480778967,-22.0063774410883,13.6393140677612));
#3235=CARTESIAN_POINT('Ctrl Pts',(6.65584826522592,-22.0117401373702,13.6116969968267));
#3236=CARTESIAN_POINT('Ctrl Pts',(6.61754207231615,-22.0232815226719,13.5715940263908));
#3237=CARTESIAN_POINT('Ctrl Pts',(6.593364911415,-22.0305580758807,13.5510872275243));
#3238=CARTESIAN_POINT('Ctrl Pts',(6.52744419439045,-22.0501704838822,13.5223664259058));
#3239=CARTESIAN_POINT('Ctrl Pts',(6.49406516949405,-22.0600251952311,13.51499205184));
#3240=CARTESIAN_POINT('Ctrl Pts',(6.46315811597722,-22.0690766465889,13.51499205184));
#3241=CARTESIAN_POINT('Origin',(-21.6762011169809,-6.87252239477858,16.12446738056));
#3242=CARTESIAN_POINT('',(-21.9969243527404,-6.70461601323704,15.0313829851944));
#3243=CARTESIAN_POINT('',(-21.9961701172838,-6.70501087376547,15.0313829851944));
#3244=CARTESIAN_POINT('',(-9.01375295817694,-13.5016206787467,15.0313829851944));
#3245=CARTESIAN_POINT('',(-21.383320610078,-7.02585243343845,14.5439539850944));
#3246=CARTESIAN_POINT('Ctrl Pts',(-21.9961701172837,-6.70501087376552,15.0313829851944));
#3247=CARTESIAN_POINT('Ctrl Pts',(-21.6864629634458,-6.86715006962175,14.7824103723901));
#3248=CARTESIAN_POINT('Ctrl Pts',(-21.3833206100779,-7.02585243343847,14.5439539850944));
#3249=CARTESIAN_POINT('',(-21.383320610078,-7.02585243343845,14.4568999710142));
#3250=CARTESIAN_POINT('',(-21.383320610078,-7.02585243343845,14.5004269780543));
#3251=CARTESIAN_POINT('',(-21.9961701172838,-6.70501087376547,13.9694709709142));
#3252=CARTESIAN_POINT('Ctrl Pts',(-21.3833206100779,-7.02585243343847,14.4568999710142));
#3253=CARTESIAN_POINT('Ctrl Pts',(-21.6864629634458,-6.86715006962176,14.2184435837185));
#3254=CARTESIAN_POINT('Ctrl Pts',(-21.9961701172837,-6.70501087376552,13.9694709709142));
#3255=CARTESIAN_POINT('',(-21.9969243527404,-6.70461601323706,13.9694709709142));
#3256=CARTESIAN_POINT('',(-9.01389976417977,-13.5015438222487,13.9694709709142));
#3257=CARTESIAN_POINT('',(-21.9969243527404,-6.70461601323704,13.76697475494));
#3258=CARTESIAN_POINT('',(-21.9969243527404,-6.70461601323704,16.12446738056));
#3259=CARTESIAN_POINT('',(-21.3554778812214,-7.04042877632012,13.76697475494));
#3260=CARTESIAN_POINT('',(-21.9969243527404,-6.70461601323704,13.76697475494));
#3261=CARTESIAN_POINT('',(-21.3554778812214,-7.04042877632012,15.36246738056));
#3262=CARTESIAN_POINT('',(-21.3554778812214,-7.04042877632012,16.12446738056));
#3263=CARTESIAN_POINT('',(-21.9969243527404,-6.70461601323703,15.36246738056));
#3264=CARTESIAN_POINT('',(-21.9969243527404,-6.70461601323703,15.36246738056));
#3265=CARTESIAN_POINT('',(-21.9969243527404,-6.70461601323704,16.12446738056));
#3266=CARTESIAN_POINT('Origin',(0.,0.,16.12446738056));
#3267=CARTESIAN_POINT('',(-21.9969243527404,6.70461601323709,13.9694709709142));
#3268=CARTESIAN_POINT('Origin',(0.,0.,13.9694709709142));
#3269=CARTESIAN_POINT('',(-21.9969243527404,6.70461601323707,13.76697475494));
#3270=CARTESIAN_POINT('',(-21.9969243527404,6.70461601323707,16.12446738056));
#3271=CARTESIAN_POINT('',(-22.0690766465889,6.46315811597725,13.51499205184));
#3272=CARTESIAN_POINT('Ctrl Pts',(-22.0690766465889,6.46315811597725,13.51499205184));
#3273=CARTESIAN_POINT('Ctrl Pts',(-22.0601775681581,6.49354487744111,13.51499205184));
#3274=CARTESIAN_POINT('Ctrl Pts',(-22.0505997102842,6.52599173731724,13.5216481952589));
#3275=CARTESIAN_POINT('Ctrl Pts',(-22.0312184512445,6.59115626401344,13.5495458469654));
#3276=CARTESIAN_POINT('Ctrl Pts',(-22.0236137766544,6.61644316991227,13.5706579456872));
#3277=CARTESIAN_POINT('Ctrl Pts',(-22.0132948657376,6.65069216206545,13.6063083234361));
#3278=CARTESIAN_POINT('Ctrl Pts',(-22.0072086136156,6.67079984149991,13.632045870081));
#3279=CARTESIAN_POINT('Ctrl Pts',(-21.998963690006,6.69793365060777,13.7012101318537));
#3280=CARTESIAN_POINT('Ctrl Pts',(-21.9969243527404,6.70461601323707,13.7353153819549));
#3281=CARTESIAN_POINT('Ctrl Pts',(-21.9969243527404,6.70461601323707,13.76697475494));
#3282=CARTESIAN_POINT('',(-22.0711838698519,6.45595844536885,13.51499205184));
#3283=CARTESIAN_POINT('',(-22.0711838698519,6.45595844536885,13.51499205184));
#3284=CARTESIAN_POINT('',(-22.0711838698519,-6.45595844536882,13.51499205184));
#3285=CARTESIAN_POINT('Origin',(0.,0.,13.51499205184));
#3286=CARTESIAN_POINT('',(-22.0690766465889,-6.46315811597722,13.51499205184));
#3287=CARTESIAN_POINT('',(-22.0690766465889,-6.46315811597722,13.51499205184));
#3288=CARTESIAN_POINT('Ctrl Pts',(-21.9969243527404,-6.70461601323703,13.76697475494));
#3289=CARTESIAN_POINT('Ctrl Pts',(-21.9969243527404,-6.70461601323702,13.7504939394082));
#3290=CARTESIAN_POINT('Ctrl Pts',(-21.9974289968187,-6.70296090495212,13.7338019345499));
#3291=CARTESIAN_POINT('Ctrl Pts',(-21.9993373992483,-6.69669484269211,13.7010810855463));
#3292=CARTESIAN_POINT('Ctrl Pts',(-22.0007777765201,-6.69196375064448,13.6847765097095));
#3293=CARTESIAN_POINT('Ctrl Pts',(-22.0063774410883,-6.6735348077897,13.6393140677612));
#3294=CARTESIAN_POINT('Ctrl Pts',(-22.0117401373702,-6.65584826522593,13.6116969968267));
#3295=CARTESIAN_POINT('Ctrl Pts',(-22.023281522672,-6.61754207231554,13.5715940263901));
#3296=CARTESIAN_POINT('Ctrl Pts',(-22.0305580758809,-6.59336491141429,13.5510872275239));
#3297=CARTESIAN_POINT('Ctrl Pts',(-22.0501704838823,-6.52744419439041,13.5223664259058));
#3298=CARTESIAN_POINT('Ctrl Pts',(-22.0600251952311,-6.49406516949405,13.51499205184));
#3299=CARTESIAN_POINT('Ctrl Pts',(-22.0690766465889,-6.46315811597722,13.51499205184));
#3300=CARTESIAN_POINT('Origin',(-6.87252239477858,21.6762011169809,16.12446738056));
#3301=CARTESIAN_POINT('',(-6.70461601323706,21.9969243527404,15.0313829851944));
#3302=CARTESIAN_POINT('',(-6.70501087376547,21.9961701172838,15.0313829851944));
#3303=CARTESIAN_POINT('',(-15.0525066668511,6.05135708118732,15.0313829851944));
#3304=CARTESIAN_POINT('',(-7.02585243343846,21.3833206100779,14.5439539850944));
#3305=CARTESIAN_POINT('Ctrl Pts',(-6.70501087376552,21.9961701172837,15.0313829851944));
#3306=CARTESIAN_POINT('Ctrl Pts',(-6.86715006962177,21.6864629634457,14.7824103723901));
#3307=CARTESIAN_POINT('Ctrl Pts',(-7.02585243343848,21.3833206100779,14.5439539850944));
#3308=CARTESIAN_POINT('',(-7.02585243343846,21.3833206100779,14.4568999710142));
#3309=CARTESIAN_POINT('',(-7.02585243343846,21.3833206100779,14.5004269780543));
#3310=CARTESIAN_POINT('',(-6.70501087376547,21.9961701172838,13.9694709709142));
#3311=CARTESIAN_POINT('Ctrl Pts',(-7.02585243343848,21.3833206100779,14.4568999710142));
#3312=CARTESIAN_POINT('Ctrl Pts',(-6.86715006962157,21.6864629634461,14.2184435837182));
#3313=CARTESIAN_POINT('Ctrl Pts',(-6.70501087376553,21.9961701172837,13.9694709709142));
#3314=CARTESIAN_POINT('',(-6.70461601323706,21.9969243527404,13.9694709709142));
#3315=CARTESIAN_POINT('',(-15.0523889181794,6.05158199661129,13.9694709709142));
#3316=CARTESIAN_POINT('',(-6.70461601323704,21.9969243527404,13.76697475494));
#3317=CARTESIAN_POINT('',(-6.70461601323704,21.9969243527404,16.12446738056));
#3318=CARTESIAN_POINT('',(-7.04042877632012,21.3554778812214,13.76697475494));
#3319=CARTESIAN_POINT('',(-6.70461601323704,21.9969243527404,13.76697475494));
#3320=CARTESIAN_POINT('',(-7.04042877632012,21.3554778812214,15.36246738056));
#3321=CARTESIAN_POINT('',(-7.04042877632012,21.3554778812214,16.12446738056));
#3322=CARTESIAN_POINT('',(-6.70461601323704,21.9969243527404,15.36246738056));
#3323=CARTESIAN_POINT('',(-6.70461601323704,21.9969243527404,15.36246738056));
#3324=CARTESIAN_POINT('',(-6.70461601323704,21.9969243527404,16.12446738056));
#3325=CARTESIAN_POINT('Origin',(0.,0.,16.12446738056));
#3326=CARTESIAN_POINT('',(6.7046160132371,21.9969243527404,13.9694709709142));
#3327=CARTESIAN_POINT('Origin',(0.,0.,13.9694709709142));
#3328=CARTESIAN_POINT('',(6.70461601323707,21.9969243527404,13.76697475494));
#3329=CARTESIAN_POINT('',(6.70461601323707,21.9969243527404,16.12446738056));
#3330=CARTESIAN_POINT('',(6.46315811597725,22.0690766465889,13.51499205184));
#3331=CARTESIAN_POINT('Ctrl Pts',(6.46315811597725,22.0690766465889,13.51499205184));
#3332=CARTESIAN_POINT('Ctrl Pts',(6.49354487744109,22.0601775681581,13.51499205184));
#3333=CARTESIAN_POINT('Ctrl Pts',(6.52599173731723,22.0505997102842,13.5216481952589));
#3334=CARTESIAN_POINT('Ctrl Pts',(6.59115626401346,22.0312184512445,13.5495458469654));
#3335=CARTESIAN_POINT('Ctrl Pts',(6.61644316991228,22.0236137766544,13.5706579456873));
#3336=CARTESIAN_POINT('Ctrl Pts',(6.6506921620654,22.0132948657376,13.6063083234361));
#3337=CARTESIAN_POINT('Ctrl Pts',(6.67079984149989,22.0072086136156,13.6320458700809));
#3338=CARTESIAN_POINT('Ctrl Pts',(6.69793365060778,21.998963690006,13.7012101318537));
#3339=CARTESIAN_POINT('Ctrl Pts',(6.70461601323707,21.9969243527404,13.7353153819549));
#3340=CARTESIAN_POINT('Ctrl Pts',(6.70461601323707,21.9969243527404,13.76697475494));
#3341=CARTESIAN_POINT('',(6.45595844536885,22.0711838698519,13.51499205184));
#3342=CARTESIAN_POINT('',(6.45595844536885,22.0711838698519,13.51499205184));
#3343=CARTESIAN_POINT('',(-6.45595844536882,22.0711838698519,13.51499205184));
#3344=CARTESIAN_POINT('Origin',(0.,0.,13.51499205184));
#3345=CARTESIAN_POINT('',(-6.46315811597722,22.0690766465889,13.51499205184));
#3346=CARTESIAN_POINT('',(-6.46315811597722,22.0690766465889,13.51499205184));
#3347=CARTESIAN_POINT('Ctrl Pts',(-6.70461601323703,21.9969243527404,13.76697475494));
#3348=CARTESIAN_POINT('Ctrl Pts',(-6.70461601323703,21.9969243527404,13.7353153819547));
#3349=CARTESIAN_POINT('Ctrl Pts',(-6.69793365060765,21.9989636900061,13.7012101318536));
#3350=CARTESIAN_POINT('Ctrl Pts',(-6.67079984149989,22.0072086136156,13.6320458700809));
#3351=CARTESIAN_POINT('Ctrl Pts',(-6.65069216206532,22.0132948657376,13.606308323436));
#3352=CARTESIAN_POINT('Ctrl Pts',(-6.61644316991241,22.0236137766544,13.5706579456874));
#3353=CARTESIAN_POINT('Ctrl Pts',(-6.59115626401358,22.0312184512445,13.5495458469654));
#3354=CARTESIAN_POINT('Ctrl Pts',(-6.52599173731719,22.0505997102842,13.5216481952589));
#3355=CARTESIAN_POINT('Ctrl Pts',(-6.49354487744113,22.0601775681581,13.51499205184));
#3356=CARTESIAN_POINT('Ctrl Pts',(-6.46315811597722,22.0690766465889,13.51499205184));
#3357=CARTESIAN_POINT('Origin',(0.,0.,16.37446738056));
#3358=CARTESIAN_POINT('',(-23.49608128638,2.87744007398713E-15,16.12446738056));
#3359=CARTESIAN_POINT('Origin',(0.,0.,16.12446738056));
#3360=CARTESIAN_POINT('',(-23.9960812863801,2.93867241394452E-15,16.6244673805601));
#3361=CARTESIAN_POINT('',(-23.74608128638,2.90805624396581E-15,16.37446738056));
#3362=CARTESIAN_POINT('Origin',(1.02140518265514E-13,-1.02140518265514E-13,
16.6244673805601));
#3363=CARTESIAN_POINT('Origin',(0.,0.,16.12446738056));
#3364=CARTESIAN_POINT('',(-20.9604448679418,-10.3655914540441,16.1244673805601));
#3365=CARTESIAN_POINT('Origin',(1.73194791841524E-13,-8.43769498715119E-14,
16.12446738056));
#3366=CARTESIAN_POINT('Origin',(-22.7862332089806,-7.52326346895242,16.129));
#3367=CARTESIAN_POINT('',(-21.4617595666877,-7.08596590962061,16.1244673805601));
#3368=CARTESIAN_POINT('',(-21.5448638697914,-7.11340421247299,15.9728838822058));
#3369=CARTESIAN_POINT('',(-21.6474421608277,-7.14727218453241,15.7857795370663));
#3370=CARTESIAN_POINT('',(-21.5087515858188,-7.10148112609448,15.9094211837786));
#3371=CARTESIAN_POINT('Ctrl Pts',(-21.5087515858188,-7.10148112609448,15.9094211837786));
#3372=CARTESIAN_POINT('Ctrl Pts',(-21.5204533048281,-7.10534464817552,15.930852129479));
#3373=CARTESIAN_POINT('Ctrl Pts',(-21.532519243269,-7.10932842351297,15.9520172923816));
#3374=CARTESIAN_POINT('Ctrl Pts',(-21.5448638697914,-7.11340421247299,15.9728838822058));
#3375=CARTESIAN_POINT('',(-21.3532924485166,-7.0501536408601,15.4851259735174));
#3376=CARTESIAN_POINT('Ctrl Pts',(-21.3532924485166,-7.05015364086013,15.4851259735174));
#3377=CARTESIAN_POINT('Ctrl Pts',(-21.3663893540024,-7.05447780754857,15.5678852038061));
#3378=CARTESIAN_POINT('Ctrl Pts',(-21.391250620911,-7.06268617877916,15.6497047299091));
#3379=CARTESIAN_POINT('Ctrl Pts',(-21.4471124907466,-7.08112992772122,15.7894726648502));
#3380=CARTESIAN_POINT('Ctrl Pts',(-21.4765536846554,-7.09085043995262,15.850452798796));
#3381=CARTESIAN_POINT('Ctrl Pts',(-21.5087515858188,-7.10148112609448,15.9094211837786));
#3382=CARTESIAN_POINT('Origin',(-57.7492159422449,-19.0668884441902,15.36246738056));
#3383=CARTESIAN_POINT('',(-21.429275059046,-7.07524059546244,16.1244673805601));
#3384=CARTESIAN_POINT('Origin',(0.,0.,20.17666738056));
#3385=CARTESIAN_POINT('',(-19.45925979108,2.38307202169229E-15,20.17666738056));
#3386=CARTESIAN_POINT('Origin',(0.,0.,20.17666738056));
#3387=CARTESIAN_POINT('Origin',(0.,0.,20.64566738056));
#3388=CARTESIAN_POINT('',(-23.99608128638,-2.9386724139445E-15,21.80294959866));
#3389=CARTESIAN_POINT('Origin',(0.,0.,21.80294959866));
#3390=CARTESIAN_POINT('',(-23.99608128638,-2.9386724139445E-15,20.64566738056));
#3391=CARTESIAN_POINT('Origin',(0.,0.,15.7880458971726));
#3392=CARTESIAN_POINT('',(-20.6098860586777,-10.1922292272239,15.4470916935723));
#3393=CARTESIAN_POINT('',(-20.7863383611794,-10.2794903750851,15.7880458971726));
#3394=CARTESIAN_POINT('',(-6.70985679242965,-21.9915156779657,15.4470916934418));
#3395=CARTESIAN_POINT('Origin',(7.99360577730113E-14,-8.32667268468867E-14,
15.4470916935724));
#3396=CARTESIAN_POINT('',(-6.70791226065581,-21.995919393154,15.4534046125325));
#3397=CARTESIAN_POINT('Ctrl Pts',(-6.7079122605592,-21.9959193928367,15.4534046127241));
#3398=CARTESIAN_POINT('Ctrl Pts',(-6.70822918622143,-21.9951971153175,15.4523681207479));
#3399=CARTESIAN_POINT('Ctrl Pts',(-6.70854728725733,-21.9944744075016,15.451331538755));
#3400=CARTESIAN_POINT('Ctrl Pts',(-6.70919553353212,-21.9930061998321,15.4492267637898));
#3401=CARTESIAN_POINT('Ctrl Pts',(-6.70952561460852,-21.9922609864183,15.4481590148298));
#3402=CARTESIAN_POINT('Ctrl Pts',(-6.70985679323479,-21.9915156775689,15.4470916939688));
#3403=CARTESIAN_POINT('',(6.70792068032686,-21.9959168255542,15.4534046128083));
#3404=CARTESIAN_POINT('Origin',(0.,0.,15.4534046139899));
#3405=CARTESIAN_POINT('',(6.70986403278039,-21.991513468671,15.4470916935024));
#3406=CARTESIAN_POINT('Ctrl Pts',(6.70986403321104,-21.9915134684587,15.4470916937842));
#3407=CARTESIAN_POINT('Ctrl Pts',(6.70953283806805,-21.992259187424,15.4481596854125));
#3408=CARTESIAN_POINT('Ctrl Pts',(6.70920274524214,-21.9930048111836,15.4492281078846));
#3409=CARTESIAN_POINT('Ctrl Pts',(6.70855488543965,-21.9944729213487,15.4513329160529));
#3410=CARTESIAN_POINT('Ctrl Pts',(6.70823718871433,-21.9951951008955,15.4523688269079));
#3411=CARTESIAN_POINT('Ctrl Pts',(6.7079206802482,-21.995916825297,15.4534046129635));
#3412=CARTESIAN_POINT('',(21.9914764206713,-6.70998545652627,15.4470916934467));
#3413=CARTESIAN_POINT('Origin',(0.,0.,15.4470916935724));
#3414=CARTESIAN_POINT('',(21.9958740148696,-6.70806106125221,15.4534046151298));
#3415=CARTESIAN_POINT('Ctrl Pts',(21.9958740151179,-6.70806106132506,15.453404614979));
#3416=CARTESIAN_POINT('Ctrl Pts',(21.9951625229222,-6.70837032716965,15.4523821271814));
#3417=CARTESIAN_POINT('Ctrl Pts',(21.9944497759675,-6.7086811495189,15.4513583725287));
#3418=CARTESIAN_POINT('Ctrl Pts',(21.9929828406494,-6.70932296086531,15.4492524634133));
#3419=CARTESIAN_POINT('Ctrl Pts',(21.992229665961,-6.70965362526731,15.448171827646));
#3420=CARTESIAN_POINT('Ctrl Pts',(21.9914764203027,-6.70998545727043,15.4470916939323));
#3421=CARTESIAN_POINT('',(21.9958740148696,6.7080610612523,15.4534046151298));
#3422=CARTESIAN_POINT('Origin',(0.,0.,15.4534046139899));
#3423=CARTESIAN_POINT('',(21.9914764206712,6.70998545652634,15.4470916934467));
#3424=CARTESIAN_POINT('Ctrl Pts',(21.9914764203027,6.7099854572705,15.4470916939323));
#3425=CARTESIAN_POINT('Ctrl Pts',(21.9922296659613,6.7096536252672,15.4481718276466));
#3426=CARTESIAN_POINT('Ctrl Pts',(21.9929828406502,6.70932296086504,15.4492524634144));
#3427=CARTESIAN_POINT('Ctrl Pts',(21.9944497759685,6.70868114951854,15.4513583725302));
#3428=CARTESIAN_POINT('Ctrl Pts',(21.9951625229237,6.70837032716907,15.4523821271835));
#3429=CARTESIAN_POINT('Ctrl Pts',(21.9958740151179,6.70806106132514,15.4534046149791));
#3430=CARTESIAN_POINT('',(6.70998545652627,21.9914764206713,15.4470916934467));
#3431=CARTESIAN_POINT('Origin',(0.,0.,15.4470916935724));
#3432=CARTESIAN_POINT('',(6.70806106125221,21.9958740148696,15.4534046151298));
#3433=CARTESIAN_POINT('Ctrl Pts',(6.70806106132506,21.9958740151179,15.453404614979));
#3434=CARTESIAN_POINT('Ctrl Pts',(6.70837032717159,21.9951625229178,15.4523821271749));
#3435=CARTESIAN_POINT('Ctrl Pts',(6.70868114951998,21.9944497759651,15.4513583725252));
#3436=CARTESIAN_POINT('Ctrl Pts',(6.70932296086342,21.9929828406537,15.4492524634195));
#3437=CARTESIAN_POINT('Ctrl Pts',(6.7096536252663,21.9922296659632,15.4481718276493));
#3438=CARTESIAN_POINT('Ctrl Pts',(6.70998545727043,21.9914764203027,15.4470916939323));
#3439=CARTESIAN_POINT('',(-6.70806106125229,21.9958740148696,15.4534046151298));
#3440=CARTESIAN_POINT('Origin',(0.,0.,15.4534046139899));
#3441=CARTESIAN_POINT('',(-6.70998545652634,21.9914764206712,15.4470916934467));
#3442=CARTESIAN_POINT('Ctrl Pts',(-6.7099854572705,21.9914764203027,15.4470916939323));
#3443=CARTESIAN_POINT('Ctrl Pts',(-6.70965362526716,21.9922296659615,15.4481718276467));
#3444=CARTESIAN_POINT('Ctrl Pts',(-6.70932296086494,21.9929828406504,15.4492524634147));
#3445=CARTESIAN_POINT('Ctrl Pts',(-6.70868114951845,21.9944497759687,15.4513583725305));
#3446=CARTESIAN_POINT('Ctrl Pts',(-6.70837032716911,21.9951625229236,15.4523821271834));
#3447=CARTESIAN_POINT('Ctrl Pts',(-6.70806106132514,21.9958740151179,15.453404614979));
#3448=CARTESIAN_POINT('',(-21.9915156779657,6.70985679242965,15.4470916934418));
#3449=CARTESIAN_POINT('Origin',(0.,0.,15.4470916935724));
#3450=CARTESIAN_POINT('',(-21.995919393154,6.70791226065581,15.4534046125325));
#3451=CARTESIAN_POINT('Ctrl Pts',(-21.9959193928366,6.7079122605592,15.4534046127241));
#3452=CARTESIAN_POINT('Ctrl Pts',(-21.9951971153139,6.70822918622301,15.4523681207427));
#3453=CARTESIAN_POINT('Ctrl Pts',(-21.9944744074996,6.70854728725821,15.4513315387522));
#3454=CARTESIAN_POINT('Ctrl Pts',(-21.9930061998325,6.70919553353192,15.4492267637905));
#3455=CARTESIAN_POINT('Ctrl Pts',(-21.9922609864186,6.70952561460842,15.4481590148301));
#3456=CARTESIAN_POINT('Ctrl Pts',(-21.9915156775689,6.7098567932348,15.4470916939687));
#3457=CARTESIAN_POINT('',(-21.9958435867154,-6.70816083290659,15.4534046128987));
#3458=CARTESIAN_POINT('Origin',(0.,0.,15.4534046139899));
#3459=CARTESIAN_POINT('',(-21.9914494406442,-6.71007388052453,15.4470916934862));
#3460=CARTESIAN_POINT('Ctrl Pts',(-21.9914494403963,-6.71007388102375,15.4470916938115));
#3461=CARTESIAN_POINT('Ctrl Pts',(-21.992207671672,-6.70974151642734,15.4481798139922));
#3462=CARTESIAN_POINT('Ctrl Pts',(-21.9929657868839,-6.70941037436597,15.4492683927128));
#3463=CARTESIAN_POINT('Ctrl Pts',(-21.9944304858743,-6.70877285423087,15.4513727586968));
#3464=CARTESIAN_POINT('Ctrl Pts',(-21.9951370888657,-6.7084663151691,15.4523884921766));
#3465=CARTESIAN_POINT('Ctrl Pts',(-21.9958435864774,-6.70816083283918,15.4534046130439));
#3466=CARTESIAN_POINT('Origin',(7.99360577730113E-14,-8.32667268468867E-14,
15.4470916935724));
#3467=CARTESIAN_POINT('Origin',(0.,0.,15.7880458971726));
#3468=CARTESIAN_POINT('',(-7.38484826734891,-21.360794561141,16.1244549349455));
#3469=CARTESIAN_POINT('Origin',(1.68753899743024E-13,-8.10462807976364E-14,
16.1244673805601));
#3470=CARTESIAN_POINT('Ctrl Pts',(-6.70985679309255,-21.9915156777334,15.4470916929755));
#3471=CARTESIAN_POINT('Ctrl Pts',(-6.75462524931813,-21.917037470725,15.5478475547248));
#3472=CARTESIAN_POINT('Ctrl Pts',(-6.83498177681888,-21.7985044042209,15.7035849625711));
#3473=CARTESIAN_POINT('Ctrl Pts',(-7.0367427385347,-21.6061655976574,15.9135868302465));
#3474=CARTESIAN_POINT('Ctrl Pts',(-7.10560375909352,-21.5483872068707,15.9716255352144));
#3475=CARTESIAN_POINT('Ctrl Pts',(-7.2443612433121,-21.4470489324513,16.0619416370054));
#3476=CARTESIAN_POINT('Ctrl Pts',(-7.31210058070916,-21.4028164739119,16.0967916972817));
#3477=CARTESIAN_POINT('Ctrl Pts',(-7.38484741151727,-21.3607895001001,16.1244189936574));
#3478=CARTESIAN_POINT('Ctrl Pts',(-21.5448638697914,-7.113404212473,15.9728838822058));
#3479=CARTESIAN_POINT('Ctrl Pts',(-21.612849612415,-7.02755225293106,15.9076866332089));
#3480=CARTESIAN_POINT('Ctrl Pts',(-21.6860738669433,-6.95116569956371,15.8275000256821));
#3481=CARTESIAN_POINT('Ctrl Pts',(-21.8345774704226,-6.8169622320135,15.6524187219674));
#3482=CARTESIAN_POINT('Ctrl Pts',(-21.9140425416213,-6.75703092644447,15.5515919801734));
#3483=CARTESIAN_POINT('Ctrl Pts',(-21.9914494405049,-6.71007388092983,15.4470916932009));
#3484=CARTESIAN_POINT('Origin',(0.,0.,15.7880458971726));
#3485=CARTESIAN_POINT('',(-7.38616716674415,21.3607397514965,16.1242320239676));
#3486=CARTESIAN_POINT('Ctrl Pts',(-7.38597982477977,21.3607775925982,16.1237975666511));
#3487=CARTESIAN_POINT('Ctrl Pts',(-7.31599620140429,21.4013474342775,16.0969983043754));
#3488=CARTESIAN_POINT('Ctrl Pts',(-7.24981977049392,21.444200625493,16.0635761274875));
#3489=CARTESIAN_POINT('Ctrl Pts',(-7.12379078295136,21.5352218034709,15.9833166998966));
#3490=CARTESIAN_POINT('Ctrl Pts',(-7.05730006758671,21.5886808537867,15.9313846537849));
#3491=CARTESIAN_POINT('Ctrl Pts',(-6.8726996425197,21.7626459661133,15.7428526303793));
#3492=CARTESIAN_POINT('Ctrl Pts',(-6.7777972387361,21.8793236742658,15.5986127135494));
#3493=CARTESIAN_POINT('Ctrl Pts',(-6.70998545713354,21.9914764204611,15.4470916930193));
#3494=CARTESIAN_POINT('',(-7.38773339463546,21.3597619804249,16.12446738056));
#3495=CARTESIAN_POINT('Ctrl Pts',(-7.38773339463546,21.3597619804249,16.12446738056));
#3496=CARTESIAN_POINT('Ctrl Pts',(-7.38721131867169,21.3600879041154,16.12446738056));
#3497=CARTESIAN_POINT('Ctrl Pts',(-7.38668924270792,21.360413827806,16.12446738056));
#3498=CARTESIAN_POINT('Ctrl Pts',(-7.38616716674414,21.3607397514965,16.12446738056));
#3499=CARTESIAN_POINT('',(-21.3607945611409,7.38484826734892,16.1244549349455));
#3500=CARTESIAN_POINT('Origin',(0.,0.,16.12446738056));
#3501=CARTESIAN_POINT('Ctrl Pts',(-21.9915156777334,6.70985679309255,15.4470916929755));
#3502=CARTESIAN_POINT('Ctrl Pts',(-21.9170374707251,6.75462524931806,15.5478475547247));
#3503=CARTESIAN_POINT('Ctrl Pts',(-21.7985044042209,6.83498177681883,15.7035849625711));
#3504=CARTESIAN_POINT('Ctrl Pts',(-21.6061655976574,7.03674273853471,15.9135868302466));
#3505=CARTESIAN_POINT('Ctrl Pts',(-21.5483872068707,7.1056037590935,15.9716255352144));
#3506=CARTESIAN_POINT('Ctrl Pts',(-21.4470489324513,7.24436124331205,16.0619416370054));
#3507=CARTESIAN_POINT('Ctrl Pts',(-21.4028164739119,7.31210058070914,16.0967916972816));
#3508=CARTESIAN_POINT('Ctrl Pts',(-21.3607895001001,7.38484741151728,16.1244189936574));
#3509=CARTESIAN_POINT('Origin',(0.,0.,15.7880458971726));
#3510=CARTESIAN_POINT('',(21.3607397514965,7.38616716674416,16.1242320239676));
#3511=CARTESIAN_POINT('Ctrl Pts',(21.3607775925982,7.38597982477979,16.1237975666511));
#3512=CARTESIAN_POINT('Ctrl Pts',(21.4013474342776,7.3159962014042,16.0969983043754));
#3513=CARTESIAN_POINT('Ctrl Pts',(21.4442006254931,7.24981977049373,16.0635761274874));
#3514=CARTESIAN_POINT('Ctrl Pts',(21.5352218034712,7.123790782951,15.9833166998963));
#3515=CARTESIAN_POINT('Ctrl Pts',(21.5886808537871,7.05730006758626,15.9313846537846));
#3516=CARTESIAN_POINT('Ctrl Pts',(21.7626459661136,6.87269964251942,15.7428526303788));
#3517=CARTESIAN_POINT('Ctrl Pts',(21.879323674266,6.777797238736,15.5986127135491));
#3518=CARTESIAN_POINT('Ctrl Pts',(21.9914764204611,6.70998545713354,15.4470916930193));
#3519=CARTESIAN_POINT('',(21.3597619804249,7.38773339463548,16.12446738056));
#3520=CARTESIAN_POINT('Ctrl Pts',(21.3597619804249,7.38773339463548,16.12446738056));
#3521=CARTESIAN_POINT('Ctrl Pts',(21.3600879041154,7.38721131867171,16.12446738056));
#3522=CARTESIAN_POINT('Ctrl Pts',(21.360413827806,7.38668924270793,16.12446738056));
#3523=CARTESIAN_POINT('Ctrl Pts',(21.3607397514965,7.38616716674416,16.12446738056));
#3524=CARTESIAN_POINT('',(7.38773339464773,21.3597619804206,16.12446738056));
#3525=CARTESIAN_POINT('Origin',(0.,0.,16.12446738056));
#3526=CARTESIAN_POINT('',(7.3861671670483,21.36073975131,16.1242320240116));
#3527=CARTESIAN_POINT('Ctrl Pts',(7.3861671670483,21.36073975131,16.12446738056));
#3528=CARTESIAN_POINT('Ctrl Pts',(7.38668924291477,21.3604138276802,16.12446738056));
#3529=CARTESIAN_POINT('Ctrl Pts',(7.38721131878125,21.3600879040504,16.12446738056));
#3530=CARTESIAN_POINT('Ctrl Pts',(7.38773339464773,21.3597619804206,16.12446738056));
#3531=CARTESIAN_POINT('Ctrl Pts',(6.70998545713348,21.9914764204611,15.4470916930193));
#3532=CARTESIAN_POINT('Ctrl Pts',(6.77543542400342,21.8832298392711,15.5933353919677));
#3533=CARTESIAN_POINT('Ctrl Pts',(6.86603899039843,21.7709054278484,15.7326111888214));
#3534=CARTESIAN_POINT('Ctrl Pts',(7.04661251106161,21.597673548915,15.9223412810756));
#3535=CARTESIAN_POINT('Ctrl Pts',(7.11545509383219,21.5415955901528,15.977384833215));
#3536=CARTESIAN_POINT('Ctrl Pts',(7.24569676806003,21.4468746308749,16.0614860256755));
#3537=CARTESIAN_POINT('Ctrl Pts',(7.31381310538592,21.4026129854844,16.0961623179195));
#3538=CARTESIAN_POINT('Ctrl Pts',(7.3859798251189,21.3607775924045,16.1237975667763));
#3539=CARTESIAN_POINT('Origin',(0.,0.,15.7880458971726));
#3540=CARTESIAN_POINT('',(21.36073975131,-7.3861671670483,16.1242320240116));
#3541=CARTESIAN_POINT('Ctrl Pts',(21.9914764204611,-6.70998545713348,15.4470916930193));
#3542=CARTESIAN_POINT('Ctrl Pts',(21.8832298392711,-6.77543542400342,15.5933353919678));
#3543=CARTESIAN_POINT('Ctrl Pts',(21.7709054278484,-6.86603899039844,15.7326111888214));
#3544=CARTESIAN_POINT('Ctrl Pts',(21.597673548915,-7.04661251106165,15.9223412810756));
#3545=CARTESIAN_POINT('Ctrl Pts',(21.5415955901528,-7.11545509383221,15.977384833215));
#3546=CARTESIAN_POINT('Ctrl Pts',(21.4468746308749,-7.24569676806006,16.0614860256755));
#3547=CARTESIAN_POINT('Ctrl Pts',(21.4026129854844,-7.31381310538594,16.0961623179195));
#3548=CARTESIAN_POINT('Ctrl Pts',(21.3607775924045,-7.38597982511891,16.1237975667763));
#3549=CARTESIAN_POINT('',(7.38430522397639,-21.3609302952108,16.1244753835814));
#3550=CARTESIAN_POINT('Ctrl Pts',(7.3843018709534,-21.3609344534278,16.1244904372067));
#3551=CARTESIAN_POINT('Ctrl Pts',(7.31291965171681,-21.4023040584625,16.0971634639585));
#3552=CARTESIAN_POINT('Ctrl Pts',(7.24665001706414,-21.4454623950647,16.0632695061432));
#3553=CARTESIAN_POINT('Ctrl Pts',(7.11264062350458,-21.5430579347798,15.9765424089963));
#3554=CARTESIAN_POINT('Ctrl Pts',(7.04684878630996,-21.5977859288101,15.921942372529));
#3555=CARTESIAN_POINT('Ctrl Pts',(6.85438112514594,-21.7780622074679,15.7271764536753));
#3556=CARTESIAN_POINT('Ctrl Pts',(6.76725652390985,-21.8960662294065,15.5762049677503));
#3557=CARTESIAN_POINT('Ctrl Pts',(6.70986403313477,-21.9915134685468,15.4470916932531));
#3558=CARTESIAN_POINT('',(21.3597619804206,-7.38773339464771,16.12446738056));
#3559=CARTESIAN_POINT('Origin',(0.,0.,16.12446738056));
#3560=CARTESIAN_POINT('Ctrl Pts',(21.36073975131,-7.3861671670483,16.12446738056));
#3561=CARTESIAN_POINT('Ctrl Pts',(21.3604138276802,-7.38668924291478,16.12446738056));
#3562=CARTESIAN_POINT('Ctrl Pts',(21.3600879040504,-7.38721131878124,16.12446738056));
#3563=CARTESIAN_POINT('Ctrl Pts',(21.3597619804206,-7.38773339464771,16.12446738056));
#3564=CARTESIAN_POINT('Ctrl Pts',(7.76143865831518,-21.1039664318505,16.1244081916366));
#3565=CARTESIAN_POINT('Ctrl Pts',(7.68406541336468,-21.1324190148261,16.1245272324884));
#3566=CARTESIAN_POINT('Ctrl Pts',(7.57722922096055,-21.1710756788215,16.1071112581999));
#3567=CARTESIAN_POINT('Ctrl Pts',(7.3730332168389,-21.2432207038994,16.0171722675756));
#3568=CARTESIAN_POINT('Ctrl Pts',(7.20636006235254,-21.300295679273,15.8782901302622));
#3569=CARTESIAN_POINT('Ctrl Pts',(7.06835829272589,-21.346259842927,15.6224389269759));
#3570=CARTESIAN_POINT('Ctrl Pts',(7.04033977474419,-21.3554461430956,15.4445772585127));
#3571=CARTESIAN_POINT('Ctrl Pts',(7.04046815097966,-21.3554040507377,15.3613356852185));
#3572=CARTESIAN_POINT('Ctrl Pts',(7.82601423152117,-21.2613737131759,16.2941437565751));
#3573=CARTESIAN_POINT('Ctrl Pts',(7.73055312947719,-21.2965205007701,16.2959516136581));
#3574=CARTESIAN_POINT('Ctrl Pts',(7.59788332822608,-21.344312002378,16.2765019739005));
#3575=CARTESIAN_POINT('Ctrl Pts',(7.34319090709503,-21.4331795489465,16.1681295652281));
#3576=CARTESIAN_POINT('Ctrl Pts',(7.13485447972514,-21.5029033948585,15.9975044102857));
#3577=CARTESIAN_POINT('Ctrl Pts',(6.9631165667065,-21.5583105603846,15.6823009697679));
#3578=CARTESIAN_POINT('Ctrl Pts',(6.92835868243636,-21.5692943299876,15.4634830604767));
#3579=CARTESIAN_POINT('Ctrl Pts',(6.92851793903207,-21.5692440000784,15.3610751122126));
#3580=CARTESIAN_POINT('Ctrl Pts',(7.89058980472717,-21.4187809945013,16.4638793215137));
#3581=CARTESIAN_POINT('Ctrl Pts',(7.7770408455897,-21.4606219867141,16.4673759948277));
#3582=CARTESIAN_POINT('Ctrl Pts',(7.6185374354916,-21.5175483259344,16.4458926896012));
#3583=CARTESIAN_POINT('Ctrl Pts',(7.31334859735116,-21.6231383939935,16.3190868628804));
#3584=CARTESIAN_POINT('Ctrl Pts',(7.06334889709772,-21.705511110444,16.1167186903093));
#3585=CARTESIAN_POINT('Ctrl Pts',(6.85787484068711,-21.7703612778421,15.7421630125598));
#3586=CARTESIAN_POINT('Ctrl Pts',(6.81637759012854,-21.7831425168796,15.4823888624406));
#3587=CARTESIAN_POINT('Ctrl Pts',(6.81656772708447,-21.7830839494193,15.3608145392066));
#3588=CARTESIAN_POINT('Ctrl Pts',(7.95516537793318,-21.5761882758267,16.6336148864524));
#3589=CARTESIAN_POINT('Ctrl Pts',(7.8235285617022,-21.6247234726581,16.6388003759974));
#3590=CARTESIAN_POINT('Ctrl Pts',(7.63919154275713,-21.6907846494908,16.6152834053018));
#3591=CARTESIAN_POINT('Ctrl Pts',(7.2835062876073,-21.8130972390406,16.4700441605328));
#3592=CARTESIAN_POINT('Ctrl Pts',(6.99184331447031,-21.9081188260296,16.2359329703329));
#3593=CARTESIAN_POINT('Ctrl Pts',(6.75263311466771,-21.9824119952997,15.8020250553518));
#3594=CARTESIAN_POINT('Ctrl Pts',(6.70439649782071,-21.9969907037716,15.5012946644045));
#3595=CARTESIAN_POINT('Ctrl Pts',(6.70461751513688,-21.99692389876,15.3605539662007));
#3596=CARTESIAN_POINT('Ctrl Pts',(6.70792067985284,-21.9959168260371,15.4534046128529));
#3597=CARTESIAN_POINT('Ctrl Pts',(6.70682678318351,-21.9962504230473,15.4381831660319));
#3598=CARTESIAN_POINT('Ctrl Pts',(6.70599739275123,-21.9965032714147,15.422932195427));
#3599=CARTESIAN_POINT('Ctrl Pts',(6.70489578777742,-21.9968390835492,15.3926188080944));
#3600=CARTESIAN_POINT('Ctrl Pts',(6.70461601323704,-21.9969243527404,15.3775383339775));
#3601=CARTESIAN_POINT('Ctrl Pts',(6.70461601323704,-21.9969243527404,15.36246738056));
#3602=CARTESIAN_POINT('',(7.76040903064596,-21.1044073323766,16.12446738056));
#3603=CARTESIAN_POINT('Ctrl Pts',(7.04042877632012,-21.3554778812214,15.36246738056));
#3604=CARTESIAN_POINT('Ctrl Pts',(7.04042877632012,-21.3554778812214,15.3843449609599));
#3605=CARTESIAN_POINT('Ctrl Pts',(7.04132764503348,-21.3551816287173,15.4066289683621));
#3606=CARTESIAN_POINT('Ctrl Pts',(7.04320182815524,-21.3545637119064,15.4291045407312));
#3607=CARTESIAN_POINT('Ctrl Pts',(7.04506307655013,-21.3539500596655,15.4514249973132));
#3608=CARTESIAN_POINT('Ctrl Pts',(7.04788640640128,-21.3530191113109,15.4739337133976));
#3609=CARTESIAN_POINT('Ctrl Pts',(7.05169857395089,-21.3517608238729,15.4964118054371));
#3610=CARTESIAN_POINT('Ctrl Pts',(7.05549477077006,-21.3505078079161,15.5187957275472));
#3611=CARTESIAN_POINT('Ctrl Pts',(7.06027154666776,-21.348930186971,15.5411485790954));
#3612=CARTESIAN_POINT('Ctrl Pts',(7.06600597905772,-21.3470332684678,15.5632561107112));
#3613=CARTESIAN_POINT('Ctrl Pts',(7.0706931085725,-21.3454827919605,15.5813260532773));
#3614=CARTESIAN_POINT('Ctrl Pts',(7.07601906916916,-21.3437192951951,15.5992319713994));
#3615=CARTESIAN_POINT('Ctrl Pts',(7.08194722816054,-21.3417531170068,15.6168627456446));
#3616=CARTESIAN_POINT('Ctrl Pts',(7.09152597345423,-21.3385761576682,15.6453506279823));
#3617=CARTESIAN_POINT('Ctrl Pts',(7.10268737028247,-21.3348668185647,15.6731534348809));
#3618=CARTESIAN_POINT('Ctrl Pts',(7.1152945450852,-21.3306631476942,15.7000405784645));
#3619=CARTESIAN_POINT('Ctrl Pts',(7.1279506260995,-21.3264431697906,15.7270320236344));
#3620=CARTESIAN_POINT('Ctrl Pts',(7.14206327737832,-21.3217251551844,15.7531001237424));
#3621=CARTESIAN_POINT('Ctrl Pts',(7.15745525637518,-21.316559558547,15.7780451824159));
#3622=CARTESIAN_POINT('Ctrl Pts',(7.17122659206071,-21.31193785491,15.800363740462));
#3623=CARTESIAN_POINT('Ctrl Pts',(7.18602123259374,-21.3069581075803,15.8217835585599));
#3624=CARTESIAN_POINT('Ctrl Pts',(7.20169101243445,-21.3016630007576,15.8421891897935));
#3625=CARTESIAN_POINT('Ctrl Pts',(7.21867240190476,-21.2959246769166,15.8643028362447));
#3626=CARTESIAN_POINT('Ctrl Pts',(7.23666949943001,-21.2898197139698,15.885221727725));
#3627=CARTESIAN_POINT('Ctrl Pts',(7.25563024496122,-21.2833554277574,15.9049722312004));
#3628=CARTESIAN_POINT('Ctrl Pts',(7.27463077373165,-21.276877578247,15.924764174977));
#3629=CARTESIAN_POINT('Ctrl Pts',(7.29459978578942,-21.2700386531459,15.9433836699809));
#3630=CARTESIAN_POINT('Ctrl Pts',(7.31552435890069,-21.2628338374432,15.9608247354467));
#3631=CARTESIAN_POINT('Ctrl Pts',(7.33612549019547,-21.2557403902576,15.9779962054533));
#3632=CARTESIAN_POINT('Ctrl Pts',(7.35765378021286,-21.2482919956212,15.9940259768253));
#3633=CARTESIAN_POINT('Ctrl Pts',(7.38012236889895,-21.2404761991314,16.0088664708933));
#3634=CARTESIAN_POINT('Ctrl Pts',(7.40259095758504,-21.2326604026415,16.0237069649613));
#3635=CARTESIAN_POINT('Ctrl Pts',(7.42600079096216,-21.2244769124101,16.0373587738239));
#3636=CARTESIAN_POINT('Ctrl Pts',(7.45037699222575,-21.2159095766933,16.0497232296297));
#3637=CARTESIAN_POINT('Ctrl Pts',(7.46606026465634,-21.2103974848543,16.0576783300476));
#3638=CARTESIAN_POINT('Ctrl Pts',(7.48213908334992,-21.204727883515,16.0650914921537));
#3639=CARTESIAN_POINT('Ctrl Pts',(7.49843100159956,-21.1989616894584,16.0718635585714));
#3640=CARTESIAN_POINT('Ctrl Pts',(7.50764660964489,-21.1957000118877,16.0756942130595));
#3641=CARTESIAN_POINT('Ctrl Pts',(7.51692997989312,-21.1924075582694,16.0793205801142));
#3642=CARTESIAN_POINT('Ctrl Pts',(7.52624543435343,-21.1890961737188,16.0827315676721));
#3643=CARTESIAN_POINT('Ctrl Pts',(7.55521138654573,-21.1787995846485,16.0933378674455));
#3644=CARTESIAN_POINT('Ctrl Pts',(7.58452592555344,-21.1683081181182,16.1018764830267));
#3645=CARTESIAN_POINT('Ctrl Pts',(7.61390286926682,-21.1577268250879,16.108387699378));
#3646=CARTESIAN_POINT('Ctrl Pts',(7.64361770373412,-21.1470238270526,16.1149738071075));
#3647=CARTESIAN_POINT('Ctrl Pts',(7.67339584642615,-21.1362290909826,16.1194859108828));
#3648=CARTESIAN_POINT('Ctrl Pts',(7.70296279076122,-21.1254446501422,16.1220142066024));
#3649=CARTESIAN_POINT('Ctrl Pts',(7.72222385886799,-21.1184192420661,16.1236612376753));
#3650=CARTESIAN_POINT('Ctrl Pts',(7.74139577055296,-21.1113980578455,16.12446738056));
#3651=CARTESIAN_POINT('Ctrl Pts',(7.76040903064594,-21.1044073323765,16.12446738056));
#3652=CARTESIAN_POINT('Ctrl Pts',(7.38429795810212,-21.3609133058486,16.12446738056));
#3653=CARTESIAN_POINT('Ctrl Pts',(7.47040695194076,-21.2752038741127,16.12446738056));
#3654=CARTESIAN_POINT('Ctrl Pts',(7.53507331927596,-21.2279694100741,16.1244673810562));
#3655=CARTESIAN_POINT('Ctrl Pts',(7.59871862058793,-21.1839377077645,16.1244673810562));
#3656=CARTESIAN_POINT('Ctrl Pts',(7.6320283817872,-21.1636847326177,16.12446738056));
#3657=CARTESIAN_POINT('Ctrl Pts',(7.69712760818088,-21.1300170111678,16.12446738056));
#3658=CARTESIAN_POINT('Ctrl Pts',(7.72830539787636,-21.1162110778758,16.12446738056));
#3659=CARTESIAN_POINT('Ctrl Pts',(7.76040903064594,-21.1044073323765,16.12446738056));
#3660=CARTESIAN_POINT('Origin',(0.,0.,16.12446738056));
#3661=CARTESIAN_POINT('',(-6.70461601323707,-21.9969243527404,15.0313829851944));
#3662=CARTESIAN_POINT('Origin',(0.,0.,15.0313829851944));
#3663=CARTESIAN_POINT('',(-6.70461601323707,-21.9969243527404,15.36246738056));
#3664=CARTESIAN_POINT('Ctrl Pts',(-6.70461601323708,-21.9969243527404,15.36246738056));
#3665=CARTESIAN_POINT('Ctrl Pts',(-6.70461601323708,-21.9969243527404,15.3775368340841));
#3666=CARTESIAN_POINT('Ctrl Pts',(-6.70489515598352,-21.9968392760884,15.3926160559616));
#3667=CARTESIAN_POINT('Ctrl Pts',(-6.70599396536145,-21.9965043162735,15.4229292393198));
#3668=CARTESIAN_POINT('Ctrl Pts',(-6.70682128474732,-21.9962520994036,15.4381817499108));
#3669=CARTESIAN_POINT('Ctrl Pts',(-6.70791226007165,-21.9959193937494,15.4534046125874));
#3670=CARTESIAN_POINT('',(-6.70461601323707,-21.9969243527404,16.12446738056));
#3671=CARTESIAN_POINT('Ctrl Pts',(-7.04045963701064,-21.3554197875112,15.361576085537));
#3672=CARTESIAN_POINT('Ctrl Pts',(-7.04035885245905,-21.3554528185834,15.4447505076758));
#3673=CARTESIAN_POINT('Ctrl Pts',(-7.06833137009176,-21.3462855212464,15.6224454562743));
#3674=CARTESIAN_POINT('Ctrl Pts',(-7.20515980980131,-21.300698835265,15.8767788725396));
#3675=CARTESIAN_POINT('Ctrl Pts',(-7.43634237396873,-21.2215778142264,16.0702064508791));
#3676=CARTESIAN_POINT('Ctrl Pts',(-7.65825441446879,-21.1419232921758,16.1245668824674));
#3677=CARTESIAN_POINT('Ctrl Pts',(-7.76121984642543,-21.1040601305577,16.1244208180643));
#3678=CARTESIAN_POINT('Ctrl Pts',(-6.92851207221042,-21.5692545490228,15.3613708732586));
#3679=CARTESIAN_POINT('Ctrl Pts',(-6.92838704859213,-21.5692940366089,15.463695406937));
#3680=CARTESIAN_POINT('Ctrl Pts',(-6.96308679439228,-21.5583350681314,15.6823112924649));
#3681=CARTESIAN_POINT('Ctrl Pts',(-7.1333213875831,-21.5033898993431,15.9956141617005));
#3682=CARTESIAN_POINT('Ctrl Pts',(-7.42234795277892,-21.4067359233355,16.2333109186707));
#3683=CARTESIAN_POINT('Ctrl Pts',(-7.69870563447398,-21.3082541184038,16.2965477392674));
#3684=CARTESIAN_POINT('Ctrl Pts',(-7.82574158801595,-21.2614829150073,16.2941570951253));
#3685=CARTESIAN_POINT('Ctrl Pts',(-6.8165645074102,-21.7830893105345,15.3611656609801));
#3686=CARTESIAN_POINT('Ctrl Pts',(-6.81641524472521,-21.7831352546345,15.4826403061983));
#3687=CARTESIAN_POINT('Ctrl Pts',(-6.8578422186928,-21.7703846150164,15.7421771286554));
#3688=CARTESIAN_POINT('Ctrl Pts',(-7.0614829653649,-21.7060809634212,16.1144494508615));
#3689=CARTESIAN_POINT('Ctrl Pts',(-7.40835353158911,-21.5918940324447,16.3964153864624));
#3690=CARTESIAN_POINT('Ctrl Pts',(-7.73915685447918,-21.4745849446317,16.4685285960674));
#3691=CARTESIAN_POINT('Ctrl Pts',(-7.89026332960647,-21.4189056994568,16.4638933721864));
#3692=CARTESIAN_POINT('Ctrl Pts',(-6.70461694260999,-21.9969240720461,15.3609604487017));
#3693=CARTESIAN_POINT('Ctrl Pts',(-6.70444344085828,-21.99697647266,15.5015852054595));
#3694=CARTESIAN_POINT('Ctrl Pts',(-6.75259764299331,-21.9824341619014,15.8020429648459));
#3695=CARTESIAN_POINT('Ctrl Pts',(-6.98964454314668,-21.9087720274994,16.2332847400224));
#3696=CARTESIAN_POINT('Ctrl Pts',(-7.3943591103993,-21.777052141554,16.5595198542541));
#3697=CARTESIAN_POINT('Ctrl Pts',(-7.77960807448437,-21.6409157708597,16.6405094528673));
#3698=CARTESIAN_POINT('Ctrl Pts',(-7.954785071197,-21.5763284839063,16.6336296492475));
#3699=CARTESIAN_POINT('',(-7.760409030646,-21.1044073323765,16.12446738056));
#3700=CARTESIAN_POINT('Ctrl Pts',(-7.76040903064601,-21.1044073323765,16.12446738056));
#3701=CARTESIAN_POINT('Ctrl Pts',(-7.72872768151393,-21.1160558141827,16.12446738056));
#3702=CARTESIAN_POINT('Ctrl Pts',(-7.69787483474734,-21.1300687093121,16.12446738056));
#3703=CARTESIAN_POINT('Ctrl Pts',(-7.63010504337873,-21.165784568444,16.12446738056));
#3704=CARTESIAN_POINT('Ctrl Pts',(-7.59346461977016,-21.1887195970993,16.1244673805599));
#3705=CARTESIAN_POINT('Ctrl Pts',(-7.49673353234542,-21.2571353444627,16.1244673805599));
#3706=CARTESIAN_POINT('Ctrl Pts',(-7.4393600743837,-21.3068475542148,16.12446738056));
#3707=CARTESIAN_POINT('Ctrl Pts',(-7.38497484607841,-21.3607158843847,16.12446738056));
#3708=CARTESIAN_POINT('',(-7.04042877632015,-21.3554778812214,15.36246738056));
#3709=CARTESIAN_POINT('Ctrl Pts',(-7.76040903064601,-21.1044073323765,16.12446738056));
#3710=CARTESIAN_POINT('Ctrl Pts',(-7.73891775425887,-21.1123091657531,16.12446738056));
#3711=CARTESIAN_POINT('Ctrl Pts',(-7.717048554447,-21.1203060023141,16.1234340483706));
#3712=CARTESIAN_POINT('Ctrl Pts',(-7.69500777892198,-21.1283261023307,16.1212870814533));
#3713=CARTESIAN_POINT('Ctrl Pts',(-7.67317169509914,-21.1362717200351,16.1191600533223));
#3714=CARTESIAN_POINT('Ctrl Pts',(-7.65116786741746,-21.1442399675256,16.1159398192913));
#3715=CARTESIAN_POINT('Ctrl Pts',(-7.62920537746432,-21.1521584843866,16.111598662588));
#3716=CARTESIAN_POINT('Ctrl Pts',(-7.60731185832844,-21.1600521340043,16.1072711388164));
#3717=CARTESIAN_POINT('Ctrl Pts',(-7.58546010193669,-21.167896153732,16.1018297092556));
#3718=CARTESIAN_POINT('Ctrl Pts',(-7.56385558083911,-21.1756193704182,16.0952985627467));
#3719=CARTESIAN_POINT('Ctrl Pts',(-7.54224206727681,-21.1833458017442,16.0887646977742));
#3720=CARTESIAN_POINT('Ctrl Pts',(-7.52087667158394,-21.1909511206476,16.0811403630849));
#3721=CARTESIAN_POINT('Ctrl Pts',(-7.49995321638597,-21.1983677387594,16.0725005219772));
#3722=CARTESIAN_POINT('Ctrl Pts',(-7.48271100362612,-21.2044794878101,16.0653807620149));
#3723=CARTESIAN_POINT('Ctrl Pts',(-7.4657688355337,-21.2104631151386,16.0575724244545));
#3724=CARTESIAN_POINT('Ctrl Pts',(-7.44922438831617,-21.21628412651,16.0491415875598));
#3725=CARTESIAN_POINT('Ctrl Pts',(-7.4215777111156,-21.2260113552442,16.035053197474));
#3726=CARTESIAN_POINT('Ctrl Pts',(-7.39503844838743,-21.2352854757878,16.0192357942913));
#3727=CARTESIAN_POINT('Ctrl Pts',(-7.36964972446932,-21.244105342067,16.0018184994759));
#3728=CARTESIAN_POINT('Ctrl Pts',(-7.34389243479579,-21.2530532455286,15.9841483594037));
#3729=CARTESIAN_POINT('Ctrl Pts',(-7.31931802731772,-21.261534012481,15.9648309028373));
#3730=CARTESIAN_POINT('Ctrl Pts',(-7.29598534283845,-21.2695421849379,15.9439488161947));
#3731=CARTESIAN_POINT('Ctrl Pts',(-7.27277659095896,-21.2775078216277,15.9231776456916));
#3732=CARTESIAN_POINT('Ctrl Pts',(-7.25079534288514,-21.285006198973,15.900857421228));
#3733=CARTESIAN_POINT('Ctrl Pts',(-7.23013076230353,-21.2920223018429,15.877030869262));
#3734=CARTESIAN_POINT('Ctrl Pts',(-7.22009612442917,-21.2954292934007,15.8654607907004));
#3735=CARTESIAN_POINT('Ctrl Pts',(-7.21037253225949,-21.2987223868031,15.8535350248191));
#3736=CARTESIAN_POINT('Ctrl Pts',(-7.20097394875883,-21.3018987047001,15.8412563117853));
#3737=CARTESIAN_POINT('Ctrl Pts',(-7.18161858793723,-21.3084399860513,15.8159696373436));
#3738=CARTESIAN_POINT('Ctrl Pts',(-7.16365947338644,-21.3144805028308,15.7892011548492));
#3739=CARTESIAN_POINT('Ctrl Pts',(-7.14732492274595,-21.319955808252,15.7611482480231));
#3740=CARTESIAN_POINT('Ctrl Pts',(-7.13108297531762,-21.3254000732802,15.7332543776676));
#3741=CARTESIAN_POINT('Ctrl Pts',(-7.11644772116416,-21.3302853639935,15.7040909635237));
#3742=CARTESIAN_POINT('Ctrl Pts',(-7.10361422052038,-21.334557393478,15.6738932783651));
#3743=CARTESIAN_POINT('Ctrl Pts',(-7.09565076866226,-21.3372082758895,15.6551549918552));
#3744=CARTESIAN_POINT('Ctrl Pts',(-7.08838046160114,-21.3396232137203,15.6360192640242));
#3745=CARTESIAN_POINT('Ctrl Pts',(-7.08184294787436,-21.3417913827844,15.6165493283968));
#3746=CARTESIAN_POINT('Ctrl Pts',(-7.07466862453735,-21.3441707500125,15.5951828549362));
#3747=CARTESIAN_POINT('Ctrl Pts',(-7.06837401356159,-21.346253794536,15.5733947657269));
#3748=CARTESIAN_POINT('Ctrl Pts',(-7.06302564408355,-21.3480217528445,15.5513881547703));
#3749=CARTESIAN_POINT('Ctrl Pts',(-7.05766975575566,-21.3497921965858,15.529350606459));
#3750=CARTESIAN_POINT('Ctrl Pts',(-7.05326291306826,-21.3512466238346,15.5070946145368));
#3751=CARTESIAN_POINT('Ctrl Pts',(-7.04982298668643,-21.3523812917332,15.4848354706));
#3752=CARTESIAN_POINT('Ctrl Pts',(-7.0463511074394,-21.3535264993603,15.4623695654285));
#3753=CARTESIAN_POINT('Ctrl Pts',(-7.04386420260278,-21.3543459760778,15.4399011697496));
#3754=CARTESIAN_POINT('Ctrl Pts',(-7.04232954678339,-21.3548516398716,15.4176524448052));
#3755=CARTESIAN_POINT('Ctrl Pts',(-7.04104724977546,-21.3552741523084,15.399062300314));
#3756=CARTESIAN_POINT('Ctrl Pts',(-7.04042877632017,-21.3554778812214,15.3806257202163));
#3757=CARTESIAN_POINT('Ctrl Pts',(-7.04042877632017,-21.3554778812214,15.36246738056));
#3758=CARTESIAN_POINT('',(-6.70461601323707,-21.9969243527404,15.36246738056));
#3759=CARTESIAN_POINT('Ctrl Pts',(-21.3020433034951,-7.20053734234265,15.8406864292739));
#3760=CARTESIAN_POINT('Ctrl Pts',(-21.3358858268798,-7.10042022131336,15.7096290295979));
#3761=CARTESIAN_POINT('Ctrl Pts',(-21.3554778812214,-7.04042877632012,15.5277778488136));
#3762=CARTESIAN_POINT('Ctrl Pts',(-21.3554778812214,-7.04042877632012,15.36246738056));
#3763=CARTESIAN_POINT('Ctrl Pts',(-21.5048229191176,-7.12777240829577,15.9510846103355));
#3764=CARTESIAN_POINT('Ctrl Pts',(-21.5459067065508,-7.00290501620318,15.7897752275909));
#3765=CARTESIAN_POINT('Ctrl Pts',(-21.5692933717277,-6.92849118862576,15.5658332473566));
#3766=CARTESIAN_POINT('Ctrl Pts',(-21.5692933717277,-6.92849118862576,15.36246738056));
#3767=CARTESIAN_POINT('Ctrl Pts',(-21.7076025347402,-7.05500747424889,16.061482791397));
#3768=CARTESIAN_POINT('Ctrl Pts',(-21.7559275862218,-6.905389811093,15.8699214255838));
#3769=CARTESIAN_POINT('Ctrl Pts',(-21.7831088622341,-6.8165536009314,15.6038886458996));
#3770=CARTESIAN_POINT('Ctrl Pts',(-21.7831088622341,-6.8165536009314,15.36246738056));
#3771=CARTESIAN_POINT('Ctrl Pts',(-21.9103821503627,-6.982242540202,16.1718809724585));
#3772=CARTESIAN_POINT('Ctrl Pts',(-21.9659484658928,-6.80787460598281,15.9500676235768));
#3773=CARTESIAN_POINT('Ctrl Pts',(-21.9969243527404,-6.70461601323704,15.6419440444426));
#3774=CARTESIAN_POINT('Ctrl Pts',(-21.9969243527404,-6.70461601323703,15.36246738056));
#3775=CARTESIAN_POINT('Ctrl Pts',(-21.9958435871598,-6.70816083247421,15.4534046129424));
#3776=CARTESIAN_POINT('Ctrl Pts',(-21.9962010354523,-6.70698877102108,15.4381635001531));
#3777=CARTESIAN_POINT('Ctrl Pts',(-21.9964725920073,-6.70609802804249,15.4228931957937));
#3778=CARTESIAN_POINT('Ctrl Pts',(-21.996832795307,-6.70491642125226,15.3925763421015));
#3779=CARTESIAN_POINT('Ctrl Pts',(-21.9969243527404,-6.70461601323702,15.3775192023764));
#3780=CARTESIAN_POINT('Ctrl Pts',(-21.9969243527404,-6.70461601323702,15.36246738056));
#3781=CARTESIAN_POINT('Ctrl Pts',(-21.3554778812214,-7.04042877632012,15.36246738056));
#3782=CARTESIAN_POINT('Ctrl Pts',(-21.3554778812214,-7.04042877632012,15.3829785700212));
#3783=CARTESIAN_POINT('Ctrl Pts',(-21.3553536570727,-7.04125725606109,15.4034862691748));
#3784=CARTESIAN_POINT('Ctrl Pts',(-21.3546754367766,-7.04451525790697,15.4444239031749));
#3785=CARTESIAN_POINT('Ctrl Pts',(-21.3541213691391,-7.04694626828752,15.4648361324699));
#3786=CARTESIAN_POINT('Ctrl Pts',(-21.3532924485166,-7.05015364086013,15.4851259735174));
#3787=CARTESIAN_POINT('Origin',(0.,0.,16.12446738056));
#3788=CARTESIAN_POINT('',(-21.9969243527404,6.70461601323707,15.0313829851944));
#3789=CARTESIAN_POINT('Origin',(0.,0.,15.0313829851944));
#3790=CARTESIAN_POINT('',(-21.9969243527404,6.70461601323707,15.36246738056));
#3791=CARTESIAN_POINT('Ctrl Pts',(-21.9969243527404,6.70461601323708,15.36246738056));
#3792=CARTESIAN_POINT('Ctrl Pts',(-21.9969243527404,6.70461601323708,15.3775368340841));
#3793=CARTESIAN_POINT('Ctrl Pts',(-21.9968392760884,6.70489515598352,15.3926160559616));
#3794=CARTESIAN_POINT('Ctrl Pts',(-21.9965043162735,6.70599396536145,15.4229292393199));
#3795=CARTESIAN_POINT('Ctrl Pts',(-21.9962520994036,6.70682128474733,15.4381817499109));
#3796=CARTESIAN_POINT('Ctrl Pts',(-21.9959193937494,6.70791226007166,15.4534046125874));
#3797=CARTESIAN_POINT('',(-21.9969243527404,6.70461601323707,16.12446738056));
#3798=CARTESIAN_POINT('Ctrl Pts',(-21.3554197875112,7.04045963701063,15.3615760855371));
#3799=CARTESIAN_POINT('Ctrl Pts',(-21.3554528185834,7.04035885245906,15.4447505076758));
#3800=CARTESIAN_POINT('Ctrl Pts',(-21.3462855212464,7.06833137009176,15.6224454562743));
#3801=CARTESIAN_POINT('Ctrl Pts',(-21.300698835265,7.20515980980131,15.8767788725396));
#3802=CARTESIAN_POINT('Ctrl Pts',(-21.2215778142263,7.43634237396871,16.070206450879));
#3803=CARTESIAN_POINT('Ctrl Pts',(-21.1419232921758,7.65825441446876,16.1245668824674));
#3804=CARTESIAN_POINT('Ctrl Pts',(-21.1040601305578,7.76121984642538,16.1244208180643));
#3805=CARTESIAN_POINT('Ctrl Pts',(-21.5692545490228,6.92851207221042,15.3613708732586));
#3806=CARTESIAN_POINT('Ctrl Pts',(-21.5692940366089,6.92838704859213,15.463695406937));
#3807=CARTESIAN_POINT('Ctrl Pts',(-21.5583350681314,6.96308679439229,15.6823112924649));
#3808=CARTESIAN_POINT('Ctrl Pts',(-21.5033898993431,7.1333213875831,15.9956141617005));
#3809=CARTESIAN_POINT('Ctrl Pts',(-21.4067359233355,7.4223479527789,16.2333109186707));
#3810=CARTESIAN_POINT('Ctrl Pts',(-21.3082541184038,7.69870563447395,16.2965477392674));
#3811=CARTESIAN_POINT('Ctrl Pts',(-21.2614829150073,7.82574158801589,16.2941570951253));
#3812=CARTESIAN_POINT('Ctrl Pts',(-21.7830893105345,6.8165645074102,15.3611656609802));
#3813=CARTESIAN_POINT('Ctrl Pts',(-21.7831352546345,6.81641524472521,15.4826403061982));
#3814=CARTESIAN_POINT('Ctrl Pts',(-21.7703846150164,6.85784221869281,15.7421771286554));
#3815=CARTESIAN_POINT('Ctrl Pts',(-21.7060809634212,7.06148296536489,16.1144494508615));
#3816=CARTESIAN_POINT('Ctrl Pts',(-21.5918940324447,7.40835353158909,16.3964153864624));
#3817=CARTESIAN_POINT('Ctrl Pts',(-21.4745849446317,7.73915685447913,16.4685285960674));
#3818=CARTESIAN_POINT('Ctrl Pts',(-21.4189056994568,7.89026332960641,16.4638933721864));
#3819=CARTESIAN_POINT('Ctrl Pts',(-21.9969240720461,6.70461694260999,15.3609604487018));
#3820=CARTESIAN_POINT('Ctrl Pts',(-21.99697647266,6.70444344085829,15.5015852054595));
#3821=CARTESIAN_POINT('Ctrl Pts',(-21.9824341619014,6.75259764299333,15.8020429648459));
#3822=CARTESIAN_POINT('Ctrl Pts',(-21.9087720274994,6.98964454314668,16.2332847400224));
#3823=CARTESIAN_POINT('Ctrl Pts',(-21.777052141554,7.39435911039929,16.5595198542541));
#3824=CARTESIAN_POINT('Ctrl Pts',(-21.6409157708597,7.77960807448432,16.6405094528673));
#3825=CARTESIAN_POINT('Ctrl Pts',(-21.5763284839063,7.95478507119692,16.6336296492475));
#3826=CARTESIAN_POINT('',(-21.1044073323765,7.760409030646,16.12446738056));
#3827=CARTESIAN_POINT('Ctrl Pts',(-21.1044073323765,7.760409030646,16.12446738056));
#3828=CARTESIAN_POINT('Ctrl Pts',(-21.1160558141827,7.72872768151393,16.12446738056));
#3829=CARTESIAN_POINT('Ctrl Pts',(-21.1300687093121,7.69787483474737,16.12446738056));
#3830=CARTESIAN_POINT('Ctrl Pts',(-21.1657845684441,7.63010504337864,16.12446738056));
#3831=CARTESIAN_POINT('Ctrl Pts',(-21.1887195970995,7.59346461976998,16.1244673805599));
#3832=CARTESIAN_POINT('Ctrl Pts',(-21.2571353444628,7.49673353234532,16.1244673805599));
#3833=CARTESIAN_POINT('Ctrl Pts',(-21.3068475542149,7.43936007438365,16.12446738056));
#3834=CARTESIAN_POINT('Ctrl Pts',(-21.3607158843847,7.38497484607842,16.12446738056));
#3835=CARTESIAN_POINT('',(-21.3554778812214,7.04042877632015,15.36246738056));
#3836=CARTESIAN_POINT('Ctrl Pts',(-21.1044073323765,7.760409030646,16.12446738056));
#3837=CARTESIAN_POINT('Ctrl Pts',(-21.1123091657531,7.73891775425886,16.12446738056));
#3838=CARTESIAN_POINT('Ctrl Pts',(-21.1203060023141,7.71704855444699,16.1234340483706));
#3839=CARTESIAN_POINT('Ctrl Pts',(-21.1283261023307,7.69500777892197,16.1212870814533));
#3840=CARTESIAN_POINT('Ctrl Pts',(-21.1362717200351,7.67317169509912,16.1191600533223));
#3841=CARTESIAN_POINT('Ctrl Pts',(-21.1442399675256,7.65116786741744,16.1159398192913));
#3842=CARTESIAN_POINT('Ctrl Pts',(-21.1521584843866,7.6292053774643,16.111598662588));
#3843=CARTESIAN_POINT('Ctrl Pts',(-21.1600521340043,7.60731185832842,16.1072711388164));
#3844=CARTESIAN_POINT('Ctrl Pts',(-21.1678961537319,7.58546010193667,16.1018297092556));
#3845=CARTESIAN_POINT('Ctrl Pts',(-21.1756193704182,7.56385558083909,16.0952985627467));
#3846=CARTESIAN_POINT('Ctrl Pts',(-21.1833458017442,7.54224206727679,16.0887646977742));
#3847=CARTESIAN_POINT('Ctrl Pts',(-21.1909511206476,7.52087667158391,16.0811403630849));
#3848=CARTESIAN_POINT('Ctrl Pts',(-21.1983677387594,7.49995321638594,16.0725005219772));
#3849=CARTESIAN_POINT('Ctrl Pts',(-21.20447948781,7.4827110036261,16.0653807620149));
#3850=CARTESIAN_POINT('Ctrl Pts',(-21.2104631151386,7.46576883553368,16.0575724244545));
#3851=CARTESIAN_POINT('Ctrl Pts',(-21.2162841265099,7.44922438831614,16.0491415875598));
#3852=CARTESIAN_POINT('Ctrl Pts',(-21.2260113552441,7.4215777111156,16.035053197474));
#3853=CARTESIAN_POINT('Ctrl Pts',(-21.2352854757878,7.39503844838744,16.0192357942913));
#3854=CARTESIAN_POINT('Ctrl Pts',(-21.2441053420669,7.36964972446935,16.0018184994759));
#3855=CARTESIAN_POINT('Ctrl Pts',(-21.2530532455286,7.34389243479585,15.9841483594037));
#3856=CARTESIAN_POINT('Ctrl Pts',(-21.2615340124809,7.31931802731778,15.9648309028374));
#3857=CARTESIAN_POINT('Ctrl Pts',(-21.2695421849378,7.29598534283853,15.9439488161948));
#3858=CARTESIAN_POINT('Ctrl Pts',(-21.2775078216277,7.27277659095906,15.9231776456917));
#3859=CARTESIAN_POINT('Ctrl Pts',(-21.285006198973,7.25079534288525,15.9008574212281));
#3860=CARTESIAN_POINT('Ctrl Pts',(-21.2920223018428,7.23013076230364,15.8770308692622));
#3861=CARTESIAN_POINT('Ctrl Pts',(-21.2954292934007,7.22009612442925,15.8654607907005));
#3862=CARTESIAN_POINT('Ctrl Pts',(-21.2987223868031,7.21037253225953,15.8535350248191));
#3863=CARTESIAN_POINT('Ctrl Pts',(-21.3018987047001,7.20097394875882,15.8412563117853));
#3864=CARTESIAN_POINT('Ctrl Pts',(-21.3084399860513,7.18161858793724,15.8159696373436));
#3865=CARTESIAN_POINT('Ctrl Pts',(-21.3144805028308,7.16365947338646,15.7892011548492));
#3866=CARTESIAN_POINT('Ctrl Pts',(-21.3199558082519,7.14732492274598,15.7611482480232));
#3867=CARTESIAN_POINT('Ctrl Pts',(-21.3254000732802,7.13108297531766,15.7332543776677));
#3868=CARTESIAN_POINT('Ctrl Pts',(-21.3302853639935,7.11644772116421,15.7040909635238));
#3869=CARTESIAN_POINT('Ctrl Pts',(-21.3345573934779,7.10361422052044,15.6738932783652));
#3870=CARTESIAN_POINT('Ctrl Pts',(-21.3372082758895,7.09565076866229,15.6551549918553));
#3871=CARTESIAN_POINT('Ctrl Pts',(-21.3396232137203,7.08838046160116,15.6360192640242));
#3872=CARTESIAN_POINT('Ctrl Pts',(-21.3417913827844,7.08184294787436,15.6165493283968));
#3873=CARTESIAN_POINT('Ctrl Pts',(-21.3441707500125,7.07466862453735,15.5951828549362));
#3874=CARTESIAN_POINT('Ctrl Pts',(-21.346253794536,7.06837401356159,15.5733947657269));
#3875=CARTESIAN_POINT('Ctrl Pts',(-21.3480217528445,7.06302564408355,15.5513881547703));
#3876=CARTESIAN_POINT('Ctrl Pts',(-21.3497921965858,7.05766975575566,15.529350606459));
#3877=CARTESIAN_POINT('Ctrl Pts',(-21.3512466238346,7.05326291306826,15.5070946145368));
#3878=CARTESIAN_POINT('Ctrl Pts',(-21.3523812917332,7.04982298668643,15.4848354706));
#3879=CARTESIAN_POINT('Ctrl Pts',(-21.3535264993603,7.0463511074394,15.4623695654285));
#3880=CARTESIAN_POINT('Ctrl Pts',(-21.3543459760778,7.04386420260278,15.4399011697496));
#3881=CARTESIAN_POINT('Ctrl Pts',(-21.3548516398716,7.04232954678339,15.4176524448052));
#3882=CARTESIAN_POINT('Ctrl Pts',(-21.3552741523084,7.04104724977546,15.399062300314));
#3883=CARTESIAN_POINT('Ctrl Pts',(-21.3554778812214,7.04042877632017,15.3806257202163));
#3884=CARTESIAN_POINT('Ctrl Pts',(-21.3554778812214,7.04042877632017,15.36246738056));
#3885=CARTESIAN_POINT('',(-21.9969243527404,6.70461601323707,15.36246738056));
#3886=CARTESIAN_POINT('Origin',(0.,0.,16.12446738056));
#3887=CARTESIAN_POINT('',(-4.52935987940019,-10.6324316248326,16.12446738056));
#3888=CARTESIAN_POINT('Origin',(0.,0.,16.12446738056));
#3889=CARTESIAN_POINT('',(-7.76040903064597,21.1044073323765,16.12446738056));
#3890=CARTESIAN_POINT('Ctrl Pts',(-7.38773339463547,21.3597619804249,16.12446738056));
#3891=CARTESIAN_POINT('Ctrl Pts',(-7.44310290275371,21.3046945770931,16.12446738056));
#3892=CARTESIAN_POINT('Ctrl Pts',(-7.50318749194542,21.2519883093404,16.12446738056));
#3893=CARTESIAN_POINT('Ctrl Pts',(-7.60018148868645,21.1841895255126,16.12446738056));
#3894=CARTESIAN_POINT('Ctrl Pts',(-7.63429259697595,21.1631357092062,16.12446738056));
#3895=CARTESIAN_POINT('Ctrl Pts',(-7.6991869301827,21.1293106794735,16.12446738056));
#3896=CARTESIAN_POINT('Ctrl Pts',(-7.72932485490223,21.1158362476709,16.12446738056));
#3897=CARTESIAN_POINT('Ctrl Pts',(-7.76040903064598,21.1044073323765,16.12446738056));
#3898=CARTESIAN_POINT('',(-4.38238733512733,10.156086994573,16.12446738056));
#3899=CARTESIAN_POINT('',(-10.6324316248326,4.52935987940019,16.12446738056));
#3900=CARTESIAN_POINT('Origin',(0.,0.,16.12446738056));
#3901=CARTESIAN_POINT('',(21.1044073323766,7.76040903064597,16.12446738056));
#3902=CARTESIAN_POINT('Ctrl Pts',(21.3597619804249,7.38773339463548,16.12446738056));
#3903=CARTESIAN_POINT('Ctrl Pts',(21.3046945770931,7.4431029027537,16.12446738056));
#3904=CARTESIAN_POINT('Ctrl Pts',(21.2519883093405,7.5031874919453,16.12446738056));
#3905=CARTESIAN_POINT('Ctrl Pts',(21.1841895255127,7.60018148868619,16.12446738056));
#3906=CARTESIAN_POINT('Ctrl Pts',(21.1631357092063,7.63429259697578,16.12446738056));
#3907=CARTESIAN_POINT('Ctrl Pts',(21.1293106794735,7.69918693018267,16.12446738056));
#3908=CARTESIAN_POINT('Ctrl Pts',(21.115836247671,7.72932485490218,16.12446738056));
#3909=CARTESIAN_POINT('Ctrl Pts',(21.1044073323765,7.76040903064595,16.12446738056));
#3910=CARTESIAN_POINT('',(10.156086994573,4.38238733512733,16.12446738056));
#3911=CARTESIAN_POINT('',(7.760409030646,21.1044073323765,16.12446738056));
#3912=CARTESIAN_POINT('',(4.52935987940019,10.6324316248327,16.12446738056));
#3913=CARTESIAN_POINT('Ctrl Pts',(7.760409030646,21.1044073323765,16.12446738056));
#3914=CARTESIAN_POINT('Ctrl Pts',(7.7281699160506,21.1162608913347,16.12446738056));
#3915=CARTESIAN_POINT('Ctrl Pts',(7.69695356798126,21.1303130788865,16.12446738056));
#3916=CARTESIAN_POINT('Ctrl Pts',(7.62937787124656,21.1659157110047,16.12446738056));
#3917=CARTESIAN_POINT('Ctrl Pts',(7.59374330785225,21.1882806435126,16.12446738056));
#3918=CARTESIAN_POINT('Ctrl Pts',(7.49833989209773,21.2562559044716,16.12446738056));
#3919=CARTESIAN_POINT('Ctrl Pts',(7.44088557529109,21.3068998064745,16.12446738056));
#3920=CARTESIAN_POINT('Ctrl Pts',(7.38773339464773,21.3597619804206,16.12446738056));
#3921=CARTESIAN_POINT('Origin',(0.,0.,16.12446738056));
#3922=CARTESIAN_POINT('',(21.1044073323765,-7.760409030646,16.12446738056));
#3923=CARTESIAN_POINT('Ctrl Pts',(21.1044073323765,-7.76040903064601,16.12446738056));
#3924=CARTESIAN_POINT('Ctrl Pts',(21.1162608913347,-7.72816991605064,16.12446738056));
#3925=CARTESIAN_POINT('Ctrl Pts',(21.1303130788865,-7.69695356798134,16.12446738056));
#3926=CARTESIAN_POINT('Ctrl Pts',(21.1659157110047,-7.62937787124654,16.12446738056));
#3927=CARTESIAN_POINT('Ctrl Pts',(21.1882806435126,-7.59374330785219,16.12446738056));
#3928=CARTESIAN_POINT('Ctrl Pts',(21.2562559044716,-7.49833989209778,16.12446738056));
#3929=CARTESIAN_POINT('Ctrl Pts',(21.3068998064744,-7.44088557529115,16.12446738056));
#3930=CARTESIAN_POINT('Ctrl Pts',(21.3597619804206,-7.38773339464771,16.12446738056));
#3931=CARTESIAN_POINT('',(4.38238733512733,-10.156086994573,16.12446738056));
#3932=CARTESIAN_POINT('',(10.6324316248326,-4.52935987940019,16.12446738056));
#3933=CARTESIAN_POINT('Origin',(0.,0.,14.2131854709642));
#3934=CARTESIAN_POINT('',(21.9961701172838,-6.70501087376552,13.9694709709142));
#3935=CARTESIAN_POINT('Origin',(0.,0.,13.9694709709142));
#3936=CARTESIAN_POINT('',(21.3833206100779,-7.0258524334385,14.4568999710142));
#3937=CARTESIAN_POINT('Origin',(-6.35439272379665E-15,-6.11858427247744E-16,
14.4568999710142));
#3938=CARTESIAN_POINT('Ctrl Pts',(21.9961701172837,-6.70501087376556,13.9694709709142));
#3939=CARTESIAN_POINT('Ctrl Pts',(21.6864629634451,-6.86715006962213,14.218443583719));
#3940=CARTESIAN_POINT('Ctrl Pts',(21.3833206100779,-7.02585243343852,14.4568999710142));
#3941=CARTESIAN_POINT('Origin',(0.,0.,14.5004269780543));
#3942=CARTESIAN_POINT('',(21.3833206100779,-7.0258524334385,14.5439539850944));
#3943=CARTESIAN_POINT('Origin',(-6.35439272379665E-15,-6.11858427247744E-16,
14.5439539850944));
#3944=CARTESIAN_POINT('',(21.3833206100779,-7.0258524334385,14.5004269780543));
#3945=CARTESIAN_POINT('Origin',(0.,0.,14.7876684851444));
#3946=CARTESIAN_POINT('',(21.9961701172838,-6.70501087376552,15.0313829851944));
#3947=CARTESIAN_POINT('Origin',(-6.35439272379665E-15,-6.11858427247744E-16,
15.0313829851944));
#3948=CARTESIAN_POINT('Ctrl Pts',(21.3833206100779,-7.02585243343852,14.5439539850944));
#3949=CARTESIAN_POINT('Ctrl Pts',(21.6864629634457,-6.86715006962179,14.7824103723901));
#3950=CARTESIAN_POINT('Ctrl Pts',(21.9961701172837,-6.70501087376556,15.0313829851944));
#3951=CARTESIAN_POINT('Origin',(0.,0.,14.2131854709642));
#3952=CARTESIAN_POINT('',(-6.70501087376551,-21.9961701172838,13.9694709709142));
#3953=CARTESIAN_POINT('Origin',(0.,0.,13.9694709709142));
#3954=CARTESIAN_POINT('',(-7.02585243343849,-21.3833206100779,14.4568999710142));
#3955=CARTESIAN_POINT('Origin',(-6.35439272379665E-15,-6.11858427247744E-16,
14.4568999710142));
#3956=CARTESIAN_POINT('Ctrl Pts',(-6.70501087376556,-21.9961701172837,13.9694709709142));
#3957=CARTESIAN_POINT('Ctrl Pts',(-6.8671500696216,-21.6864629634461,14.2184435837182));
#3958=CARTESIAN_POINT('Ctrl Pts',(-7.02585243343851,-21.3833206100779,14.4568999710142));
#3959=CARTESIAN_POINT('Origin',(0.,0.,14.5004269780543));
#3960=CARTESIAN_POINT('',(-7.02585243343849,-21.3833206100779,14.5439539850944));
#3961=CARTESIAN_POINT('Origin',(-6.35439272379665E-15,-6.11858427247744E-16,
14.5439539850944));
#3962=CARTESIAN_POINT('',(-7.02585243343849,-21.3833206100779,14.5004269780543));
#3963=CARTESIAN_POINT('Origin',(0.,0.,14.7876684851444));
#3964=CARTESIAN_POINT('',(-6.70501087376551,-21.9961701172838,15.0313829851944));
#3965=CARTESIAN_POINT('Origin',(-6.35439272379665E-15,-6.11858427247744E-16,
15.0313829851944));
#3966=CARTESIAN_POINT('Ctrl Pts',(-7.02585243343851,-21.3833206100779,14.5439539850944));
#3967=CARTESIAN_POINT('Ctrl Pts',(-6.86715006962151,-21.6864629634463,14.7824103723905));
#3968=CARTESIAN_POINT('Ctrl Pts',(-6.70501087376556,-21.9961701172837,15.0313829851944));
#3969=CARTESIAN_POINT('Origin',(0.,0.,14.2131854709642));
#3970=CARTESIAN_POINT('',(-21.9961701172838,6.70501087376551,13.9694709709142));
#3971=CARTESIAN_POINT('Origin',(0.,0.,13.9694709709142));
#3972=CARTESIAN_POINT('',(-21.3833206100779,7.02585243343849,14.4568999710142));
#3973=CARTESIAN_POINT('Origin',(-6.35439272379665E-15,-6.11858427247744E-16,
14.4568999710142));
#3974=CARTESIAN_POINT('Ctrl Pts',(-21.9961701172837,6.70501087376556,13.9694709709142));
#3975=CARTESIAN_POINT('Ctrl Pts',(-21.6864629634452,6.8671500696221,14.218443583719));
#3976=CARTESIAN_POINT('Ctrl Pts',(-21.3833206100779,7.02585243343851,14.4568999710142));
#3977=CARTESIAN_POINT('Origin',(0.,0.,14.5004269780543));
#3978=CARTESIAN_POINT('',(-21.3833206100779,7.02585243343849,14.5439539850944));
#3979=CARTESIAN_POINT('Origin',(-6.35439272379665E-15,-6.11858427247744E-16,
14.5439539850944));
#3980=CARTESIAN_POINT('',(-21.3833206100779,7.02585243343849,14.5004269780543));
#3981=CARTESIAN_POINT('Origin',(0.,0.,14.7876684851444));
#3982=CARTESIAN_POINT('',(-21.9961701172838,6.70501087376551,15.0313829851944));
#3983=CARTESIAN_POINT('Origin',(-6.35439272379665E-15,-6.11858427247744E-16,
15.0313829851944));
#3984=CARTESIAN_POINT('Ctrl Pts',(-21.3833206100779,7.0258524334385,14.5439539850944));
#3985=CARTESIAN_POINT('Ctrl Pts',(-21.6864629634465,6.8671500696214,14.7824103723907));
#3986=CARTESIAN_POINT('Ctrl Pts',(-21.9961701172837,6.70501087376556,15.0313829851944));
#3987=CARTESIAN_POINT('Origin',(23.1570919560217,-4.25388878122544E-15,
15.0313829851944));
#3988=CARTESIAN_POINT('',(21.9969243527404,-6.7046160132371,15.0313829851944));
#3989=CARTESIAN_POINT('Origin',(0.,0.,15.0313829851944));
#3990=CARTESIAN_POINT('',(10.7436868635566,-12.5959583818744,15.0313829851944));
#3991=CARTESIAN_POINT('Origin',(22.5079764245886,-4.13464819254848E-15,
13.9694709709142));
#3992=CARTESIAN_POINT('',(10.7437880564336,-12.5959054049525,13.9694709709142));
#3993=CARTESIAN_POINT('Origin',(-2.83592585415029E-15,-23.1570919560217,
15.0313829851944));
#3994=CARTESIAN_POINT('',(-5.64684409332099,-24.0174076109488,15.0313829851944));
#3995=CARTESIAN_POINT('Origin',(-2.75643212836565E-15,-22.5079764245886,
13.9694709709142));
#3996=CARTESIAN_POINT('',(-5.64697434352911,-24.0171588159488,13.9694709709142));
#3997=CARTESIAN_POINT('Origin',(-23.1570919560217,1.41796292707515E-15,
15.0313829851944));
#3998=CARTESIAN_POINT('',(-18.4194155317071,8.57752852501733,15.0313829851944));
#3999=CARTESIAN_POINT('Origin',(-22.5079764245886,1.37821606418283E-15,
13.9694709709142));
#4000=CARTESIAN_POINT('',(-18.4193143388301,8.57758150193923,13.9694709709142));
#4001=CARTESIAN_POINT('Ctrl Pts',(21.1044073322772,7.76040903091614,16.12446738056));
#4002=CARTESIAN_POINT('Ctrl Pts',(21.1809583320252,7.55220688151274,16.1244673806435));
#4003=CARTESIAN_POINT('Ctrl Pts',(21.3116918834563,7.17618947189377,15.9413741592725));
#4004=CARTESIAN_POINT('Ctrl Pts',(21.3554778812214,7.04042877632012,15.5282892693408));
#4005=CARTESIAN_POINT('Ctrl Pts',(21.3554778812214,7.04042877632012,15.36246738056));
#4006=CARTESIAN_POINT('Ctrl Pts',(21.2618875486514,7.82473131738357,16.2942062388135));
#4007=CARTESIAN_POINT('Ctrl Pts',(21.3564463477857,7.5678507202142,16.2986698385988));
#4008=CARTESIAN_POINT('Ctrl Pts',(21.5174039317745,7.09649315062652,16.0758999531041));
#4009=CARTESIAN_POINT('Ctrl Pts',(21.5692933717277,6.92849118862576,15.5664623997625));
#4010=CARTESIAN_POINT('Ctrl Pts',(21.5692933717277,6.92849118862576,15.36246738056));
#4011=CARTESIAN_POINT('Ctrl Pts',(21.4193677650256,7.88905360385101,16.4639450970671));
#4012=CARTESIAN_POINT('Ctrl Pts',(21.5319343635462,7.58349455891567,16.4728722965542));
#4013=CARTESIAN_POINT('Ctrl Pts',(21.7231159800926,7.01679682935927,16.2104257469357));
#4014=CARTESIAN_POINT('Ctrl Pts',(21.7831088622341,6.8165536009314,15.6046355301841));
#4015=CARTESIAN_POINT('Ctrl Pts',(21.7831088622341,6.8165536009314,15.36246738056));
#4016=CARTESIAN_POINT('Ctrl Pts',(21.5768479813999,7.95337589031844,16.6336839553206));
#4017=CARTESIAN_POINT('Ctrl Pts',(21.7074223793066,7.59913839761713,16.6470747545095));
#4018=CARTESIAN_POINT('Ctrl Pts',(21.9288280284108,6.93710050809203,16.3449515407673));
#4019=CARTESIAN_POINT('Ctrl Pts',(21.9969243527404,6.70461601323704,15.6428086606058));
#4020=CARTESIAN_POINT('Ctrl Pts',(21.9969243527404,6.70461601323704,15.36246738056));
#4021=CARTESIAN_POINT('Ctrl Pts',(21.9958740144045,6.70806106170651,15.4534046150851));
#4022=CARTESIAN_POINT('Ctrl Pts',(21.9962220680364,6.70691978649054,15.4381977956134));
#4023=CARTESIAN_POINT('Ctrl Pts',(21.9964855690918,6.70605546043254,15.4229651515925));
#4024=CARTESIAN_POINT('Ctrl Pts',(21.9968357361384,6.70490677184742,15.3926470327191));
#4025=CARTESIAN_POINT('Ctrl Pts',(21.9969243527404,6.70461601323704,15.3775557590216));
#4026=CARTESIAN_POINT('Ctrl Pts',(21.9969243527404,6.70461601323704,15.36246738056));
#4027=CARTESIAN_POINT('Ctrl Pts',(21.3554778812214,7.04042877632012,15.36246738056));
#4028=CARTESIAN_POINT('Ctrl Pts',(21.3554778812214,7.04042877632012,15.4590507466177));
#4029=CARTESIAN_POINT('Ctrl Pts',(21.3515327619518,7.05845230576722,15.5600250843486));
#4030=CARTESIAN_POINT('Ctrl Pts',(21.326076040475,7.13453439441797,15.750488136372));
#4031=CARTESIAN_POINT('Ctrl Pts',(21.3069144632152,7.18793638704562,15.8342087659039));
#4032=CARTESIAN_POINT('Ctrl Pts',(21.2616691877447,7.32201330284775,15.9739535073797));
#4033=CARTESIAN_POINT('Ctrl Pts',(21.2351400640787,7.40076840197199,16.0290422152693));
#4034=CARTESIAN_POINT('Ctrl Pts',(21.1735104267482,7.57390833869415,16.1048881948696));
#4035=CARTESIAN_POINT('Ctrl Pts',(21.138860441549,7.66670403127824,16.12446738056));
#4036=CARTESIAN_POINT('Ctrl Pts',(21.1044073323765,7.76040903064595,16.12446738056));
#4037=CARTESIAN_POINT('Ctrl Pts',(21.3554453502064,7.04044566014487,13.7674891499754));
#4038=CARTESIAN_POINT('Ctrl Pts',(21.3554263635464,7.0405031395734,13.6842945180627));
#4039=CARTESIAN_POINT('Ctrl Pts',(21.3645927456446,7.01275383643622,13.5074857283783));
#4040=CARTESIAN_POINT('Ctrl Pts',(21.4095458227888,6.87465689390194,13.2521894886454));
#4041=CARTESIAN_POINT('Ctrl Pts',(21.4824439658755,6.6448645116496,13.0614922738208));
#4042=CARTESIAN_POINT('Ctrl Pts',(21.5496452171697,6.42207616714104,13.0059272427228));
#4043=CARTESIAN_POINT('Ctrl Pts',(21.5797321238036,6.31933090741634,13.0049795553379));
#4044=CARTESIAN_POINT('Ctrl Pts',(21.569272848379,6.92850181904234,13.7673736674583));
#4045=CARTESIAN_POINT('Ctrl Pts',(21.5692582997913,6.92854633287603,13.7028563639962));
#4046=CARTESIAN_POINT('Ctrl Pts',(21.5762820362727,6.90705648476605,13.5657423926044));
#4047=CARTESIAN_POINT('Ctrl Pts',(21.6108322632734,6.79990367192307,13.367420129842));
#4048=CARTESIAN_POINT('Ctrl Pts',(21.6671454550077,6.62107178469207,13.2188411968324));
#4049=CARTESIAN_POINT('Ctrl Pts',(21.7194123805004,6.44730370034698,13.1756068448541));
#4050=CARTESIAN_POINT('Ctrl Pts',(21.7428635925081,6.36721980862175,13.1749846639206));
#4051=CARTESIAN_POINT('Ctrl Pts',(21.7831003465516,6.81655797793981,13.7672581849412));
#4052=CARTESIAN_POINT('Ctrl Pts',(21.7830902360363,6.81658952617867,13.7214182099297));
#4053=CARTESIAN_POINT('Ctrl Pts',(21.7879713269008,6.80135913309587,13.6239990568305));
#4054=CARTESIAN_POINT('Ctrl Pts',(21.812118703758,6.7251504499442,13.4826507710386));
#4055=CARTESIAN_POINT('Ctrl Pts',(21.8518469441399,6.59727905773455,13.376190119844));
#4056=CARTESIAN_POINT('Ctrl Pts',(21.8891795438311,6.47253123355291,13.3452864469853));
#4057=CARTESIAN_POINT('Ctrl Pts',(21.9059950612126,6.41510870982716,13.3449897725035));
#4058=CARTESIAN_POINT('Ctrl Pts',(21.9969278447242,6.70461413683729,13.7671427024241));
#4059=CARTESIAN_POINT('Ctrl Pts',(21.9969221722812,6.70463271948131,13.7399800558633));
#4060=CARTESIAN_POINT('Ctrl Pts',(21.9996606175288,6.6956617814257,13.6822557210567));
#4061=CARTESIAN_POINT('Ctrl Pts',(22.0134051442425,6.65039722796534,13.5978814122352));
#4062=CARTESIAN_POINT('Ctrl Pts',(22.036548433272,6.57348633077703,13.5335390428556));
#4063=CARTESIAN_POINT('Ctrl Pts',(22.0589467071618,6.49775876675884,13.5149660491167));
#4064=CARTESIAN_POINT('Ctrl Pts',(22.0691265299171,6.46299761103257,13.5149948810864));
#4065=CARTESIAN_POINT('',(21.579617391354,6.3198148937586,13.0050100547903));
#4066=CARTESIAN_POINT('',(22.0690766465889,6.46315811597721,13.51499205184));
#4067=CARTESIAN_POINT('Ctrl Pts',(21.579617391354,6.3198148937586,13.0050100547903));
#4068=CARTESIAN_POINT('Ctrl Pts',(21.5734217954727,6.34097040560261,13.0052222257435));
#4069=CARTESIAN_POINT('Ctrl Pts',(21.567067572021,6.36252406603455,13.0063991045332));
#4070=CARTESIAN_POINT('Ctrl Pts',(21.5606198029933,6.38426764288824,13.0086276977001));
#4071=CARTESIAN_POINT('Ctrl Pts',(21.5542494069338,6.40575029769672,13.0108295478389));
#4072=CARTESIAN_POINT('Ctrl Pts',(21.5477878959615,6.42741769317452,13.0140581964717));
#4073=CARTESIAN_POINT('Ctrl Pts',(21.5413008066859,6.44906002763517,13.0183476041307));
#4074=CARTESIAN_POINT('Ctrl Pts',(21.5348399318872,6.47061490492473,13.0226196781947));
#4075=CARTESIAN_POINT('Ctrl Pts',(21.5283538924213,6.49214425137082,13.0279439914642));
#4076=CARTESIAN_POINT('Ctrl Pts',(21.5219071615062,6.51344168032876,13.0343025907185));
#4077=CARTESIAN_POINT('Ctrl Pts',(21.5154616589649,6.5347350512297,13.0406599783918));
#4078=CARTESIAN_POINT('Ctrl Pts',(21.5090556566323,6.55579592329626,13.0480511255237));
#4079=CARTESIAN_POINT('Ctrl Pts',(21.5027502003833,6.57642901658696,13.0564071791288));
#4080=CARTESIAN_POINT('Ctrl Pts',(21.4970176078514,6.59518755075755,13.0640040680137));
#4081=CARTESIAN_POINT('Ctrl Pts',(21.4913681822371,6.61359230813136,13.0723977048329));
#4082=CARTESIAN_POINT('Ctrl Pts',(21.4858432823626,6.63151117601484,13.0815021695596));
#4083=CARTESIAN_POINT('Ctrl Pts',(21.4778615039876,6.65739842020504,13.0946553164622));
#4084=CARTESIAN_POINT('Ctrl Pts',(21.4701408235444,6.68226767147557,13.1092784019957));
#4085=CARTESIAN_POINT('Ctrl Pts',(21.4626932277297,6.70611844409414,13.1252795971696));
#4086=CARTESIAN_POINT('Ctrl Pts',(21.4551812979729,6.73017524484075,13.1414190141252));
#4087=CARTESIAN_POINT('Ctrl Pts',(21.4479468514687,6.7531969961819,13.1589610603007));
#4088=CARTESIAN_POINT('Ctrl Pts',(21.4410074915079,6.7751660115452,13.1778619101021));
#4089=CARTESIAN_POINT('Ctrl Pts',(21.4341310769834,6.7969357507123,13.1965913143749));
#4090=CARTESIAN_POINT('Ctrl Pts',(21.4275441473873,6.81767264894958,13.2166558454288));
#4091=CARTESIAN_POINT('Ctrl Pts',(21.421273553572,6.83732798635413,13.2380509294859));
#4092=CARTESIAN_POINT('Ctrl Pts',(21.4165970380875,6.85198664427945,13.2540070645561));
#4093=CARTESIAN_POINT('Ctrl Pts',(21.4120966485238,6.8660431550698,13.2707041279962));
#4094=CARTESIAN_POINT('Ctrl Pts',(21.4077883858472,6.87946154784059,13.2881496037917));
#4095=CARTESIAN_POINT('Ctrl Pts',(21.4022686203983,6.89665325279356,13.3105008255636));
#4096=CARTESIAN_POINT('Ctrl Pts',(21.3970688351969,6.91278256560036,13.3340713073477));
#4097=CARTESIAN_POINT('Ctrl Pts',(21.3922596801247,6.92765443317176,13.358700352072));
#4098=CARTESIAN_POINT('Ctrl Pts',(21.3874646350971,6.94248266673445,13.3832571352631));
#4099=CARTESIAN_POINT('Ctrl Pts',(21.3830580961028,6.95606028893436,13.4088658140013));
#4100=CARTESIAN_POINT('Ctrl Pts',(21.3791000317434,6.96822656744708,13.4353282017359));
#4101=CARTESIAN_POINT('Ctrl Pts',(21.3753260782804,6.97982692680364,13.460559681258));
#4102=CARTESIAN_POINT('Ctrl Pts',(21.3719598792699,6.99014408538978,13.4865665943376));
#4103=CARTESIAN_POINT('Ctrl Pts',(21.3690429838819,6.99907253124411,13.5131506507347));
#4104=CARTESIAN_POINT('Ctrl Pts',(21.3666253153985,7.0064728727978,13.5351848435193));
#4105=CARTESIAN_POINT('Ctrl Pts',(21.3645145550081,7.01292488374587,13.5576381838171));
#4106=CARTESIAN_POINT('Ctrl Pts',(21.3627313131308,7.01836808737948,13.5803037527763));
#4107=CARTESIAN_POINT('Ctrl Pts',(21.3609452543468,7.02381988939617,13.6030051255117));
#4108=CARTESIAN_POINT('Ctrl Pts',(21.3594877878378,7.02825957059926,13.6259186893218));
#4109=CARTESIAN_POINT('Ctrl Pts',(21.3583644490617,7.031675542921,13.648826377558));
#4110=CARTESIAN_POINT('Ctrl Pts',(21.3572315634661,7.03512054626359,13.6719287493316));
#4111=CARTESIAN_POINT('Ctrl Pts',(21.356438505144,7.03752437900988,13.6950244164633));
#4112=CARTESIAN_POINT('Ctrl Pts',(21.3559752400439,7.03892607791901,13.7178902826963));
#4113=CARTESIAN_POINT('Ctrl Pts',(21.3556407830595,7.03993804275282,13.7343984303249));
#4114=CARTESIAN_POINT('Ctrl Pts',(21.3554778812214,7.04042877632012,13.750786791601));
#4115=CARTESIAN_POINT('Ctrl Pts',(21.3554778812214,7.04042877632012,13.76697475494));
#4116=CARTESIAN_POINT('Origin',(0.,0.,13.25998340339));
#4117=CARTESIAN_POINT('',(21.5816778783706,6.31277490077976,13.00497475494));
#4118=CARTESIAN_POINT('',(21.5816778783706,6.31277490077976,13.00497475494));
#4119=CARTESIAN_POINT('',(21.5816778783706,-6.31277490077979,13.00497475494));
#4120=CARTESIAN_POINT('',(22.0711838698519,-6.45595844536886,13.51499205184));
#4121=CARTESIAN_POINT('Origin',(0.,0.,13.00497475494));
#4122=CARTESIAN_POINT('Ctrl Pts',(21.579617391354,6.3198148937586,13.0050100547903));
#4123=CARTESIAN_POINT('Ctrl Pts',(21.580304601943,6.31746834113766,13.0049865209561));
#4124=CARTESIAN_POINT('Ctrl Pts',(21.5809914317422,6.31512167699879,13.00497475494));
#4125=CARTESIAN_POINT('Ctrl Pts',(21.5816778783706,6.31277490077975,13.00497475494));
#4126=CARTESIAN_POINT('Ctrl Pts',(21.7427704764323,6.36759596783148,13.1750040538068));
#4127=CARTESIAN_POINT('Ctrl Pts',(21.7434628832222,6.36523167421333,13.1749883645841));
#4128=CARTESIAN_POINT('Ctrl Pts',(21.7441549056773,6.36286726803896,13.1749805205733));
#4129=CARTESIAN_POINT('Ctrl Pts',(21.7448465421977,6.36050274897611,13.1749805205733));
#4130=CARTESIAN_POINT('Ctrl Pts',(21.9059235615106,6.41537704190434,13.3449980528234));
#4131=CARTESIAN_POINT('Ctrl Pts',(21.9066211645013,6.412995007289,13.344990208212));
#4132=CARTESIAN_POINT('Ctrl Pts',(21.9073183796123,6.41061285907913,13.3449862862066));
#4133=CARTESIAN_POINT('Ctrl Pts',(21.9080152060248,6.40823059717246,13.3449862862066));
#4134=CARTESIAN_POINT('Ctrl Pts',(22.0690766465889,6.46315811597721,13.51499205184));
#4135=CARTESIAN_POINT('Ctrl Pts',(22.0697794457805,6.46075834036467,13.51499205184));
#4136=CARTESIAN_POINT('Ctrl Pts',(22.0704818535473,6.45835845011931,13.51499205184));
#4137=CARTESIAN_POINT('Ctrl Pts',(22.0711838698519,6.45595844536882,13.51499205184));
#4138=CARTESIAN_POINT('Ctrl Pts',(21.5816778783706,6.31277490077975,13.00497475494));
#4139=CARTESIAN_POINT('Ctrl Pts',(21.5813346495735,6.31394830763375,13.00497475494));
#4140=CARTESIAN_POINT('Ctrl Pts',(21.5809913255806,6.31512168459558,13.0049776966054));
#4141=CARTESIAN_POINT('Ctrl Pts',(21.5803044933537,6.3174683591873,13.00498946326));
#4142=CARTESIAN_POINT('Ctrl Pts',(21.5799609862229,6.31864165304746,13.0049982882303));
#4143=CARTESIAN_POINT('Ctrl Pts',(21.579617391354,6.3198148937586,13.0050100547903));
#4144=CARTESIAN_POINT('Ctrl Pts',(21.579617391354,-6.31981489375864,13.0050100547903));
#4145=CARTESIAN_POINT('Ctrl Pts',(21.549567106401,-6.42242474298357,13.0060391402445));
#4146=CARTESIAN_POINT('Ctrl Pts',(21.4998289696033,-6.58750950724003,13.0450888616286));
#4147=CARTESIAN_POINT('Ctrl Pts',(21.4286197735305,-6.81530980466996,13.1962434604081));
#4148=CARTESIAN_POINT('Ctrl Pts',(21.3733330852532,-6.98640306039975,13.4151950936536));
#4149=CARTESIAN_POINT('Ctrl Pts',(21.3554778812214,-7.04042877632015,13.656251950799));
#4150=CARTESIAN_POINT('Ctrl Pts',(21.3554778812214,-7.04042877632015,13.76697475494));
#4151=CARTESIAN_POINT('Ctrl Pts',(21.7427718956791,-6.36759638347265,13.1750055325617));
#4152=CARTESIAN_POINT('Ctrl Pts',(21.7193493108949,-6.44757522686884,13.1756915865473));
#4153=CARTESIAN_POINT('Ctrl Pts',(21.6806617772649,-6.57633185301827,13.2060644264173));
#4154=CARTESIAN_POINT('Ctrl Pts',(21.6255375537505,-6.75375691979352,13.323826927201));
#4155=CARTESIAN_POINT('Ctrl Pts',(21.582974246397,-6.88665774255948,13.4941448411015));
#4156=CARTESIAN_POINT('Ctrl Pts',(21.5692952316799,-6.92849021489577,13.6811090697202));
#4157=CARTESIAN_POINT('Ctrl Pts',(21.5692952316799,-6.92849021489577,13.76697475494));
#4158=CARTESIAN_POINT('Ctrl Pts',(21.9059264000041,-6.41537787318666,13.3450010103333));
#4159=CARTESIAN_POINT('Ctrl Pts',(21.8891315153888,-6.47272571075409,13.3453440328501));
#4160=CARTESIAN_POINT('Ctrl Pts',(21.8614945849265,-6.5651541987965,13.3670399912059));
#4161=CARTESIAN_POINT('Ctrl Pts',(21.8224553339705,-6.69220403491708,13.4514103939939));
#4162=CARTESIAN_POINT('Ctrl Pts',(21.7926154075407,-6.78691242471922,13.5730945885493));
#4163=CARTESIAN_POINT('Ctrl Pts',(21.7831125821385,-6.81655165347138,13.7059661886414));
#4164=CARTESIAN_POINT('Ctrl Pts',(21.7831125821385,-6.81655165347138,13.76697475494));
#4165=CARTESIAN_POINT('Ctrl Pts',(22.0690809043292,-6.46315936290068,13.5149964881048));
#4166=CARTESIAN_POINT('Ctrl Pts',(22.0589137198828,-6.49787619463936,13.514996479153));
#4167=CARTESIAN_POINT('Ctrl Pts',(22.0423273925881,-6.55397654457473,13.5280155559946));
#4168=CARTESIAN_POINT('Ctrl Pts',(22.0193731141904,-6.63065115004062,13.5789938607868));
#4169=CARTESIAN_POINT('Ctrl Pts',(22.0022565686845,-6.68716710687895,13.6520443359972));
#4170=CARTESIAN_POINT('Ctrl Pts',(21.996929932597,-6.70461309204699,13.7308233075626));
#4171=CARTESIAN_POINT('Ctrl Pts',(21.996929932597,-6.70461309204699,13.76697475494));
#4172=CARTESIAN_POINT('',(21.3554778812214,-7.04042877632015,13.76697475494));
#4173=CARTESIAN_POINT('',(21.9969243527404,-6.70461601323707,13.76697475494));
#4174=CARTESIAN_POINT('',(21.579617391354,-6.31981489375864,13.0050100547903));
#4175=CARTESIAN_POINT('Ctrl Pts',(21.3554778812214,-7.04042877632018,13.76697475494));
#4176=CARTESIAN_POINT('Ctrl Pts',(21.3554778812214,-7.04042877632018,13.744968611545));
#4177=CARTESIAN_POINT('Ctrl Pts',(21.3557815365229,-7.03952053385624,13.7225464697991));
#4178=CARTESIAN_POINT('Ctrl Pts',(21.3564106508055,-7.03762345728301,13.6999251868411));
#4179=CARTESIAN_POINT('Ctrl Pts',(21.357044711456,-7.03571146507548,13.6771260455991));
#4180=CARTESIAN_POINT('Ctrl Pts',(21.358009470514,-7.03279469935391,13.654125312254));
#4181=CARTESIAN_POINT('Ctrl Pts',(21.359311454857,-7.02884184532807,13.6311543952163));
#4182=CARTESIAN_POINT('Ctrl Pts',(21.3605846368619,-7.02497643585463,13.6086916379906));
#4183=CARTESIAN_POINT('Ctrl Pts',(21.3621802469954,-7.02012040783986,13.5862581103425));
#4184=CARTESIAN_POINT('Ctrl Pts',(21.3640890388337,-7.0142942279986,13.5640685751668));
#4185=CARTESIAN_POINT('Ctrl Pts',(21.3660626026383,-7.00827034554964,13.5411260716504));
#4186=CARTESIAN_POINT('Ctrl Pts',(21.3683710048838,-7.00120921865456,13.5184452566319));
#4187=CARTESIAN_POINT('Ctrl Pts',(21.3709872208503,-6.99318793385094,13.4962496714403));
#4188=CARTESIAN_POINT('Ctrl Pts',(21.3736034368167,-6.98516664904732,13.4740540862487));
#4189=CARTESIAN_POINT('Ctrl Pts',(21.3765273471956,-6.97618559301893,13.4523444629083));
#4190=CARTESIAN_POINT('Ctrl Pts',(21.3797161323542,-6.96637304432696,13.431318678711));
#4191=CARTESIAN_POINT('Ctrl Pts',(21.3841407002608,-6.95275773759842,13.4021445558566));
#4192=CARTESIAN_POINT('Ctrl Pts',(21.3890750795726,-6.93754204984809,13.3742577284436));
#4193=CARTESIAN_POINT('Ctrl Pts',(21.3944579132629,-6.92088005616153,13.3476885097679));
#4194=CARTESIAN_POINT('Ctrl Pts',(21.3999818243959,-6.90378137213756,13.3204229445873));
#4195=CARTESIAN_POINT('Ctrl Pts',(21.4059781396219,-6.88515914003107,13.2945436071714));
#4196=CARTESIAN_POINT('Ctrl Pts',(21.4123970206507,-6.8651264877456,13.2700875357452));
#4197=CARTESIAN_POINT('Ctrl Pts',(21.4189276445877,-6.84474509760159,13.2452057214939));
#4198=CARTESIAN_POINT('Ctrl Pts',(21.4258959202158,-6.82290295804358,13.2217958649182));
#4199=CARTESIAN_POINT('Ctrl Pts',(21.4332632502999,-6.79967419222795,13.1999216848404));
#4200=CARTESIAN_POINT('Ctrl Pts',(21.4367083912432,-6.78881186201324,13.1896927915334));
#4201=CARTESIAN_POINT('Ctrl Pts',(21.4402409670608,-6.77764575525895,13.1798001786368));
#4202=CARTESIAN_POINT('Ctrl Pts',(21.443857786028,-6.7661810042515,13.1702533302967));
#4203=CARTESIAN_POINT('Ctrl Pts',(21.4536299356411,-6.73520481685126,13.144459053293));
#4204=CARTESIAN_POINT('Ctrl Pts',(21.4640006328893,-6.70210176656606,13.1212398540501));
#4205=CARTESIAN_POINT('Ctrl Pts',(21.4748304543748,-6.667205299543,13.1009323612766));
#4206=CARTESIAN_POINT('Ctrl Pts',(21.4786079000888,-6.65503339902129,13.0938491003345));
#4207=CARTESIAN_POINT('Ctrl Pts',(21.4824410827654,-6.64264370012508,13.0871198917546));
#4208=CARTESIAN_POINT('Ctrl Pts',(21.486323678564,-6.63005167299529,13.0807583799657));
#4209=CARTESIAN_POINT('Ctrl Pts',(21.492813664889,-6.60900336199004,13.0701247403447));
#4210=CARTESIAN_POINT('Ctrl Pts',(21.4994486204474,-6.58736734905736,13.0605118338383));
#4211=CARTESIAN_POINT('Ctrl Pts',(21.5061699391171,-6.56533251705793,13.0520184382194));
#4212=CARTESIAN_POINT('Ctrl Pts',(21.5129035661905,-6.54325733380886,13.0435094890838));
#4213=CARTESIAN_POINT('Ctrl Pts',(21.5197236700865,-6.52078252703497,13.036124417771));
#4214=CARTESIAN_POINT('Ctrl Pts',(21.5265660745676,-6.49811502674665,13.0299132565212));
#4215=CARTESIAN_POINT('Ctrl Pts',(21.5334250344493,-6.47539268176881,13.0236870671825));
#4216=CARTESIAN_POINT('Ctrl Pts',(21.5403061866781,-6.45247741067371,13.0186405532339));
#4217=CARTESIAN_POINT('Ctrl Pts',(21.5471427887389,-6.42958445312157,13.0147720389762));
#4218=CARTESIAN_POINT('Ctrl Pts',(21.5540385416016,-6.406493423956,13.0108700540384));
#4219=CARTESIAN_POINT('Ctrl Pts',(21.5608887523223,-6.38342580181316,13.0081664720732));
#4220=CARTESIAN_POINT('Ctrl Pts',(21.5676260943119,-6.36059869119567,13.00660649888));
#4221=CARTESIAN_POINT('Ctrl Pts',(21.5716684065991,-6.34690273960627,13.0056705364758));
#4222=CARTESIAN_POINT('Ctrl Pts',(21.5756701270496,-6.33329324165989,13.0051452306226));
#4223=CARTESIAN_POINT('Ctrl Pts',(21.579617391354,-6.31981489375864,13.0050100547903));
#4224=CARTESIAN_POINT('',(21.579617391354,-6.31981489375864,13.0050100547903));
#4225=CARTESIAN_POINT('Origin',(21.6762011169809,-6.87252239477861,16.12446738056));
#4226=CARTESIAN_POINT('',(21.9969243527404,-6.70461601323707,15.36246738056));
#4227=CARTESIAN_POINT('',(21.9969243527404,-6.70461601323707,16.12446738056));
#4228=CARTESIAN_POINT('',(21.3554778812214,-7.04042877632015,15.36246738056));
#4229=CARTESIAN_POINT('',(21.9969243527404,-6.70461601323707,15.36246738056));
#4230=CARTESIAN_POINT('',(21.3554778812214,-7.04042877632015,16.12446738056));
#4231=CARTESIAN_POINT('Ctrl Pts',(21.3554778812214,-7.04042877632015,15.36246738056));
#4232=CARTESIAN_POINT('Ctrl Pts',(21.3554778812214,-7.04042877632015,15.5282892692998));
#4233=CARTESIAN_POINT('Ctrl Pts',(21.3116918834789,-7.1761894718228,15.9413741591366));
#4234=CARTESIAN_POINT('Ctrl Pts',(21.1809583320928,-7.55220688132122,16.12446738056));
#4235=CARTESIAN_POINT('Ctrl Pts',(21.1044073323765,-7.76040903064601,16.12446738056));
#4236=CARTESIAN_POINT('Ctrl Pts',(21.5692933717277,-6.92849118862579,15.36246738056));
#4237=CARTESIAN_POINT('Ctrl Pts',(21.5692933717277,-6.92849118862579,15.566462399712));
#4238=CARTESIAN_POINT('Ctrl Pts',(21.5174039318012,-7.0964931505384,16.0758999529353));
#4239=CARTESIAN_POINT('Ctrl Pts',(21.3564463478693,-7.56785071997404,16.2986698384989));
#4240=CARTESIAN_POINT('Ctrl Pts',(21.2618875487741,-7.82473131705028,16.2942062388193));
#4241=CARTESIAN_POINT('Ctrl Pts',(21.7831088622341,-6.81655360093143,15.36246738056));
#4242=CARTESIAN_POINT('Ctrl Pts',(21.7831088622341,-6.81655360093143,15.6046355301242));
#4243=CARTESIAN_POINT('Ctrl Pts',(21.7231159801235,-7.01679682925399,16.210425746734));
#4244=CARTESIAN_POINT('Ctrl Pts',(21.5319343636459,-7.58349455862686,16.4728722964378));
#4245=CARTESIAN_POINT('Ctrl Pts',(21.4193677651717,-7.88905360345455,16.4639450970786));
#4246=CARTESIAN_POINT('Ctrl Pts',(21.9969243527404,-6.70461601323707,15.36246738056));
#4247=CARTESIAN_POINT('Ctrl Pts',(21.9969243527404,-6.70461601323707,15.6428086605364));
#4248=CARTESIAN_POINT('Ctrl Pts',(21.9288280284457,-6.93710050796959,16.3449515405327));
#4249=CARTESIAN_POINT('Ctrl Pts',(21.7074223794225,-7.59913839727968,16.6470747543767));
#4250=CARTESIAN_POINT('Ctrl Pts',(21.5768479815693,-7.95337588985881,16.633683955338));
#4251=CARTESIAN_POINT('Ctrl Pts',(21.1044073323765,-7.76040903064601,16.12446738056));
#4252=CARTESIAN_POINT('Ctrl Pts',(21.1388604415118,-7.66670403137124,16.12446738056));
#4253=CARTESIAN_POINT('Ctrl Pts',(21.1735104267779,-7.57390833861578,16.1048881948338));
#4254=CARTESIAN_POINT('Ctrl Pts',(21.2351400640819,-7.40076840198165,16.0290422152739));
#4255=CARTESIAN_POINT('Ctrl Pts',(21.2616691877481,-7.32201330285752,15.9739535073859));
#4256=CARTESIAN_POINT('Ctrl Pts',(21.3069144632143,-7.18793638705381,15.8342087659139));
#4257=CARTESIAN_POINT('Ctrl Pts',(21.3260760404716,-7.1345343944248,15.7504881363842));
#4258=CARTESIAN_POINT('Ctrl Pts',(21.3515327619503,-7.05845230576921,15.56002508436));
#4259=CARTESIAN_POINT('Ctrl Pts',(21.3554778812214,-7.04042877632017,15.4590507466237));
#4260=CARTESIAN_POINT('Ctrl Pts',(21.3554778812214,-7.04042877632017,15.36246738056));
#4261=CARTESIAN_POINT('Ctrl Pts',(21.9969243527404,-6.70461601323707,15.36246738056));
#4262=CARTESIAN_POINT('Ctrl Pts',(21.9969243527404,-6.70461601323707,15.3775557590216));
#4263=CARTESIAN_POINT('Ctrl Pts',(21.9968357361384,-6.70490677184744,15.3926470327191));
#4264=CARTESIAN_POINT('Ctrl Pts',(21.9964855690918,-6.70605546043252,15.4229651515924));
#4265=CARTESIAN_POINT('Ctrl Pts',(21.9962220680364,-6.70691978649051,15.4381977956135));
#4266=CARTESIAN_POINT('Ctrl Pts',(21.9958740144045,-6.70806106170644,15.4534046150851));
#4267=CARTESIAN_POINT('Ctrl Pts',(21.5816778783706,-6.31277490077979,13.00497475494));
#4268=CARTESIAN_POINT('Ctrl Pts',(21.5809914317422,-6.31512167699883,13.00497475494));
#4269=CARTESIAN_POINT('Ctrl Pts',(21.580304601943,-6.3174683411377,13.0049865209561));
#4270=CARTESIAN_POINT('Ctrl Pts',(21.579617391354,-6.31981489375864,13.0050100547903));
#4271=CARTESIAN_POINT('Ctrl Pts',(21.7448465421977,-6.36050274897615,13.1749805205733));
#4272=CARTESIAN_POINT('Ctrl Pts',(21.7441549056772,-6.362867268039,13.1749805205733));
#4273=CARTESIAN_POINT('Ctrl Pts',(21.7434628832221,-6.36523167421337,13.1749883645841));
#4274=CARTESIAN_POINT('Ctrl Pts',(21.7427704764323,-6.36759596783152,13.1750040538068));
#4275=CARTESIAN_POINT('Ctrl Pts',(21.9080152060248,-6.4082305971725,13.3449862862066));
#4276=CARTESIAN_POINT('Ctrl Pts',(21.9073183796123,-6.41061285907917,13.3449862862066));
#4277=CARTESIAN_POINT('Ctrl Pts',(21.9066211645013,-6.41299500728904,13.344990208212));
#4278=CARTESIAN_POINT('Ctrl Pts',(21.9059235615106,-6.41537704190439,13.3449980528234));
#4279=CARTESIAN_POINT('Ctrl Pts',(22.0711838698519,-6.45595844536886,13.51499205184));
#4280=CARTESIAN_POINT('Ctrl Pts',(22.0704818535473,-6.45835845011935,13.51499205184));
#4281=CARTESIAN_POINT('Ctrl Pts',(22.0697794457805,-6.46075834036472,13.51499205184));
#4282=CARTESIAN_POINT('Ctrl Pts',(22.0690766465889,-6.46315811597726,13.51499205184));
#4283=CARTESIAN_POINT('Ctrl Pts',(21.579617391354,-6.31981489375864,13.0050100547903));
#4284=CARTESIAN_POINT('Ctrl Pts',(21.5799609862231,-6.31864165304711,13.0049982882303));
#4285=CARTESIAN_POINT('Ctrl Pts',(21.5803044933539,-6.31746835918657,13.00498946326));
#4286=CARTESIAN_POINT('Ctrl Pts',(21.5809913255806,-6.31512168459561,13.0049776966054));
#4287=CARTESIAN_POINT('Ctrl Pts',(21.5813346495735,-6.31394830763376,13.00497475494));
#4288=CARTESIAN_POINT('Ctrl Pts',(21.5816778783706,-6.31277490077979,13.00497475494));
#4289=CARTESIAN_POINT('Origin',(20.6177898948832,6.01537453069492,13.76697475494));
#4290=CARTESIAN_POINT('',(20.6177898948832,6.01537453069492,13.00497475494));
#4291=CARTESIAN_POINT('',(20.3931310613356,6.74350392064498,13.76697475494));
#4292=CARTESIAN_POINT('Origin',(21.9310975752361,-1.84615765872222E-14,
13.00497475494));
#4293=CARTESIAN_POINT('',(21.0941345251428,-6.16234707496779,13.00497475494));
#4294=CARTESIAN_POINT('Origin',(21.0941345251428,-6.16234707496779,13.76697475494));
#4295=CARTESIAN_POINT('',(20.8694756915953,-6.89047646491785,13.76697475494));
#4296=CARTESIAN_POINT('Origin',(21.8413385343663,-7.19033741770831,16.12446738056));
#4297=CARTESIAN_POINT('',(10.8570904583802,-3.80123048945013,15.36246738056));
#4298=CARTESIAN_POINT('Origin',(10.6324316248326,-4.52935987940019,15.36246738056));
#4299=CARTESIAN_POINT('Ctrl Pts',(7.04044566014487,-21.3554453502064,13.7674891499754));
#4300=CARTESIAN_POINT('Ctrl Pts',(7.0405031395734,-21.3554263635464,13.6842945180627));
#4301=CARTESIAN_POINT('Ctrl Pts',(7.01275383643623,-21.3645927456447,13.5074857283783));
#4302=CARTESIAN_POINT('Ctrl Pts',(6.87465689390194,-21.4095458227888,13.2521894886454));
#4303=CARTESIAN_POINT('Ctrl Pts',(6.6448645116496,-21.4824439658755,13.0614922738208));
#4304=CARTESIAN_POINT('Ctrl Pts',(6.42207616714105,-21.5496452171697,13.0059272427228));
#4305=CARTESIAN_POINT('Ctrl Pts',(6.31933090741634,-21.5797321238036,13.0049795553379));
#4306=CARTESIAN_POINT('Ctrl Pts',(6.92850181904235,-21.569272848379,13.7673736674583));
#4307=CARTESIAN_POINT('Ctrl Pts',(6.92854633287604,-21.5692582997913,13.7028563639962));
#4308=CARTESIAN_POINT('Ctrl Pts',(6.90705648476606,-21.5762820362727,13.5657423926044));
#4309=CARTESIAN_POINT('Ctrl Pts',(6.79990367192307,-21.6108322632734,13.367420129842));
#4310=CARTESIAN_POINT('Ctrl Pts',(6.62107178469209,-21.6671454550077,13.2188411968324));
#4311=CARTESIAN_POINT('Ctrl Pts',(6.44730370034699,-21.7194123805004,13.1756068448541));
#4312=CARTESIAN_POINT('Ctrl Pts',(6.36721980862175,-21.7428635925081,13.1749846639206));
#4313=CARTESIAN_POINT('Ctrl Pts',(6.81655797793981,-21.7831003465516,13.7672581849412));
#4314=CARTESIAN_POINT('Ctrl Pts',(6.81658952617867,-21.7830902360363,13.7214182099297));
#4315=CARTESIAN_POINT('Ctrl Pts',(6.80135913309588,-21.7879713269008,13.6239990568305));
#4316=CARTESIAN_POINT('Ctrl Pts',(6.7251504499442,-21.812118703758,13.4826507710386));
#4317=CARTESIAN_POINT('Ctrl Pts',(6.59727905773456,-21.8518469441399,13.376190119844));
#4318=CARTESIAN_POINT('Ctrl Pts',(6.47253123355291,-21.8891795438311,13.3452864469853));
#4319=CARTESIAN_POINT('Ctrl Pts',(6.41510870982717,-21.9059950612126,13.3449897725035));
#4320=CARTESIAN_POINT('Ctrl Pts',(6.70461413683729,-21.9969278447242,13.7671427024241));
#4321=CARTESIAN_POINT('Ctrl Pts',(6.70463271948131,-21.9969221722812,13.7399800558633));
#4322=CARTESIAN_POINT('Ctrl Pts',(6.69566178142571,-21.9996606175288,13.6822557210568));
#4323=CARTESIAN_POINT('Ctrl Pts',(6.65039722796534,-22.0134051442425,13.5978814122352));
#4324=CARTESIAN_POINT('Ctrl Pts',(6.57348633077703,-22.036548433272,13.5335390428556));
#4325=CARTESIAN_POINT('Ctrl Pts',(6.49775876675885,-22.0589467071618,13.5149660491167));
#4326=CARTESIAN_POINT('Ctrl Pts',(6.46299761103258,-22.0691265299171,13.5149948810864));
#4327=CARTESIAN_POINT('',(6.31981489375861,-21.579617391354,13.0050100547903));
#4328=CARTESIAN_POINT('',(6.46315811597722,-22.0690766465889,13.51499205184));
#4329=CARTESIAN_POINT('Ctrl Pts',(6.31981489375861,-21.579617391354,13.0050100547903));
#4330=CARTESIAN_POINT('Ctrl Pts',(6.34097040560262,-21.5734217954727,13.0052222257435));
#4331=CARTESIAN_POINT('Ctrl Pts',(6.36252406603455,-21.567067572021,13.0063991045332));
#4332=CARTESIAN_POINT('Ctrl Pts',(6.38426764288825,-21.5606198029933,13.0086276977001));
#4333=CARTESIAN_POINT('Ctrl Pts',(6.40575029769672,-21.5542494069338,13.0108295478389));
#4334=CARTESIAN_POINT('Ctrl Pts',(6.42741769317452,-21.5477878959615,13.0140581964717));
#4335=CARTESIAN_POINT('Ctrl Pts',(6.44906002763517,-21.5413008066859,13.0183476041307));
#4336=CARTESIAN_POINT('Ctrl Pts',(6.47061490492473,-21.5348399318872,13.0226196781947));
#4337=CARTESIAN_POINT('Ctrl Pts',(6.49214425137082,-21.5283538924213,13.0279439914642));
#4338=CARTESIAN_POINT('Ctrl Pts',(6.51344168032876,-21.5219071615062,13.0343025907185));
#4339=CARTESIAN_POINT('Ctrl Pts',(6.5347350512297,-21.5154616589649,13.0406599783918));
#4340=CARTESIAN_POINT('Ctrl Pts',(6.55579592329626,-21.5090556566323,13.0480511255237));
#4341=CARTESIAN_POINT('Ctrl Pts',(6.57642901658696,-21.5027502003833,13.0564071791288));
#4342=CARTESIAN_POINT('Ctrl Pts',(6.59518755075755,-21.4970176078514,13.0640040680137));
#4343=CARTESIAN_POINT('Ctrl Pts',(6.61359230813136,-21.4913681822371,13.0723977048329));
#4344=CARTESIAN_POINT('Ctrl Pts',(6.63151117601484,-21.4858432823626,13.0815021695596));
#4345=CARTESIAN_POINT('Ctrl Pts',(6.65739842020504,-21.4778615039876,13.0946553164622));
#4346=CARTESIAN_POINT('Ctrl Pts',(6.68226767147557,-21.4701408235444,13.1092784019957));
#4347=CARTESIAN_POINT('Ctrl Pts',(6.70611844409414,-21.4626932277297,13.1252795971696));
#4348=CARTESIAN_POINT('Ctrl Pts',(6.73017524484075,-21.4551812979729,13.1414190141252));
#4349=CARTESIAN_POINT('Ctrl Pts',(6.75319699618191,-21.4479468514687,13.1589610603007));
#4350=CARTESIAN_POINT('Ctrl Pts',(6.77516601154521,-21.4410074915079,13.1778619101021));
#4351=CARTESIAN_POINT('Ctrl Pts',(6.79693575071232,-21.4341310769834,13.1965913143749));
#4352=CARTESIAN_POINT('Ctrl Pts',(6.8176726489496,-21.4275441473873,13.2166558454289));
#4353=CARTESIAN_POINT('Ctrl Pts',(6.83732798635414,-21.4212735535721,13.2380509294859));
#4354=CARTESIAN_POINT('Ctrl Pts',(6.85198664427946,-21.4165970380875,13.2540070645561));
#4355=CARTESIAN_POINT('Ctrl Pts',(6.86604315506981,-21.4120966485238,13.2707041279962));
#4356=CARTESIAN_POINT('Ctrl Pts',(6.87946154784059,-21.4077883858472,13.2881496037917));
#4357=CARTESIAN_POINT('Ctrl Pts',(6.89665325279356,-21.4022686203983,13.3105008255636));
#4358=CARTESIAN_POINT('Ctrl Pts',(6.91278256560037,-21.3970688351969,13.3340713073477));
#4359=CARTESIAN_POINT('Ctrl Pts',(6.92765443317177,-21.3922596801248,13.358700352072));
#4360=CARTESIAN_POINT('Ctrl Pts',(6.94248266673447,-21.3874646350971,13.3832571352631));
#4361=CARTESIAN_POINT('Ctrl Pts',(6.95606028893438,-21.3830580961028,13.4088658140013));
#4362=CARTESIAN_POINT('Ctrl Pts',(6.9682265674471,-21.3791000317435,13.4353282017359));
#4363=CARTESIAN_POINT('Ctrl Pts',(6.97982692680366,-21.3753260782805,13.460559681258));
#4364=CARTESIAN_POINT('Ctrl Pts',(6.99014408538979,-21.37195987927,13.4865665943376));
#4365=CARTESIAN_POINT('Ctrl Pts',(6.99907253124412,-21.369042983882,13.5131506507347));
#4366=CARTESIAN_POINT('Ctrl Pts',(7.00647287279781,-21.3666253153986,13.5351848435193));
#4367=CARTESIAN_POINT('Ctrl Pts',(7.01292488374588,-21.3645145550081,13.5576381838171));
#4368=CARTESIAN_POINT('Ctrl Pts',(7.01836808737949,-21.3627313131308,13.5803037527763));
#4369=CARTESIAN_POINT('Ctrl Pts',(7.02381988939618,-21.3609452543468,13.6030051255117));
#4370=CARTESIAN_POINT('Ctrl Pts',(7.02825957059926,-21.3594877878378,13.6259186893218));
#4371=CARTESIAN_POINT('Ctrl Pts',(7.031675542921,-21.3583644490617,13.648826377558));
#4372=CARTESIAN_POINT('Ctrl Pts',(7.0351205462636,-21.3572315634661,13.6719287493315));
#4373=CARTESIAN_POINT('Ctrl Pts',(7.03752437900988,-21.356438505144,13.6950244164632));
#4374=CARTESIAN_POINT('Ctrl Pts',(7.038926077919,-21.3559752400439,13.7178902826963));
#4375=CARTESIAN_POINT('Ctrl Pts',(7.03993804275282,-21.3556407830595,13.7343984303249));
#4376=CARTESIAN_POINT('Ctrl Pts',(7.04042877632012,-21.3554778812214,13.750786791601));
#4377=CARTESIAN_POINT('Ctrl Pts',(7.04042877632012,-21.3554778812214,13.76697475494));
#4378=CARTESIAN_POINT('Origin',(0.,0.,13.25998340339));
#4379=CARTESIAN_POINT('',(6.31277490077976,-21.5816778783706,13.00497475494));
#4380=CARTESIAN_POINT('',(6.31277490077976,-21.5816778783706,13.00497475494));
#4381=CARTESIAN_POINT('',(-6.31277490077979,-21.5816778783706,13.00497475494));
#4382=CARTESIAN_POINT('',(-6.45595844536886,-22.0711838698519,13.51499205184));
#4383=CARTESIAN_POINT('Origin',(0.,0.,13.00497475494));
#4384=CARTESIAN_POINT('Ctrl Pts',(6.31981489375861,-21.579617391354,13.0050100547903));
#4385=CARTESIAN_POINT('Ctrl Pts',(6.31746834113766,-21.580304601943,13.0049865209561));
#4386=CARTESIAN_POINT('Ctrl Pts',(6.31512167699879,-21.5809914317422,13.00497475494));
#4387=CARTESIAN_POINT('Ctrl Pts',(6.31277490077976,-21.5816778783706,13.00497475494));
#4388=CARTESIAN_POINT('Ctrl Pts',(6.36759596783148,-21.7427704764323,13.1750040538068));
#4389=CARTESIAN_POINT('Ctrl Pts',(6.36523167421333,-21.7434628832222,13.1749883645841));
#4390=CARTESIAN_POINT('Ctrl Pts',(6.36286726803896,-21.7441549056773,13.1749805205733));
#4391=CARTESIAN_POINT('Ctrl Pts',(6.36050274897611,-21.7448465421977,13.1749805205733));
#4392=CARTESIAN_POINT('Ctrl Pts',(6.41537704190435,-21.9059235615106,13.3449980528234));
#4393=CARTESIAN_POINT('Ctrl Pts',(6.412995007289,-21.9066211645013,13.344990208212));
#4394=CARTESIAN_POINT('Ctrl Pts',(6.41061285907914,-21.9073183796123,13.3449862862066));
#4395=CARTESIAN_POINT('Ctrl Pts',(6.40823059717246,-21.9080152060248,13.3449862862066));
#4396=CARTESIAN_POINT('Ctrl Pts',(6.46315811597722,-22.0690766465889,13.51499205184));
#4397=CARTESIAN_POINT('Ctrl Pts',(6.46075834036468,-22.0697794457805,13.51499205184));
#4398=CARTESIAN_POINT('Ctrl Pts',(6.45835845011931,-22.0704818535473,13.51499205184));
#4399=CARTESIAN_POINT('Ctrl Pts',(6.45595844536882,-22.0711838698519,13.51499205184));
#4400=CARTESIAN_POINT('Ctrl Pts',(6.31277490077976,-21.5816778783706,13.00497475494));
#4401=CARTESIAN_POINT('Ctrl Pts',(6.31394830763376,-21.5813346495735,13.00497475494));
#4402=CARTESIAN_POINT('Ctrl Pts',(6.31512168459559,-21.5809913255806,13.0049776966054));
#4403=CARTESIAN_POINT('Ctrl Pts',(6.31746835918728,-21.5803044933537,13.00498946326));
#4404=CARTESIAN_POINT('Ctrl Pts',(6.31864165304745,-21.5799609862229,13.0049982882303));
#4405=CARTESIAN_POINT('Ctrl Pts',(6.31981489375861,-21.579617391354,13.0050100547903));
#4406=CARTESIAN_POINT('Ctrl Pts',(-6.31981489375864,-21.579617391354,13.0050100547903));
#4407=CARTESIAN_POINT('Ctrl Pts',(-6.42242474298357,-21.549567106401,13.0060391402445));
#4408=CARTESIAN_POINT('Ctrl Pts',(-6.58750950724003,-21.4998289696034,13.0450888616286));
#4409=CARTESIAN_POINT('Ctrl Pts',(-6.81530980466996,-21.4286197735306,13.1962434604081));
#4410=CARTESIAN_POINT('Ctrl Pts',(-6.98640306039974,-21.3733330852532,13.4151950936536));
#4411=CARTESIAN_POINT('Ctrl Pts',(-7.04042877632015,-21.3554778812214,13.656251950799));
#4412=CARTESIAN_POINT('Ctrl Pts',(-7.04042877632015,-21.3554778812214,13.76697475494));
#4413=CARTESIAN_POINT('Ctrl Pts',(-6.36759638347265,-21.7427718956791,13.1750055325617));
#4414=CARTESIAN_POINT('Ctrl Pts',(-6.44757522686883,-21.7193493108949,13.1756915865473));
#4415=CARTESIAN_POINT('Ctrl Pts',(-6.57633185301826,-21.680661777265,13.2060644264173));
#4416=CARTESIAN_POINT('Ctrl Pts',(-6.75375691979352,-21.6255375537505,13.323826927201));
#4417=CARTESIAN_POINT('Ctrl Pts',(-6.88665774255948,-21.582974246397,13.4941448411015));
#4418=CARTESIAN_POINT('Ctrl Pts',(-6.92849021489577,-21.5692952316799,13.6811090697202));
#4419=CARTESIAN_POINT('Ctrl Pts',(-6.92849021489577,-21.5692952316799,13.76697475494));
#4420=CARTESIAN_POINT('Ctrl Pts',(-6.41537787318666,-21.9059264000041,13.3450010103333));
#4421=CARTESIAN_POINT('Ctrl Pts',(-6.47272571075409,-21.8891315153888,13.3453440328501));
#4422=CARTESIAN_POINT('Ctrl Pts',(-6.56515419879649,-21.8614945849266,13.3670399912059));
#4423=CARTESIAN_POINT('Ctrl Pts',(-6.69220403491708,-21.8224553339705,13.4514103939939));
#4424=CARTESIAN_POINT('Ctrl Pts',(-6.78691242471921,-21.7926154075408,13.5730945885493));
#4425=CARTESIAN_POINT('Ctrl Pts',(-6.81655165347138,-21.7831125821385,13.7059661886414));
#4426=CARTESIAN_POINT('Ctrl Pts',(-6.81655165347138,-21.7831125821385,13.76697475494));
#4427=CARTESIAN_POINT('Ctrl Pts',(-6.46315936290067,-22.0690809043292,13.5149964881048));
#4428=CARTESIAN_POINT('Ctrl Pts',(-6.49787619463936,-22.0589137198828,13.514996479153));
#4429=CARTESIAN_POINT('Ctrl Pts',(-6.55397654457472,-22.0423273925881,13.5280155559946));
#4430=CARTESIAN_POINT('Ctrl Pts',(-6.63065115004062,-22.0193731141904,13.5789938607868));
#4431=CARTESIAN_POINT('Ctrl Pts',(-6.68716710687894,-22.0022565686845,13.6520443359972));
#4432=CARTESIAN_POINT('Ctrl Pts',(-6.70461309204699,-21.996929932597,13.7308233075626));
#4433=CARTESIAN_POINT('Ctrl Pts',(-6.70461309204699,-21.996929932597,13.76697475494));
#4434=CARTESIAN_POINT('',(-7.04042877632015,-21.3554778812214,13.76697475494));
#4435=CARTESIAN_POINT('',(-6.70461601323707,-21.9969243527404,13.76697475494));
#4436=CARTESIAN_POINT('',(-6.31981489375864,-21.579617391354,13.0050100547903));
#4437=CARTESIAN_POINT('Ctrl Pts',(-7.04042877632018,-21.3554778812214,13.76697475494));
#4438=CARTESIAN_POINT('Ctrl Pts',(-7.04042877632018,-21.3554778812214,13.744968611545));
#4439=CARTESIAN_POINT('Ctrl Pts',(-7.03952053385624,-21.3557815365229,13.7225464697991));
#4440=CARTESIAN_POINT('Ctrl Pts',(-7.03762345728301,-21.3564106508055,13.6999251868411));
#4441=CARTESIAN_POINT('Ctrl Pts',(-7.03571146507548,-21.357044711456,13.6771260455991));
#4442=CARTESIAN_POINT('Ctrl Pts',(-7.03279469935391,-21.358009470514,13.654125312254));
#4443=CARTESIAN_POINT('Ctrl Pts',(-7.02884184532807,-21.359311454857,13.6311543952163));
#4444=CARTESIAN_POINT('Ctrl Pts',(-7.02497643585463,-21.3605846368619,13.6086916379906));
#4445=CARTESIAN_POINT('Ctrl Pts',(-7.02012040783986,-21.3621802469954,13.5862581103425));
#4446=CARTESIAN_POINT('Ctrl Pts',(-7.0142942279986,-21.3640890388337,13.5640685751668));
#4447=CARTESIAN_POINT('Ctrl Pts',(-7.00827034554964,-21.3660626026383,13.5411260716504));
#4448=CARTESIAN_POINT('Ctrl Pts',(-7.00120921865456,-21.3683710048838,13.5184452566319));
#4449=CARTESIAN_POINT('Ctrl Pts',(-6.99318793385094,-21.3709872208503,13.4962496714403));
#4450=CARTESIAN_POINT('Ctrl Pts',(-6.98516664904732,-21.3736034368167,13.4740540862487));
#4451=CARTESIAN_POINT('Ctrl Pts',(-6.97618559301893,-21.3765273471957,13.4523444629083));
#4452=CARTESIAN_POINT('Ctrl Pts',(-6.96637304432696,-21.3797161323542,13.431318678711));
#4453=CARTESIAN_POINT('Ctrl Pts',(-6.95275773759842,-21.3841407002609,13.4021445558566));
#4454=CARTESIAN_POINT('Ctrl Pts',(-6.93754204984808,-21.3890750795727,13.3742577284436));
#4455=CARTESIAN_POINT('Ctrl Pts',(-6.92088005616151,-21.3944579132629,13.3476885097679));
#4456=CARTESIAN_POINT('Ctrl Pts',(-6.90378137213753,-21.399981824396,13.3204229445872));
#4457=CARTESIAN_POINT('Ctrl Pts',(-6.88515914003103,-21.4059781396219,13.2945436071713));
#4458=CARTESIAN_POINT('Ctrl Pts',(-6.86512648774555,-21.4123970206508,13.2700875357451));
#4459=CARTESIAN_POINT('Ctrl Pts',(-6.84474509760152,-21.4189276445878,13.2452057214938));
#4460=CARTESIAN_POINT('Ctrl Pts',(-6.82290295804349,-21.4258959202159,13.2217958649181));
#4461=CARTESIAN_POINT('Ctrl Pts',(-6.79967419222784,-21.4332632503,13.1999216848403));
#4462=CARTESIAN_POINT('Ctrl Pts',(-6.78881186201317,-21.4367083912433,13.1896927915334));
#4463=CARTESIAN_POINT('Ctrl Pts',(-6.77764575525892,-21.4402409670609,13.1798001786368));
#4464=CARTESIAN_POINT('Ctrl Pts',(-6.76618100425151,-21.4438577860281,13.1702533302967));
#4465=CARTESIAN_POINT('Ctrl Pts',(-6.73520481685137,-21.4536299356412,13.144459053293));
#4466=CARTESIAN_POINT('Ctrl Pts',(-6.70210176656627,-21.4640006328893,13.1212398540502));
#4467=CARTESIAN_POINT('Ctrl Pts',(-6.66720529954333,-21.4748304543748,13.1009323612768));
#4468=CARTESIAN_POINT('Ctrl Pts',(-6.65503339902151,-21.4786079000888,13.0938491003346));
#4469=CARTESIAN_POINT('Ctrl Pts',(-6.6426437001252,-21.4824410827654,13.0871198917546));
#4470=CARTESIAN_POINT('Ctrl Pts',(-6.6300516729953,-21.4863236785641,13.0807583799657));
#4471=CARTESIAN_POINT('Ctrl Pts',(-6.60900336199003,-21.4928136648891,13.0701247403447));
#4472=CARTESIAN_POINT('Ctrl Pts',(-6.58736734905734,-21.4994486204474,13.0605118338383));
#4473=CARTESIAN_POINT('Ctrl Pts',(-6.56533251705789,-21.5061699391171,13.0520184382193));
#4474=CARTESIAN_POINT('Ctrl Pts',(-6.54325733380881,-21.5129035661906,13.0435094890837));
#4475=CARTESIAN_POINT('Ctrl Pts',(-6.5207825270349,-21.5197236700866,13.036124417771));
#4476=CARTESIAN_POINT('Ctrl Pts',(-6.49811502674657,-21.5265660745676,13.0299132565212));
#4477=CARTESIAN_POINT('Ctrl Pts',(-6.4753926817687,-21.5334250344494,13.0236870671824));
#4478=CARTESIAN_POINT('Ctrl Pts',(-6.45247741067359,-21.5403061866782,13.0186405532339));
#4479=CARTESIAN_POINT('Ctrl Pts',(-6.42958445312144,-21.5471427887389,13.0147720389762));
#4480=CARTESIAN_POINT('Ctrl Pts',(-6.40649342395585,-21.5540385416017,13.0108700540383));
#4481=CARTESIAN_POINT('Ctrl Pts',(-6.383425801813,-21.5608887523224,13.0081664720732));
#4482=CARTESIAN_POINT('Ctrl Pts',(-6.3605986911955,-21.567626094312,13.00660649888));
#4483=CARTESIAN_POINT('Ctrl Pts',(-6.34690273960616,-21.5716684065992,13.0056705364758));
#4484=CARTESIAN_POINT('Ctrl Pts',(-6.33329324165984,-21.5756701270496,13.0051452306226));
#4485=CARTESIAN_POINT('Ctrl Pts',(-6.31981489375864,-21.579617391354,13.0050100547903));
#4486=CARTESIAN_POINT('',(-6.31981489375864,-21.579617391354,13.0050100547903));
#4487=CARTESIAN_POINT('Origin',(-6.87252239477861,-21.6762011169809,16.12446738056));
#4488=CARTESIAN_POINT('',(-7.04042877632015,-21.3554778812214,16.12446738056));
#4489=CARTESIAN_POINT('Ctrl Pts',(-6.31277490077979,-21.5816778783706,13.00497475494));
#4490=CARTESIAN_POINT('Ctrl Pts',(-6.31512167699882,-21.5809914317422,13.00497475494));
#4491=CARTESIAN_POINT('Ctrl Pts',(-6.3174683411377,-21.580304601943,13.0049865209561));
#4492=CARTESIAN_POINT('Ctrl Pts',(-6.31981489375864,-21.579617391354,13.0050100547903));
#4493=CARTESIAN_POINT('Ctrl Pts',(-6.36050274897615,-21.7448465421977,13.1749805205733));
#4494=CARTESIAN_POINT('Ctrl Pts',(-6.362867268039,-21.7441549056772,13.1749805205733));
#4495=CARTESIAN_POINT('Ctrl Pts',(-6.36523167421337,-21.7434628832221,13.1749883645841));
#4496=CARTESIAN_POINT('Ctrl Pts',(-6.36759596783151,-21.7427704764323,13.1750040538068));
#4497=CARTESIAN_POINT('Ctrl Pts',(-6.4082305971725,-21.9080152060248,13.3449862862066));
#4498=CARTESIAN_POINT('Ctrl Pts',(-6.41061285907917,-21.9073183796123,13.3449862862066));
#4499=CARTESIAN_POINT('Ctrl Pts',(-6.41299500728904,-21.9066211645013,13.344990208212));
#4500=CARTESIAN_POINT('Ctrl Pts',(-6.41537704190438,-21.9059235615106,13.3449980528234));
#4501=CARTESIAN_POINT('Ctrl Pts',(-6.45595844536886,-22.0711838698519,13.51499205184));
#4502=CARTESIAN_POINT('Ctrl Pts',(-6.45835845011935,-22.0704818535473,13.51499205184));
#4503=CARTESIAN_POINT('Ctrl Pts',(-6.46075834036471,-22.0697794457805,13.51499205184));
#4504=CARTESIAN_POINT('Ctrl Pts',(-6.46315811597725,-22.0690766465889,13.51499205184));
#4505=CARTESIAN_POINT('Ctrl Pts',(-6.31981489375864,-21.579617391354,13.0050100547903));
#4506=CARTESIAN_POINT('Ctrl Pts',(-6.31864165304754,-21.5799609862229,13.0049982882303));
#4507=CARTESIAN_POINT('Ctrl Pts',(-6.31746835918743,-21.5803044933536,13.00498946326));
#4508=CARTESIAN_POINT('Ctrl Pts',(-6.3151216845956,-21.5809913255806,13.0049776966054));
#4509=CARTESIAN_POINT('Ctrl Pts',(-6.31394830763376,-21.5813346495735,13.00497475494));
#4510=CARTESIAN_POINT('Ctrl Pts',(-6.31277490077979,-21.5816778783706,13.00497475494));
#4511=CARTESIAN_POINT('Origin',(6.01537453069492,-20.6177898948832,13.76697475494));
#4512=CARTESIAN_POINT('',(6.01537453069492,-20.6177898948832,13.00497475494));
#4513=CARTESIAN_POINT('',(6.74350392064498,-20.3931310613356,13.76697475494));
#4514=CARTESIAN_POINT('Origin',(-1.71186841648572E-14,-21.9310975752361,
13.00497475494));
#4515=CARTESIAN_POINT('',(-6.16234707496779,-21.0941345251428,13.00497475494));
#4516=CARTESIAN_POINT('Origin',(-6.16234707496779,-21.0941345251428,13.76697475494));
#4517=CARTESIAN_POINT('',(-6.89047646491785,-20.8694756915953,13.76697475494));
#4518=CARTESIAN_POINT('Origin',(-7.19033741770831,-21.8413385343663,16.12446738056));
#4519=CARTESIAN_POINT('',(-3.80123048945013,-10.8570904583802,15.36246738056));
#4520=CARTESIAN_POINT('Origin',(-4.52935987940019,-10.6324316248326,15.36246738056));
#4521=CARTESIAN_POINT('Ctrl Pts',(-21.3554453502064,-7.04044566014487,13.7674891499754));
#4522=CARTESIAN_POINT('Ctrl Pts',(-21.3554263635464,-7.0405031395734,13.6842945180627));
#4523=CARTESIAN_POINT('Ctrl Pts',(-21.3645927456447,-7.01275383643623,13.5074857283783));
#4524=CARTESIAN_POINT('Ctrl Pts',(-21.4095458227888,-6.87465689390194,13.2521894886454));
#4525=CARTESIAN_POINT('Ctrl Pts',(-21.4824439658755,-6.64486451164961,13.0614922738208));
#4526=CARTESIAN_POINT('Ctrl Pts',(-21.5496452171697,-6.42207616714104,13.0059272427228));
#4527=CARTESIAN_POINT('Ctrl Pts',(-21.5797321238036,-6.31933090741633,13.0049795553379));
#4528=CARTESIAN_POINT('Ctrl Pts',(-21.569272848379,-6.92850181904235,13.7673736674583));
#4529=CARTESIAN_POINT('Ctrl Pts',(-21.5692582997913,-6.92854633287604,13.7028563639963));
#4530=CARTESIAN_POINT('Ctrl Pts',(-21.5762820362727,-6.90705648476605,13.5657423926044));
#4531=CARTESIAN_POINT('Ctrl Pts',(-21.6108322632734,-6.79990367192307,13.367420129842));
#4532=CARTESIAN_POINT('Ctrl Pts',(-21.6671454550077,-6.62107178469208,13.2188411968324));
#4533=CARTESIAN_POINT('Ctrl Pts',(-21.7194123805004,-6.44730370034698,13.1756068448541));
#4534=CARTESIAN_POINT('Ctrl Pts',(-21.7428635925081,-6.36721980862176,13.1749846639206));
#4535=CARTESIAN_POINT('Ctrl Pts',(-21.7831003465516,-6.81655797793982,13.7672581849412));
#4536=CARTESIAN_POINT('Ctrl Pts',(-21.7830902360363,-6.81658952617868,13.7214182099297));
#4537=CARTESIAN_POINT('Ctrl Pts',(-21.7879713269008,-6.80135913309587,13.6239990568305));
#4538=CARTESIAN_POINT('Ctrl Pts',(-21.812118703758,-6.7251504499442,13.4826507710386));
#4539=CARTESIAN_POINT('Ctrl Pts',(-21.8518469441399,-6.59727905773456,13.376190119844));
#4540=CARTESIAN_POINT('Ctrl Pts',(-21.8891795438311,-6.47253123355292,13.3452864469853));
#4541=CARTESIAN_POINT('Ctrl Pts',(-21.9059950612126,-6.41510870982717,13.3449897725035));
#4542=CARTESIAN_POINT('Ctrl Pts',(-21.9969278447242,-6.70461413683729,13.7671427024241));
#4543=CARTESIAN_POINT('Ctrl Pts',(-21.9969221722812,-6.70463271948131,13.7399800558633));
#4544=CARTESIAN_POINT('Ctrl Pts',(-21.9996606175288,-6.6956617814257,13.6822557210567));
#4545=CARTESIAN_POINT('Ctrl Pts',(-22.0134051442425,-6.65039722796534,13.5978814122352));
#4546=CARTESIAN_POINT('Ctrl Pts',(-22.036548433272,-6.57348633077703,13.5335390428556));
#4547=CARTESIAN_POINT('Ctrl Pts',(-22.0589467071618,-6.49775876675884,13.5149660491167));
#4548=CARTESIAN_POINT('Ctrl Pts',(-22.0691265299171,-6.46299761103258,13.5149948810864));
#4549=CARTESIAN_POINT('',(-21.579617391354,-6.31981489375861,13.0050100547903));
#4550=CARTESIAN_POINT('',(-22.0690766465889,-6.46315811597722,13.51499205184));
#4551=CARTESIAN_POINT('Ctrl Pts',(-21.579617391354,-6.31981489375861,13.0050100547903));
#4552=CARTESIAN_POINT('Ctrl Pts',(-21.5734217954727,-6.34097040560262,13.0052222257435));
#4553=CARTESIAN_POINT('Ctrl Pts',(-21.567067572021,-6.36252406603455,13.0063991045332));
#4554=CARTESIAN_POINT('Ctrl Pts',(-21.5606198029933,-6.38426764288825,13.0086276977001));
#4555=CARTESIAN_POINT('Ctrl Pts',(-21.5542494069338,-6.40575029769673,13.0108295478389));
#4556=CARTESIAN_POINT('Ctrl Pts',(-21.5477878959615,-6.42741769317452,13.0140581964717));
#4557=CARTESIAN_POINT('Ctrl Pts',(-21.5413008066859,-6.44906002763517,13.0183476041307));
#4558=CARTESIAN_POINT('Ctrl Pts',(-21.5348399318872,-6.47061490492473,13.0226196781947));
#4559=CARTESIAN_POINT('Ctrl Pts',(-21.5283538924213,-6.49214425137081,13.0279439914642));
#4560=CARTESIAN_POINT('Ctrl Pts',(-21.5219071615062,-6.51344168032875,13.0343025907185));
#4561=CARTESIAN_POINT('Ctrl Pts',(-21.5154616589649,-6.53473505122969,13.0406599783918));
#4562=CARTESIAN_POINT('Ctrl Pts',(-21.5090556566323,-6.55579592329625,13.0480511255237));
#4563=CARTESIAN_POINT('Ctrl Pts',(-21.5027502003833,-6.57642901658695,13.0564071791288));
#4564=CARTESIAN_POINT('Ctrl Pts',(-21.4970176078514,-6.59518755075755,13.0640040680137));
#4565=CARTESIAN_POINT('Ctrl Pts',(-21.4913681822371,-6.61359230813136,13.0723977048329));
#4566=CARTESIAN_POINT('Ctrl Pts',(-21.4858432823626,-6.63151117601484,13.0815021695596));
#4567=CARTESIAN_POINT('Ctrl Pts',(-21.4778615039876,-6.65739842020503,13.0946553164622));
#4568=CARTESIAN_POINT('Ctrl Pts',(-21.4701408235444,-6.68226767147556,13.1092784019957));
#4569=CARTESIAN_POINT('Ctrl Pts',(-21.4626932277297,-6.70611844409413,13.1252795971696));
#4570=CARTESIAN_POINT('Ctrl Pts',(-21.4551812979729,-6.73017524484073,13.1414190141252));
#4571=CARTESIAN_POINT('Ctrl Pts',(-21.4479468514687,-6.75319699618188,13.1589610603007));
#4572=CARTESIAN_POINT('Ctrl Pts',(-21.4410074915079,-6.77516601154518,13.1778619101021));
#4573=CARTESIAN_POINT('Ctrl Pts',(-21.4341310769834,-6.79693575071228,13.1965913143749));
#4574=CARTESIAN_POINT('Ctrl Pts',(-21.4275441473874,-6.81767264894955,13.2166558454288));
#4575=CARTESIAN_POINT('Ctrl Pts',(-21.4212735535721,-6.83732798635409,13.2380509294859));
#4576=CARTESIAN_POINT('Ctrl Pts',(-21.4165970380875,-6.85198664427943,13.254007064556));
#4577=CARTESIAN_POINT('Ctrl Pts',(-21.4120966485238,-6.86604315506979,13.2707041279961));
#4578=CARTESIAN_POINT('Ctrl Pts',(-21.4077883858472,-6.87946154784059,13.2881496037917));
#4579=CARTESIAN_POINT('Ctrl Pts',(-21.4022686203983,-6.89665325279356,13.3105008255636));
#4580=CARTESIAN_POINT('Ctrl Pts',(-21.3970688351969,-6.91278256560037,13.3340713073477));
#4581=CARTESIAN_POINT('Ctrl Pts',(-21.3922596801248,-6.92765443317178,13.358700352072));
#4582=CARTESIAN_POINT('Ctrl Pts',(-21.3874646350971,-6.94248266673447,13.3832571352631));
#4583=CARTESIAN_POINT('Ctrl Pts',(-21.3830580961028,-6.95606028893438,13.4088658140013));
#4584=CARTESIAN_POINT('Ctrl Pts',(-21.3791000317435,-6.96822656744711,13.4353282017359));
#4585=CARTESIAN_POINT('Ctrl Pts',(-21.3753260782805,-6.97982692680366,13.460559681258));
#4586=CARTESIAN_POINT('Ctrl Pts',(-21.37195987927,-6.9901440853898,13.4865665943376));
#4587=CARTESIAN_POINT('Ctrl Pts',(-21.369042983882,-6.99907253124412,13.5131506507347));
#4588=CARTESIAN_POINT('Ctrl Pts',(-21.3666253153986,-7.00647287279781,13.5351848435193));
#4589=CARTESIAN_POINT('Ctrl Pts',(-21.3645145550081,-7.01292488374588,13.5576381838171));
#4590=CARTESIAN_POINT('Ctrl Pts',(-21.3627313131308,-7.01836808737949,13.5803037527763));
#4591=CARTESIAN_POINT('Ctrl Pts',(-21.3609452543468,-7.02381988939618,13.6030051255117));
#4592=CARTESIAN_POINT('Ctrl Pts',(-21.3594877878378,-7.02825957059926,13.6259186893218));
#4593=CARTESIAN_POINT('Ctrl Pts',(-21.3583644490617,-7.031675542921,13.648826377558));
#4594=CARTESIAN_POINT('Ctrl Pts',(-21.3572315634661,-7.0351205462636,13.6719287493315));
#4595=CARTESIAN_POINT('Ctrl Pts',(-21.356438505144,-7.03752437900988,13.6950244164632));
#4596=CARTESIAN_POINT('Ctrl Pts',(-21.3559752400439,-7.038926077919,13.7178902826963));
#4597=CARTESIAN_POINT('Ctrl Pts',(-21.3556407830595,-7.03993804275282,13.7343984303249));
#4598=CARTESIAN_POINT('Ctrl Pts',(-21.3554778812214,-7.04042877632012,13.750786791601));
#4599=CARTESIAN_POINT('Ctrl Pts',(-21.3554778812214,-7.04042877632012,13.76697475494));
#4600=CARTESIAN_POINT('Origin',(0.,0.,13.25998340339));
#4601=CARTESIAN_POINT('',(-21.5816778783706,-6.31277490077976,13.00497475494));
#4602=CARTESIAN_POINT('',(-21.5816778783706,-6.31277490077976,13.00497475494));
#4603=CARTESIAN_POINT('',(-21.5816778783706,6.31277490077979,13.00497475494));
#4604=CARTESIAN_POINT('',(-22.0711838698519,6.45595844536885,13.51499205184));
#4605=CARTESIAN_POINT('Origin',(0.,0.,13.00497475494));
#4606=CARTESIAN_POINT('Ctrl Pts',(-21.579617391354,-6.31981489375861,13.0050100547903));
#4607=CARTESIAN_POINT('Ctrl Pts',(-21.580304601943,-6.31746834113766,13.0049865209561));
#4608=CARTESIAN_POINT('Ctrl Pts',(-21.5809914317422,-6.31512167699879,13.00497475494));
#4609=CARTESIAN_POINT('Ctrl Pts',(-21.5816778783706,-6.31277490077976,13.00497475494));
#4610=CARTESIAN_POINT('Ctrl Pts',(-21.7427704764323,-6.36759596783148,13.1750040538068));
#4611=CARTESIAN_POINT('Ctrl Pts',(-21.7434628832222,-6.36523167421334,13.1749883645841));
#4612=CARTESIAN_POINT('Ctrl Pts',(-21.7441549056773,-6.36286726803896,13.1749805205733));
#4613=CARTESIAN_POINT('Ctrl Pts',(-21.7448465421977,-6.36050274897611,13.1749805205733));
#4614=CARTESIAN_POINT('Ctrl Pts',(-21.9059235615106,-6.41537704190435,13.3449980528234));
#4615=CARTESIAN_POINT('Ctrl Pts',(-21.9066211645013,-6.41299500728901,13.344990208212));
#4616=CARTESIAN_POINT('Ctrl Pts',(-21.9073183796123,-6.41061285907914,13.3449862862066));
#4617=CARTESIAN_POINT('Ctrl Pts',(-21.9080152060248,-6.40823059717247,13.3449862862066));
#4618=CARTESIAN_POINT('Ctrl Pts',(-22.0690766465889,-6.46315811597722,13.51499205184));
#4619=CARTESIAN_POINT('Ctrl Pts',(-22.0697794457805,-6.46075834036468,13.51499205184));
#4620=CARTESIAN_POINT('Ctrl Pts',(-22.0704818535473,-6.45835845011931,13.51499205184));
#4621=CARTESIAN_POINT('Ctrl Pts',(-22.0711838698519,-6.45595844536882,13.51499205184));
#4622=CARTESIAN_POINT('Ctrl Pts',(-21.5816778783706,-6.31277490077976,13.00497475494));
#4623=CARTESIAN_POINT('Ctrl Pts',(-21.5813346495735,-6.31394830763376,13.00497475494));
#4624=CARTESIAN_POINT('Ctrl Pts',(-21.5809913255806,-6.31512168459559,13.0049776966054));
#4625=CARTESIAN_POINT('Ctrl Pts',(-21.5803044933537,-6.31746835918728,13.00498946326));
#4626=CARTESIAN_POINT('Ctrl Pts',(-21.5799609862229,-6.31864165304745,13.0049982882303));
#4627=CARTESIAN_POINT('Ctrl Pts',(-21.579617391354,-6.31981489375861,13.0050100547903));
#4628=CARTESIAN_POINT('Ctrl Pts',(-21.579617391354,6.31981489375864,13.0050100547903));
#4629=CARTESIAN_POINT('Ctrl Pts',(-21.549567106401,6.42242474298357,13.0060391402445));
#4630=CARTESIAN_POINT('Ctrl Pts',(-21.4998289696034,6.58750950724003,13.0450888616286));
#4631=CARTESIAN_POINT('Ctrl Pts',(-21.4286197735305,6.81530980466996,13.1962434604081));
#4632=CARTESIAN_POINT('Ctrl Pts',(-21.3733330852532,6.98640306039975,13.4151950936536));
#4633=CARTESIAN_POINT('Ctrl Pts',(-21.3554778812214,7.04042877632015,13.656251950799));
#4634=CARTESIAN_POINT('Ctrl Pts',(-21.3554778812214,7.04042877632015,13.76697475494));
#4635=CARTESIAN_POINT('Ctrl Pts',(-21.7427718956791,6.36759638347265,13.1750055325617));
#4636=CARTESIAN_POINT('Ctrl Pts',(-21.7193493108949,6.44757522686882,13.1756915865473));
#4637=CARTESIAN_POINT('Ctrl Pts',(-21.680661777265,6.57633185301826,13.2060644264173));
#4638=CARTESIAN_POINT('Ctrl Pts',(-21.6255375537505,6.75375691979351,13.323826927201));
#4639=CARTESIAN_POINT('Ctrl Pts',(-21.582974246397,6.88665774255948,13.4941448411015));
#4640=CARTESIAN_POINT('Ctrl Pts',(-21.5692952316799,6.92849021489577,13.6811090697202));
#4641=CARTESIAN_POINT('Ctrl Pts',(-21.5692952316799,6.92849021489577,13.76697475494));
#4642=CARTESIAN_POINT('Ctrl Pts',(-21.9059264000041,6.41537787318666,13.3450010103333));
#4643=CARTESIAN_POINT('Ctrl Pts',(-21.8891315153888,6.47272571075409,13.3453440328501));
#4644=CARTESIAN_POINT('Ctrl Pts',(-21.8614945849265,6.5651541987965,13.3670399912059));
#4645=CARTESIAN_POINT('Ctrl Pts',(-21.8224553339704,6.69220403491707,13.4514103939939));
#4646=CARTESIAN_POINT('Ctrl Pts',(-21.7926154075407,6.78691242471921,13.5730945885493));
#4647=CARTESIAN_POINT('Ctrl Pts',(-21.7831125821385,6.81655165347138,13.7059661886414));
#4648=CARTESIAN_POINT('Ctrl Pts',(-21.7831125821385,6.81655165347138,13.76697475494));
#4649=CARTESIAN_POINT('Ctrl Pts',(-22.0690809043292,6.46315936290067,13.5149964881048));
#4650=CARTESIAN_POINT('Ctrl Pts',(-22.0589137198828,6.49787619463936,13.514996479153));
#4651=CARTESIAN_POINT('Ctrl Pts',(-22.0423273925881,6.55397654457472,13.5280155559946));
#4652=CARTESIAN_POINT('Ctrl Pts',(-22.0193731141904,6.63065115004062,13.5789938607868));
#4653=CARTESIAN_POINT('Ctrl Pts',(-22.0022565686845,6.68716710687894,13.6520443359972));
#4654=CARTESIAN_POINT('Ctrl Pts',(-21.996929932597,6.70461309204699,13.7308233075626));
#4655=CARTESIAN_POINT('Ctrl Pts',(-21.996929932597,6.70461309204699,13.76697475494));
#4656=CARTESIAN_POINT('',(-21.3554778812214,7.04042877632015,13.76697475494));
#4657=CARTESIAN_POINT('',(-21.9969243527404,6.70461601323707,13.76697475494));
#4658=CARTESIAN_POINT('',(-21.579617391354,6.31981489375864,13.0050100547903));
#4659=CARTESIAN_POINT('Ctrl Pts',(-21.3554778812214,7.04042877632017,13.76697475494));
#4660=CARTESIAN_POINT('Ctrl Pts',(-21.3554778812214,7.04042877632017,13.744968611545));
#4661=CARTESIAN_POINT('Ctrl Pts',(-21.3557815365229,7.03952053385623,13.7225464697991));
#4662=CARTESIAN_POINT('Ctrl Pts',(-21.3564106508055,7.03762345728301,13.6999251868412));
#4663=CARTESIAN_POINT('Ctrl Pts',(-21.357044711456,7.03571146507547,13.6771260455991));
#4664=CARTESIAN_POINT('Ctrl Pts',(-21.358009470514,7.03279469935391,13.654125312254));
#4665=CARTESIAN_POINT('Ctrl Pts',(-21.359311454857,7.02884184532806,13.6311543952163));
#4666=CARTESIAN_POINT('Ctrl Pts',(-21.3605846368619,7.02497643585462,13.6086916379906));
#4667=CARTESIAN_POINT('Ctrl Pts',(-21.3621802469954,7.02012040783986,13.5862581103425));
#4668=CARTESIAN_POINT('Ctrl Pts',(-21.3640890388337,7.0142942279986,13.5640685751668));
#4669=CARTESIAN_POINT('Ctrl Pts',(-21.3660626026383,7.00827034554964,13.5411260716505));
#4670=CARTESIAN_POINT('Ctrl Pts',(-21.3683710048838,7.00120921865456,13.5184452566319));
#4671=CARTESIAN_POINT('Ctrl Pts',(-21.3709872208503,6.99318793385094,13.4962496714403));
#4672=CARTESIAN_POINT('Ctrl Pts',(-21.3736034368167,6.98516664904732,13.4740540862487));
#4673=CARTESIAN_POINT('Ctrl Pts',(-21.3765273471956,6.97618559301892,13.4523444629083));
#4674=CARTESIAN_POINT('Ctrl Pts',(-21.3797161323542,6.96637304432695,13.431318678711));
#4675=CARTESIAN_POINT('Ctrl Pts',(-21.3841407002608,6.95275773759842,13.4021445558566));
#4676=CARTESIAN_POINT('Ctrl Pts',(-21.3890750795726,6.93754204984809,13.3742577284436));
#4677=CARTESIAN_POINT('Ctrl Pts',(-21.3944579132629,6.92088005616154,13.3476885097679));
#4678=CARTESIAN_POINT('Ctrl Pts',(-21.3999818243959,6.90378137213758,13.3204229445873));
#4679=CARTESIAN_POINT('Ctrl Pts',(-21.4059781396219,6.88515914003109,13.2945436071715));
#4680=CARTESIAN_POINT('Ctrl Pts',(-21.4123970206507,6.86512648774564,13.2700875357452));
#4681=CARTESIAN_POINT('Ctrl Pts',(-21.4189276445877,6.84474509760164,13.245205721494));
#4682=CARTESIAN_POINT('Ctrl Pts',(-21.4258959202157,6.82290295804364,13.2217958649183));
#4683=CARTESIAN_POINT('Ctrl Pts',(-21.4332632502999,6.79967419222803,13.1999216848405));
#4684=CARTESIAN_POINT('Ctrl Pts',(-21.4367083912432,6.7888118620133,13.1896927915335));
#4685=CARTESIAN_POINT('Ctrl Pts',(-21.4402409670608,6.77764575525898,13.1798001786369));
#4686=CARTESIAN_POINT('Ctrl Pts',(-21.4438577860281,6.7661810042515,13.1702533302967));
#4687=CARTESIAN_POINT('Ctrl Pts',(-21.4536299356412,6.73520481685126,13.1444590532929));
#4688=CARTESIAN_POINT('Ctrl Pts',(-21.4640006328893,6.70210176656605,13.1212398540501));
#4689=CARTESIAN_POINT('Ctrl Pts',(-21.4748304543748,6.66720529954299,13.1009323612766));
#4690=CARTESIAN_POINT('Ctrl Pts',(-21.4786079000888,6.65503339902128,13.0938491003345));
#4691=CARTESIAN_POINT('Ctrl Pts',(-21.4824410827654,6.64264370012508,13.0871198917546));
#4692=CARTESIAN_POINT('Ctrl Pts',(-21.486323678564,6.63005167299529,13.0807583799657));
#4693=CARTESIAN_POINT('Ctrl Pts',(-21.4928136648891,6.60900336199003,13.0701247403447));
#4694=CARTESIAN_POINT('Ctrl Pts',(-21.4994486204474,6.58736734905733,13.0605118338383));
#4695=CARTESIAN_POINT('Ctrl Pts',(-21.5061699391171,6.56533251705789,13.0520184382193));
#4696=CARTESIAN_POINT('Ctrl Pts',(-21.5129035661905,6.5432573338088,13.0435094890837));
#4697=CARTESIAN_POINT('Ctrl Pts',(-21.5197236700866,6.52078252703489,13.036124417771));
#4698=CARTESIAN_POINT('Ctrl Pts',(-21.5265660745676,6.49811502674655,13.0299132565212));
#4699=CARTESIAN_POINT('Ctrl Pts',(-21.5334250344494,6.47539268176868,13.0236870671824));
#4700=CARTESIAN_POINT('Ctrl Pts',(-21.5403061866782,6.45247741067356,13.0186405532339));
#4701=CARTESIAN_POINT('Ctrl Pts',(-21.5471427887389,6.42958445312141,13.0147720389762));
#4702=CARTESIAN_POINT('Ctrl Pts',(-21.5540385416017,6.40649342395582,13.0108700540383));
#4703=CARTESIAN_POINT('Ctrl Pts',(-21.5608887523224,6.38342580181296,13.0081664720732));
#4704=CARTESIAN_POINT('Ctrl Pts',(-21.567626094312,6.36059869119546,13.00660649888));
#4705=CARTESIAN_POINT('Ctrl Pts',(-21.5716684065992,6.34690273960613,13.0056705364758));
#4706=CARTESIAN_POINT('Ctrl Pts',(-21.5756701270496,6.33329324165983,13.0051452306226));
#4707=CARTESIAN_POINT('Ctrl Pts',(-21.579617391354,6.31981489375864,13.0050100547903));
#4708=CARTESIAN_POINT('',(-21.579617391354,6.31981489375864,13.0050100547903));
#4709=CARTESIAN_POINT('Origin',(-21.6762011169809,6.87252239477861,16.12446738056));
#4710=CARTESIAN_POINT('',(-21.3554778812214,7.04042877632015,16.12446738056));
#4711=CARTESIAN_POINT('Ctrl Pts',(-21.5816778783706,6.31277490077979,13.00497475494));
#4712=CARTESIAN_POINT('Ctrl Pts',(-21.5809914317422,6.31512167699882,13.00497475494));
#4713=CARTESIAN_POINT('Ctrl Pts',(-21.580304601943,6.3174683411377,13.0049865209561));
#4714=CARTESIAN_POINT('Ctrl Pts',(-21.579617391354,6.31981489375864,13.0050100547903));
#4715=CARTESIAN_POINT('Ctrl Pts',(-21.7448465421977,6.36050274897614,13.1749805205733));
#4716=CARTESIAN_POINT('Ctrl Pts',(-21.7441549056772,6.362867268039,13.1749805205733));
#4717=CARTESIAN_POINT('Ctrl Pts',(-21.7434628832221,6.36523167421337,13.1749883645841));
#4718=CARTESIAN_POINT('Ctrl Pts',(-21.7427704764323,6.36759596783151,13.1750040538068));
#4719=CARTESIAN_POINT('Ctrl Pts',(-21.9080152060248,6.4082305971725,13.3449862862066));
#4720=CARTESIAN_POINT('Ctrl Pts',(-21.9073183796123,6.41061285907917,13.3449862862066));
#4721=CARTESIAN_POINT('Ctrl Pts',(-21.9066211645013,6.41299500728904,13.344990208212));
#4722=CARTESIAN_POINT('Ctrl Pts',(-21.9059235615106,6.41537704190438,13.3449980528234));
#4723=CARTESIAN_POINT('Ctrl Pts',(-22.0711838698519,6.45595844536885,13.51499205184));
#4724=CARTESIAN_POINT('Ctrl Pts',(-22.0704818535473,6.45835845011935,13.51499205184));
#4725=CARTESIAN_POINT('Ctrl Pts',(-22.0697794457805,6.46075834036471,13.51499205184));
#4726=CARTESIAN_POINT('Ctrl Pts',(-22.0690766465889,6.46315811597725,13.51499205184));
#4727=CARTESIAN_POINT('Ctrl Pts',(-21.579617391354,6.31981489375864,13.0050100547903));
#4728=CARTESIAN_POINT('Ctrl Pts',(-21.5799609862229,6.31864165304754,13.0049982882303));
#4729=CARTESIAN_POINT('Ctrl Pts',(-21.5803044933536,6.31746835918741,13.00498946326));
#4730=CARTESIAN_POINT('Ctrl Pts',(-21.5809913255806,6.3151216845956,13.0049776966054));
#4731=CARTESIAN_POINT('Ctrl Pts',(-21.5813346495735,6.31394830763374,13.00497475494));
#4732=CARTESIAN_POINT('Ctrl Pts',(-21.5816778783706,6.31277490077979,13.00497475494));
#4733=CARTESIAN_POINT('Origin',(-20.6177898948832,-6.01537453069492,13.76697475494));
#4734=CARTESIAN_POINT('',(-20.6177898948832,-6.01537453069492,13.00497475494));
#4735=CARTESIAN_POINT('',(-20.3931310613356,-6.74350392064498,13.76697475494));
#4736=CARTESIAN_POINT('Origin',(-21.9310975752361,1.57757917424921E-14,
13.00497475494));
#4737=CARTESIAN_POINT('',(-21.0941345251428,6.16234707496778,13.00497475494));
#4738=CARTESIAN_POINT('Origin',(-21.0941345251428,6.16234707496778,13.76697475494));
#4739=CARTESIAN_POINT('',(-20.8694756915953,6.89047646491785,13.76697475494));
#4740=CARTESIAN_POINT('Origin',(-21.8413385343663,7.1903374177083,16.12446738056));
#4741=CARTESIAN_POINT('',(-10.8570904583802,3.80123048945013,15.36246738056));
#4742=CARTESIAN_POINT('Origin',(-10.6324316248326,4.52935987940019,15.36246738056));
#4743=CARTESIAN_POINT('Origin',(10.156086994573,4.38238733512733,15.36246738056));
#4744=CARTESIAN_POINT('',(10.3807458281206,3.65425794517727,15.36246738056));
#4745=CARTESIAN_POINT('Origin',(20.888649273847,6.89639232916261,16.12446738056));
#4746=CARTESIAN_POINT('Origin',(0.,0.,16.12446738056));
#4747=CARTESIAN_POINT('Origin',(4.38238733512733,-10.156086994573,15.36246738056));
#4748=CARTESIAN_POINT('',(3.65425794517727,-10.3807458281206,15.36246738056));
#4749=CARTESIAN_POINT('Origin',(6.89639232916261,-20.888649273847,16.12446738056));
#4750=CARTESIAN_POINT('Origin',(-10.156086994573,-4.38238733512733,15.36246738056));
#4751=CARTESIAN_POINT('',(-10.3807458281206,-3.65425794517727,15.36246738056));
#4752=CARTESIAN_POINT('Origin',(-20.888649273847,-6.89639232916262,16.12446738056));
#4753=CARTESIAN_POINT('Origin',(0.,0.,14.2131854709642));
#4754=CARTESIAN_POINT('',(6.70501087376552,21.9961701172838,13.9694709709142));
#4755=CARTESIAN_POINT('Origin',(0.,0.,13.9694709709142));
#4756=CARTESIAN_POINT('',(7.0258524334385,21.3833206100779,14.4568999710142));
#4757=CARTESIAN_POINT('Origin',(-6.35439272379665E-15,-6.11858427247744E-16,
14.4568999710142));
#4758=CARTESIAN_POINT('Ctrl Pts',(6.70501087376557,21.9961701172837,13.9694709709142));
#4759=CARTESIAN_POINT('Ctrl Pts',(6.86715006962161,21.6864629634461,14.2184435837182));
#4760=CARTESIAN_POINT('Ctrl Pts',(7.02585243343852,21.3833206100779,14.4568999710142));
#4761=CARTESIAN_POINT('Origin',(0.,0.,14.5004269780543));
#4762=CARTESIAN_POINT('',(7.0258524334385,21.3833206100779,14.5439539850944));
#4763=CARTESIAN_POINT('Origin',(-6.35439272379665E-15,-6.11858427247744E-16,
14.5439539850944));
#4764=CARTESIAN_POINT('',(7.0258524334385,21.3833206100779,14.5004269780543));
#4765=CARTESIAN_POINT('Origin',(0.,0.,14.7876684851444));
#4766=CARTESIAN_POINT('',(6.70501087376552,21.9961701172838,15.0313829851944));
#4767=CARTESIAN_POINT('Origin',(-6.35439272379665E-15,-6.11858427247744E-16,
15.0313829851944));
#4768=CARTESIAN_POINT('Ctrl Pts',(7.02585243343852,21.3833206100779,14.5439539850944));
#4769=CARTESIAN_POINT('Ctrl Pts',(6.86715006962131,21.6864629634467,14.7824103723908));
#4770=CARTESIAN_POINT('Ctrl Pts',(6.70501087376557,21.9961701172837,15.0313829851944));
#4771=CARTESIAN_POINT('Origin',(0.,23.1570919560217,15.0313829851944));
#4772=CARTESIAN_POINT('',(6.7046160132371,21.9969243527404,15.0313829851944));
#4773=CARTESIAN_POINT('Origin',(0.,0.,15.0313829851944));
#4774=CARTESIAN_POINT('',(15.5266428135707,5.14569478431484,15.0313829851944));
#4775=CARTESIAN_POINT('Origin',(0.,22.5079764245886,13.9694709709142));
#4776=CARTESIAN_POINT('',(15.5265125633626,5.1459435793149,13.9694709709142));
#4777=CARTESIAN_POINT('Ctrl Pts',(-7.76040903091614,21.1044073322772,16.12446738056));
#4778=CARTESIAN_POINT('Ctrl Pts',(-7.55220688151273,21.1809583320252,16.1244673806435));
#4779=CARTESIAN_POINT('Ctrl Pts',(-7.17618947189378,21.3116918834563,15.9413741592725));
#4780=CARTESIAN_POINT('Ctrl Pts',(-7.04042877632012,21.3554778812214,15.5282892693408));
#4781=CARTESIAN_POINT('Ctrl Pts',(-7.04042877632012,21.3554778812214,15.36246738056));
#4782=CARTESIAN_POINT('Ctrl Pts',(-7.82473131738358,21.2618875486514,16.2942062388135));
#4783=CARTESIAN_POINT('Ctrl Pts',(-7.5678507202142,21.3564463477857,16.2986698385988));
#4784=CARTESIAN_POINT('Ctrl Pts',(-7.09649315062653,21.5174039317745,16.0758999531041));
#4785=CARTESIAN_POINT('Ctrl Pts',(-6.92849118862576,21.5692933717277,15.5664623997624));
#4786=CARTESIAN_POINT('Ctrl Pts',(-6.92849118862576,21.5692933717277,15.36246738056));
#4787=CARTESIAN_POINT('Ctrl Pts',(-7.88905360385101,21.4193677650256,16.4639450970671));
#4788=CARTESIAN_POINT('Ctrl Pts',(-7.58349455891566,21.5319343635462,16.4728722965542));
#4789=CARTESIAN_POINT('Ctrl Pts',(-7.01679682935929,21.7231159800926,16.2104257469357));
#4790=CARTESIAN_POINT('Ctrl Pts',(-6.8165536009314,21.7831088622341,15.6046355301841));
#4791=CARTESIAN_POINT('Ctrl Pts',(-6.8165536009314,21.7831088622341,15.36246738056));
#4792=CARTESIAN_POINT('Ctrl Pts',(-7.95337589031844,21.5768479813999,16.6336839553206));
#4793=CARTESIAN_POINT('Ctrl Pts',(-7.59913839761713,21.7074223793066,16.6470747545095));
#4794=CARTESIAN_POINT('Ctrl Pts',(-6.93710050809204,21.9288280284108,16.3449515407673));
#4795=CARTESIAN_POINT('Ctrl Pts',(-6.70461601323704,21.9969243527404,15.6428086606058));
#4796=CARTESIAN_POINT('Ctrl Pts',(-6.70461601323704,21.9969243527404,15.36246738056));
#4797=CARTESIAN_POINT('Ctrl Pts',(-6.70806106170652,21.9958740144045,15.4534046150851));
#4798=CARTESIAN_POINT('Ctrl Pts',(-6.70691978649055,21.9962220680364,15.4381977956135));
#4799=CARTESIAN_POINT('Ctrl Pts',(-6.70605546043254,21.9964855690918,15.4229651515925));
#4800=CARTESIAN_POINT('Ctrl Pts',(-6.70490677184741,21.9968357361384,15.3926470327189));
#4801=CARTESIAN_POINT('Ctrl Pts',(-6.70461601323704,21.9969243527404,15.3775557590215));
#4802=CARTESIAN_POINT('Ctrl Pts',(-6.70461601323704,21.9969243527404,15.36246738056));
#4803=CARTESIAN_POINT('Ctrl Pts',(-7.04042877632012,21.3554778812214,15.36246738056));
#4804=CARTESIAN_POINT('Ctrl Pts',(-7.04042877632012,21.3554778812214,15.4590507466177));
#4805=CARTESIAN_POINT('Ctrl Pts',(-7.05845230576724,21.3515327619518,15.5600250843487));
#4806=CARTESIAN_POINT('Ctrl Pts',(-7.13453439441798,21.326076040475,15.750488136372));
#4807=CARTESIAN_POINT('Ctrl Pts',(-7.18793638704563,21.3069144632152,15.8342087659039));
#4808=CARTESIAN_POINT('Ctrl Pts',(-7.32201330284776,21.2616691877447,15.9739535073797));
#4809=CARTESIAN_POINT('Ctrl Pts',(-7.400768401972,21.2351400640787,16.0290422152693));
#4810=CARTESIAN_POINT('Ctrl Pts',(-7.57390833869417,21.1735104267482,16.1048881948696));
#4811=CARTESIAN_POINT('Ctrl Pts',(-7.6667040312783,21.138860441549,16.12446738056));
#4812=CARTESIAN_POINT('Ctrl Pts',(-7.76040903064598,21.1044073323765,16.12446738056));
#4813=CARTESIAN_POINT('Ctrl Pts',(-7.04042877632012,21.3554778812214,13.76697475494));
#4814=CARTESIAN_POINT('Ctrl Pts',(-7.04042877632012,21.3554778812214,13.656251950799));
#4815=CARTESIAN_POINT('Ctrl Pts',(-6.98640306039972,21.3733330852533,13.4151950936536));
#4816=CARTESIAN_POINT('Ctrl Pts',(-6.81530980466993,21.4286197735306,13.1962434604081));
#4817=CARTESIAN_POINT('Ctrl Pts',(-6.58750950724,21.4998289696034,13.0450888616287));
#4818=CARTESIAN_POINT('Ctrl Pts',(-6.42242474298354,21.549567106401,13.0060391402445));
#4819=CARTESIAN_POINT('Ctrl Pts',(-6.31981489375861,21.579617391354,13.0050100547903));
#4820=CARTESIAN_POINT('Ctrl Pts',(-6.92849060560937,21.5692944853656,13.76697475494));
#4821=CARTESIAN_POINT('Ctrl Pts',(-6.92849060560937,21.5692944853656,13.6811089829581));
#4822=CARTESIAN_POINT('Ctrl Pts',(-6.88665809071343,21.5829735146594,13.494144565533));
#4823=CARTESIAN_POINT('Ctrl Pts',(-6.75375713463947,21.6255368664229,13.3238264818799));
#4824=CARTESIAN_POINT('Ctrl Pts',(-6.57633189203305,21.6806611460809,13.2060638645435));
#4825=CARTESIAN_POINT('Ctrl Pts',(-6.44757513908281,21.7193487182821,13.1756909943874));
#4826=CARTESIAN_POINT('Ctrl Pts',(-6.36759621669471,21.7427713261998,13.1750049392045));
#4827=CARTESIAN_POINT('Ctrl Pts',(-6.81655243489862,21.7831110895098,13.76697475494));
#4828=CARTESIAN_POINT('Ctrl Pts',(-6.81655243489862,21.7831110895098,13.7059660151174));
#4829=CARTESIAN_POINT('Ctrl Pts',(-6.78691312102715,21.7926139440655,13.5730940374123));
#4830=CARTESIAN_POINT('Ctrl Pts',(-6.69220446460902,21.8224539593153,13.4514095033518));
#4831=CARTESIAN_POINT('Ctrl Pts',(-6.56515427682609,21.8614933225583,13.3670388674583));
#4832=CARTESIAN_POINT('Ctrl Pts',(-6.47272553518209,21.8891303301633,13.3453428485303));
#4833=CARTESIAN_POINT('Ctrl Pts',(-6.4153775396308,21.9059252610456,13.3449998236189));
#4834=CARTESIAN_POINT('Ctrl Pts',(-6.70461426418787,21.996927693654,13.76697475494));
#4835=CARTESIAN_POINT('Ctrl Pts',(-6.70461426418787,21.996927693654,13.7308230472765));
#4836=CARTESIAN_POINT('Ctrl Pts',(-6.68716815134086,22.0022543734716,13.6520435092917));
#4837=CARTESIAN_POINT('Ctrl Pts',(-6.63065179457858,22.0193710522076,13.5789925248236));
#4838=CARTESIAN_POINT('Ctrl Pts',(-6.55397666161914,22.0423254990358,13.5280138703731));
#4839=CARTESIAN_POINT('Ctrl Pts',(-6.49787593128135,22.0589119420444,13.5149947026733));
#4840=CARTESIAN_POINT('Ctrl Pts',(-6.4631588625669,22.0690791958914,13.5149947080332));
#4841=CARTESIAN_POINT('',(-6.31981489375861,21.579617391354,13.0050100547903));
#4842=CARTESIAN_POINT('',(-6.46315811597722,22.0690766465889,13.51499205184));
#4843=CARTESIAN_POINT('Ctrl Pts',(-6.31981489375861,21.579617391354,13.0050100547903));
#4844=CARTESIAN_POINT('Ctrl Pts',(-6.34232010559399,21.5730265228001,13.005235762033));
#4845=CARTESIAN_POINT('Ctrl Pts',(-6.36519176549657,21.5662835831293,13.0065518015892));
#4846=CARTESIAN_POINT('Ctrl Pts',(-6.38821877528958,21.5594540475827,13.0090437969197));
#4847=CARTESIAN_POINT('Ctrl Pts',(-6.41102529771394,21.5526899059512,13.011511930989));
#4848=CARTESIAN_POINT('Ctrl Pts',(-6.43398354668115,21.5458410232807,13.0151337859417));
#4849=CARTESIAN_POINT('Ctrl Pts',(-6.45687873657645,21.538974002799,13.0199424354725));
#4850=CARTESIAN_POINT('Ctrl Pts',(-6.47969071967923,21.5321319387712,13.0247336091795));
#4851=CARTESIAN_POINT('Ctrl Pts',(-6.50243941015877,21.5252720817496,13.0307029978924));
#4852=CARTESIAN_POINT('Ctrl Pts',(-6.52491281030107,21.5184601711617,13.0378317008602));
#4853=CARTESIAN_POINT('Ctrl Pts',(-6.54736057724147,21.5116560302516,13.0449522728161));
#4854=CARTESIAN_POINT('Ctrl Pts',(-6.56953299601637,21.5048999379566,13.0532293731894));
#4855=CARTESIAN_POINT('Ctrl Pts',(-6.59122960324843,21.4982540737466,13.0625933848369));
#4856=CARTESIAN_POINT('Ctrl Pts',(-6.60435788188805,21.494232764967,13.0682594022367));
#4857=CARTESIAN_POINT('Ctrl Pts',(-6.61731221131784,21.4902517339816,13.0743223840129));
#4858=CARTESIAN_POINT('Ctrl Pts',(-6.63005167299529,21.4863236785641,13.0807583799657));
#4859=CARTESIAN_POINT('Ctrl Pts',(-6.66615263017209,21.4751923949974,13.0989966399618));
#4860=CARTESIAN_POINT('Ctrl Pts',(-6.70058711133274,21.4644683235152,13.1202588525055));
#4861=CARTESIAN_POINT('Ctrl Pts',(-6.73300592680174,21.4542957450623,13.1442160449571));
#4862=CARTESIAN_POINT('Ctrl Pts',(-6.74431362155025,21.4507475459598,13.1525723224878));
#4863=CARTESIAN_POINT('Ctrl Pts',(-6.75537649870332,21.4472663154042,13.1612562769991));
#4864=CARTESIAN_POINT('Ctrl Pts',(-6.76618100425148,21.4438577860281,13.1702533302967));
#4865=CARTESIAN_POINT('Ctrl Pts',(-6.79070419828843,21.4361213813498,13.1906741151994));
#4866=CARTESIAN_POINT('Ctrl Pts',(-6.81386293446466,21.4287698186806,13.2126741402749));
#4867=CARTESIAN_POINT('Ctrl Pts',(-6.83559911724141,21.4218367619307,13.2361719332001));
#4868=CARTESIAN_POINT('Ctrl Pts',(-6.85709355051155,21.4149808145364,13.2594083840164));
#4869=CARTESIAN_POINT('Ctrl Pts',(-6.87719782627256,21.4085338290773,13.2841106381075));
#4870=CARTESIAN_POINT('Ctrl Pts',(-6.89581872980198,21.4025397858961,13.3102319841322));
#4871=CARTESIAN_POINT('Ctrl Pts',(-6.91373157152658,21.3967736668339,13.3353600632415));
#4872=CARTESIAN_POINT('Ctrl Pts',(-6.93027212029535,21.3914265710785,13.3618025888939));
#4873=CARTESIAN_POINT('Ctrl Pts',(-6.94531362932802,21.3865511540326,13.3895302958772));
#4874=CARTESIAN_POINT('Ctrl Pts',(-6.95270237397258,21.384156233981,13.4031508007104));
#4875=CARTESIAN_POINT('Ctrl Pts',(-6.95972867932451,21.3818753524685,13.417081502514));
#4876=CARTESIAN_POINT('Ctrl Pts',(-6.96637304432692,21.3797161323543,13.431318678711));
#4877=CARTESIAN_POINT('Ctrl Pts',(-6.97588032388803,21.3766265505428,13.451690349174));
#4878=CARTESIAN_POINT('Ctrl Pts',(-6.98460727503064,21.3737855473054,13.4727038278773));
#4879=CARTESIAN_POINT('Ctrl Pts',(-6.99243653374778,21.3712322815688,13.494179562572));
#4880=CARTESIAN_POINT('Ctrl Pts',(-7.00045394018143,21.3686176573901,13.5161713883282));
#4881=CARTESIAN_POINT('Ctrl Pts',(-7.00752943571228,21.3663049374206,13.5386473747659));
#4882=CARTESIAN_POINT('Ctrl Pts',(-7.01358588892493,21.3643210847432,13.5613898757074));
#4883=CARTESIAN_POINT('Ctrl Pts',(-7.01949897415057,21.362384193704,13.5835940175689));
#4884=CARTESIAN_POINT('Ctrl Pts',(-7.02444073113061,21.3607607721425,13.6060514295425));
#4885=CARTESIAN_POINT('Ctrl Pts',(-7.02838864173276,21.3594607131545,13.6285466284028));
#4886=CARTESIAN_POINT('Ctrl Pts',(-7.03248013321722,21.3581133725447,13.651859951285));
#4887=CARTESIAN_POINT('Ctrl Pts',(-7.03550389454381,21.3571134289893,13.6752130719294));
#4888=CARTESIAN_POINT('Ctrl Pts',(-7.03749098491312,21.3564545778818,13.6983638844605));
#4889=CARTESIAN_POINT('Ctrl Pts',(-7.03947807528244,21.3557957267744,13.7215146969915));
#4890=CARTESIAN_POINT('Ctrl Pts',(-7.04042877632012,21.3554778812214,13.7444624306101));
#4891=CARTESIAN_POINT('Ctrl Pts',(-7.04042877632012,21.3554778812214,13.76697475494));
#4892=CARTESIAN_POINT('Origin',(0.,0.,13.25998340339));
#4893=CARTESIAN_POINT('',(-6.31277490077976,21.5816778783706,13.00497475494));
#4894=CARTESIAN_POINT('',(-6.31277490077976,21.5816778783706,13.00497475494));
#4895=CARTESIAN_POINT('',(6.31277490077979,21.5816778783706,13.00497475494));
#4896=CARTESIAN_POINT('',(6.45595844536885,22.0711838698519,13.51499205184));
#4897=CARTESIAN_POINT('Origin',(0.,0.,13.00497475494));
#4898=CARTESIAN_POINT('Ctrl Pts',(-6.31981489375861,21.579617391354,13.0050100547903));
#4899=CARTESIAN_POINT('Ctrl Pts',(-6.31746834113767,21.580304601943,13.0049865209561));
#4900=CARTESIAN_POINT('Ctrl Pts',(-6.31512167699879,21.5809914317422,13.00497475494));
#4901=CARTESIAN_POINT('Ctrl Pts',(-6.31277490077976,21.5816778783706,13.00497475494));
#4902=CARTESIAN_POINT('Ctrl Pts',(-6.36759596783148,21.7427704764323,13.1750040538068));
#4903=CARTESIAN_POINT('Ctrl Pts',(-6.36523167421334,21.7434628832222,13.1749883645841));
#4904=CARTESIAN_POINT('Ctrl Pts',(-6.36286726803896,21.7441549056773,13.1749805205733));
#4905=CARTESIAN_POINT('Ctrl Pts',(-6.36050274897611,21.7448465421977,13.1749805205733));
#4906=CARTESIAN_POINT('Ctrl Pts',(-6.41537704190435,21.9059235615106,13.3449980528234));
#4907=CARTESIAN_POINT('Ctrl Pts',(-6.41299500728901,21.9066211645013,13.344990208212));
#4908=CARTESIAN_POINT('Ctrl Pts',(-6.41061285907914,21.9073183796123,13.3449862862066));
#4909=CARTESIAN_POINT('Ctrl Pts',(-6.40823059717247,21.9080152060248,13.3449862862066));
#4910=CARTESIAN_POINT('Ctrl Pts',(-6.46315811597722,22.0690766465889,13.51499205184));
#4911=CARTESIAN_POINT('Ctrl Pts',(-6.46075834036468,22.0697794457805,13.51499205184));
#4912=CARTESIAN_POINT('Ctrl Pts',(-6.45835845011931,22.0704818535473,13.51499205184));
#4913=CARTESIAN_POINT('Ctrl Pts',(-6.45595844536882,22.0711838698519,13.51499205184));
#4914=CARTESIAN_POINT('Ctrl Pts',(-6.31277490077976,21.5816778783706,13.00497475494));
#4915=CARTESIAN_POINT('Ctrl Pts',(-6.31394830763284,21.5813346495738,13.00497475494));
#4916=CARTESIAN_POINT('Ctrl Pts',(-6.31512168459513,21.5809913255808,13.0049776966054));
#4917=CARTESIAN_POINT('Ctrl Pts',(-6.31746835918819,21.5803044933534,13.00498946326));
#4918=CARTESIAN_POINT('Ctrl Pts',(-6.31864165304791,21.5799609862228,13.0049982882303));
#4919=CARTESIAN_POINT('Ctrl Pts',(-6.31981489375861,21.579617391354,13.0050100547903));
#4920=CARTESIAN_POINT('Ctrl Pts',(6.31981489375864,21.579617391354,13.0050100547903));
#4921=CARTESIAN_POINT('Ctrl Pts',(6.42242474298357,21.549567106401,13.0060391402445));
#4922=CARTESIAN_POINT('Ctrl Pts',(6.58750950724003,21.4998289696034,13.0450888616286));
#4923=CARTESIAN_POINT('Ctrl Pts',(6.81530980466996,21.4286197735305,13.1962434604081));
#4924=CARTESIAN_POINT('Ctrl Pts',(6.98640306039975,21.3733330852532,13.4151950936536));
#4925=CARTESIAN_POINT('Ctrl Pts',(7.04042877632015,21.3554778812214,13.656251950799));
#4926=CARTESIAN_POINT('Ctrl Pts',(7.04042877632015,21.3554778812214,13.76697475494));
#4927=CARTESIAN_POINT('Ctrl Pts',(6.36759638347265,21.7427718956791,13.1750055325617));
#4928=CARTESIAN_POINT('Ctrl Pts',(6.44757522686884,21.7193493108949,13.1756915865473));
#4929=CARTESIAN_POINT('Ctrl Pts',(6.57633185301826,21.680661777265,13.2060644264173));
#4930=CARTESIAN_POINT('Ctrl Pts',(6.75375691979352,21.6255375537505,13.323826927201));
#4931=CARTESIAN_POINT('Ctrl Pts',(6.88665774255948,21.582974246397,13.4941448411015));
#4932=CARTESIAN_POINT('Ctrl Pts',(6.92849021489576,21.5692952316799,13.6811090697202));
#4933=CARTESIAN_POINT('Ctrl Pts',(6.92849021489576,21.5692952316799,13.76697475494));
#4934=CARTESIAN_POINT('Ctrl Pts',(6.41537787318666,21.9059264000041,13.3450010103333));
#4935=CARTESIAN_POINT('Ctrl Pts',(6.47272571075409,21.8891315153888,13.3453440328501));
#4936=CARTESIAN_POINT('Ctrl Pts',(6.5651541987965,21.8614945849265,13.3670399912059));
#4937=CARTESIAN_POINT('Ctrl Pts',(6.69220403491707,21.8224553339705,13.4514103939939));
#4938=CARTESIAN_POINT('Ctrl Pts',(6.78691242471922,21.7926154075408,13.5730945885493));
#4939=CARTESIAN_POINT('Ctrl Pts',(6.81655165347138,21.7831125821385,13.7059661886414));
#4940=CARTESIAN_POINT('Ctrl Pts',(6.81655165347138,21.7831125821385,13.76697475494));
#4941=CARTESIAN_POINT('Ctrl Pts',(6.46315936290067,22.0690809043292,13.5149964881048));
#4942=CARTESIAN_POINT('Ctrl Pts',(6.49787619463936,22.0589137198828,13.514996479153));
#4943=CARTESIAN_POINT('Ctrl Pts',(6.55397654457472,22.0423273925881,13.5280155559946));
#4944=CARTESIAN_POINT('Ctrl Pts',(6.63065115004062,22.0193731141904,13.5789938607868));
#4945=CARTESIAN_POINT('Ctrl Pts',(6.68716710687894,22.0022565686845,13.6520443359972));
#4946=CARTESIAN_POINT('Ctrl Pts',(6.70461309204699,21.996929932597,13.7308233075626));
#4947=CARTESIAN_POINT('Ctrl Pts',(6.70461309204699,21.996929932597,13.76697475494));
#4948=CARTESIAN_POINT('',(7.04042877632015,21.3554778812214,13.76697475494));
#4949=CARTESIAN_POINT('',(6.70461601323707,21.9969243527404,13.76697475494));
#4950=CARTESIAN_POINT('',(6.31981489375864,21.579617391354,13.0050100547903));
#4951=CARTESIAN_POINT('Ctrl Pts',(7.04042877632017,21.3554778812214,13.76697475494));
#4952=CARTESIAN_POINT('Ctrl Pts',(7.04042877632017,21.3554778812214,13.744968611545));
#4953=CARTESIAN_POINT('Ctrl Pts',(7.03952053385623,21.3557815365229,13.7225464697991));
#4954=CARTESIAN_POINT('Ctrl Pts',(7.03762345728301,21.3564106508055,13.6999251868412));
#4955=CARTESIAN_POINT('Ctrl Pts',(7.03571146507547,21.357044711456,13.6771260455991));
#4956=CARTESIAN_POINT('Ctrl Pts',(7.03279469935391,21.358009470514,13.654125312254));
#4957=CARTESIAN_POINT('Ctrl Pts',(7.02884184532806,21.359311454857,13.6311543952163));
#4958=CARTESIAN_POINT('Ctrl Pts',(7.02497643585462,21.3605846368619,13.6086916379906));
#4959=CARTESIAN_POINT('Ctrl Pts',(7.02012040783986,21.3621802469954,13.5862581103425));
#4960=CARTESIAN_POINT('Ctrl Pts',(7.0142942279986,21.3640890388337,13.5640685751668));
#4961=CARTESIAN_POINT('Ctrl Pts',(7.00827034554964,21.3660626026383,13.5411260716505));
#4962=CARTESIAN_POINT('Ctrl Pts',(7.00120921865456,21.3683710048838,13.5184452566319));
#4963=CARTESIAN_POINT('Ctrl Pts',(6.99318793385094,21.3709872208503,13.4962496714403));
#4964=CARTESIAN_POINT('Ctrl Pts',(6.98516664904732,21.3736034368167,13.4740540862487));
#4965=CARTESIAN_POINT('Ctrl Pts',(6.97618559301892,21.3765273471956,13.4523444629083));
#4966=CARTESIAN_POINT('Ctrl Pts',(6.96637304432695,21.3797161323542,13.431318678711));
#4967=CARTESIAN_POINT('Ctrl Pts',(6.95275773759842,21.3841407002608,13.4021445558566));
#4968=CARTESIAN_POINT('Ctrl Pts',(6.93754204984809,21.3890750795726,13.3742577284436));
#4969=CARTESIAN_POINT('Ctrl Pts',(6.92088005616154,21.3944579132629,13.3476885097679));
#4970=CARTESIAN_POINT('Ctrl Pts',(6.90378137213758,21.3999818243959,13.3204229445873));
#4971=CARTESIAN_POINT('Ctrl Pts',(6.88515914003109,21.4059781396219,13.2945436071715));
#4972=CARTESIAN_POINT('Ctrl Pts',(6.86512648774564,21.4123970206507,13.2700875357452));
#4973=CARTESIAN_POINT('Ctrl Pts',(6.84474509760164,21.4189276445877,13.245205721494));
#4974=CARTESIAN_POINT('Ctrl Pts',(6.82290295804364,21.4258959202157,13.2217958649183));
#4975=CARTESIAN_POINT('Ctrl Pts',(6.79967419222803,21.4332632502999,13.1999216848405));
#4976=CARTESIAN_POINT('Ctrl Pts',(6.7888118620133,21.4367083912432,13.1896927915335));
#4977=CARTESIAN_POINT('Ctrl Pts',(6.77764575525898,21.4402409670608,13.1798001786369));
#4978=CARTESIAN_POINT('Ctrl Pts',(6.7661810042515,21.4438577860281,13.1702533302967));
#4979=CARTESIAN_POINT('Ctrl Pts',(6.73520481685126,21.4536299356412,13.1444590532929));
#4980=CARTESIAN_POINT('Ctrl Pts',(6.70210176656605,21.4640006328893,13.1212398540501));
#4981=CARTESIAN_POINT('Ctrl Pts',(6.66720529954299,21.4748304543748,13.1009323612766));
#4982=CARTESIAN_POINT('Ctrl Pts',(6.65503339902128,21.4786079000888,13.0938491003345));
#4983=CARTESIAN_POINT('Ctrl Pts',(6.64264370012508,21.4824410827654,13.0871198917546));
#4984=CARTESIAN_POINT('Ctrl Pts',(6.63005167299529,21.486323678564,13.0807583799657));
#4985=CARTESIAN_POINT('Ctrl Pts',(6.60900336199003,21.4928136648891,13.0701247403447));
#4986=CARTESIAN_POINT('Ctrl Pts',(6.58736734905733,21.4994486204474,13.0605118338383));
#4987=CARTESIAN_POINT('Ctrl Pts',(6.56533251705789,21.5061699391171,13.0520184382193));
#4988=CARTESIAN_POINT('Ctrl Pts',(6.5432573338088,21.5129035661905,13.0435094890837));
#4989=CARTESIAN_POINT('Ctrl Pts',(6.52078252703489,21.5197236700866,13.036124417771));
#4990=CARTESIAN_POINT('Ctrl Pts',(6.49811502674655,21.5265660745676,13.0299132565212));
#4991=CARTESIAN_POINT('Ctrl Pts',(6.47539268176868,21.5334250344494,13.0236870671824));
#4992=CARTESIAN_POINT('Ctrl Pts',(6.45247741067356,21.5403061866782,13.0186405532339));
#4993=CARTESIAN_POINT('Ctrl Pts',(6.42958445312141,21.5471427887389,13.0147720389762));
#4994=CARTESIAN_POINT('Ctrl Pts',(6.40649342395582,21.5540385416017,13.0108700540383));
#4995=CARTESIAN_POINT('Ctrl Pts',(6.38342580181296,21.5608887523224,13.0081664720732));
#4996=CARTESIAN_POINT('Ctrl Pts',(6.36059869119546,21.567626094312,13.00660649888));
#4997=CARTESIAN_POINT('Ctrl Pts',(6.34690273960613,21.5716684065992,13.0056705364758));
#4998=CARTESIAN_POINT('Ctrl Pts',(6.33329324165983,21.5756701270496,13.0051452306226));
#4999=CARTESIAN_POINT('Ctrl Pts',(6.31981489375864,21.579617391354,13.0050100547903));
#5000=CARTESIAN_POINT('',(6.31981489375864,21.579617391354,13.0050100547903));
#5001=CARTESIAN_POINT('Origin',(6.87252239477861,21.6762011169809,16.12446738056));
#5002=CARTESIAN_POINT('',(6.70461601323707,21.9969243527404,15.36246738056));
#5003=CARTESIAN_POINT('',(6.70461601323707,21.9969243527404,16.12446738056));
#5004=CARTESIAN_POINT('',(7.04042877632015,21.3554778812214,15.36246738056));
#5005=CARTESIAN_POINT('',(6.70461601323707,21.9969243527404,15.36246738056));
#5006=CARTESIAN_POINT('',(7.04042877632015,21.3554778812214,16.12446738056));
#5007=CARTESIAN_POINT('Ctrl Pts',(7.04042877632015,21.3554778812214,15.36246738056));
#5008=CARTESIAN_POINT('Ctrl Pts',(7.04042877632015,21.3554778812214,15.5282892692998));
#5009=CARTESIAN_POINT('Ctrl Pts',(7.17618947182281,21.3116918834789,15.9413741591366));
#5010=CARTESIAN_POINT('Ctrl Pts',(7.55220688132122,21.1809583320928,16.12446738056));
#5011=CARTESIAN_POINT('Ctrl Pts',(7.760409030646,21.1044073323765,16.12446738056));
#5012=CARTESIAN_POINT('Ctrl Pts',(6.92849118862579,21.5692933717277,15.36246738056));
#5013=CARTESIAN_POINT('Ctrl Pts',(6.92849118862579,21.5692933717277,15.566462399712));
#5014=CARTESIAN_POINT('Ctrl Pts',(7.0964931505384,21.5174039318012,16.0758999529353));
#5015=CARTESIAN_POINT('Ctrl Pts',(7.56785071997404,21.3564463478693,16.2986698384989));
#5016=CARTESIAN_POINT('Ctrl Pts',(7.82473131705027,21.2618875487741,16.2942062388193));
#5017=CARTESIAN_POINT('Ctrl Pts',(6.81655360093143,21.7831088622341,15.36246738056));
#5018=CARTESIAN_POINT('Ctrl Pts',(6.81655360093143,21.7831088622341,15.6046355301242));
#5019=CARTESIAN_POINT('Ctrl Pts',(7.016796829254,21.7231159801234,16.210425746734));
#5020=CARTESIAN_POINT('Ctrl Pts',(7.58349455862685,21.5319343636459,16.4728722964378));
#5021=CARTESIAN_POINT('Ctrl Pts',(7.88905360345454,21.4193677651717,16.4639450970786));
#5022=CARTESIAN_POINT('Ctrl Pts',(6.70461601323707,21.9969243527404,15.36246738056));
#5023=CARTESIAN_POINT('Ctrl Pts',(6.70461601323707,21.9969243527404,15.6428086605364));
#5024=CARTESIAN_POINT('Ctrl Pts',(6.93710050796959,21.9288280284457,16.3449515405327));
#5025=CARTESIAN_POINT('Ctrl Pts',(7.59913839727967,21.7074223794225,16.6470747543767));
#5026=CARTESIAN_POINT('Ctrl Pts',(7.9533758898588,21.5768479815693,16.633683955338));
#5027=CARTESIAN_POINT('Ctrl Pts',(7.760409030646,21.1044073323765,16.12446738056));
#5028=CARTESIAN_POINT('Ctrl Pts',(7.66670403137124,21.1388604415118,16.12446738056));
#5029=CARTESIAN_POINT('Ctrl Pts',(7.57390833861577,21.1735104267779,16.1048881948339));
#5030=CARTESIAN_POINT('Ctrl Pts',(7.40076840198164,21.2351400640819,16.0290422152739));
#5031=CARTESIAN_POINT('Ctrl Pts',(7.3220133028575,21.2616691877481,15.9739535073859));
#5032=CARTESIAN_POINT('Ctrl Pts',(7.18793638705382,21.3069144632143,15.8342087659139));
#5033=CARTESIAN_POINT('Ctrl Pts',(7.13453439442479,21.3260760404716,15.7504881363843));
#5034=CARTESIAN_POINT('Ctrl Pts',(7.05845230576865,21.3515327619505,15.5600250843586));
#5035=CARTESIAN_POINT('Ctrl Pts',(7.04042877632015,21.3554778812214,15.4590507466222));
#5036=CARTESIAN_POINT('Ctrl Pts',(7.04042877632015,21.3554778812214,15.36246738056));
#5037=CARTESIAN_POINT('Ctrl Pts',(6.70461601323707,21.9969243527404,15.36246738056));
#5038=CARTESIAN_POINT('Ctrl Pts',(6.70461601323707,21.9969243527404,15.3775557590216));
#5039=CARTESIAN_POINT('Ctrl Pts',(6.70490677184745,21.9968357361384,15.3926470327192));
#5040=CARTESIAN_POINT('Ctrl Pts',(6.70605546043253,21.9964855690918,15.4229651515925));
#5041=CARTESIAN_POINT('Ctrl Pts',(6.7069197864905,21.9962220680364,15.4381977956134));
#5042=CARTESIAN_POINT('Ctrl Pts',(6.70806106170644,21.9958740144045,15.4534046150851));
#5043=CARTESIAN_POINT('Ctrl Pts',(6.31277490077979,21.5816778783706,13.00497475494));
#5044=CARTESIAN_POINT('Ctrl Pts',(6.31512167699882,21.5809914317422,13.00497475494));
#5045=CARTESIAN_POINT('Ctrl Pts',(6.3174683411377,21.580304601943,13.0049865209561));
#5046=CARTESIAN_POINT('Ctrl Pts',(6.31981489375864,21.579617391354,13.0050100547903));
#5047=CARTESIAN_POINT('Ctrl Pts',(6.36050274897614,21.7448465421977,13.1749805205733));
#5048=CARTESIAN_POINT('Ctrl Pts',(6.362867268039,21.7441549056772,13.1749805205733));
#5049=CARTESIAN_POINT('Ctrl Pts',(6.36523167421337,21.7434628832221,13.1749883645841));
#5050=CARTESIAN_POINT('Ctrl Pts',(6.36759596783151,21.7427704764323,13.1750040538068));
#5051=CARTESIAN_POINT('Ctrl Pts',(6.4082305971725,21.9080152060248,13.3449862862066));
#5052=CARTESIAN_POINT('Ctrl Pts',(6.41061285907917,21.9073183796123,13.3449862862066));
#5053=CARTESIAN_POINT('Ctrl Pts',(6.41299500728904,21.9066211645013,13.344990208212));
#5054=CARTESIAN_POINT('Ctrl Pts',(6.41537704190438,21.9059235615106,13.3449980528234));
#5055=CARTESIAN_POINT('Ctrl Pts',(6.45595844536885,22.0711838698519,13.51499205184));
#5056=CARTESIAN_POINT('Ctrl Pts',(6.45835845011934,22.0704818535473,13.51499205184));
#5057=CARTESIAN_POINT('Ctrl Pts',(6.46075834036471,22.0697794457805,13.51499205184));
#5058=CARTESIAN_POINT('Ctrl Pts',(6.46315811597725,22.0690766465889,13.51499205184));
#5059=CARTESIAN_POINT('Ctrl Pts',(6.31981489375864,21.579617391354,13.0050100547903));
#5060=CARTESIAN_POINT('Ctrl Pts',(6.31864165304754,21.5799609862229,13.0049982882303));
#5061=CARTESIAN_POINT('Ctrl Pts',(6.31746835918741,21.5803044933536,13.00498946326));
#5062=CARTESIAN_POINT('Ctrl Pts',(6.3151216845956,21.5809913255806,13.0049776966054));
#5063=CARTESIAN_POINT('Ctrl Pts',(6.31394830763374,21.5813346495735,13.00497475494));
#5064=CARTESIAN_POINT('Ctrl Pts',(6.31277490077979,21.5816778783706,13.00497475494));
#5065=CARTESIAN_POINT('Origin',(-6.01537453069492,20.6177898948832,13.76697475494));
#5066=CARTESIAN_POINT('',(-6.01537453069492,20.6177898948832,13.00497475494));
#5067=CARTESIAN_POINT('',(-6.74350392064498,20.3931310613356,13.76697475494));
#5068=CARTESIAN_POINT('Origin',(1.4432899320127E-14,21.9310975752361,13.00497475494));
#5069=CARTESIAN_POINT('',(6.16234707496778,21.0941345251428,13.00497475494));
#5070=CARTESIAN_POINT('Origin',(6.16234707496778,21.0941345251428,13.76697475494));
#5071=CARTESIAN_POINT('',(6.89047646491784,20.8694756915953,13.76697475494));
#5072=CARTESIAN_POINT('Origin',(7.1903374177083,21.8413385343663,16.12446738056));
#5073=CARTESIAN_POINT('',(3.80123048945013,10.8570904583802,15.36246738056));
#5074=CARTESIAN_POINT('Origin',(4.52935987940019,10.6324316248327,15.36246738056));
#5075=CARTESIAN_POINT('Origin',(0.,0.,16.12446738056));
#5076=CARTESIAN_POINT('Origin',(-4.38238733512733,10.156086994573,15.36246738056));
#5077=CARTESIAN_POINT('',(-3.65425794517727,10.3807458281206,15.36246738056));
#5078=CARTESIAN_POINT('Origin',(-6.89639232916262,20.888649273847,16.12446738056));
#5079=CARTESIAN_POINT('Origin',(0.,0.,22.17680848961));
#5080=CARTESIAN_POINT('',(-23.24836350448,2.84710339511756E-15,22.55066738056));
#5081=CARTESIAN_POINT('',(-23.62222239543,2.89288790453103E-15,22.17680848961));
#5082=CARTESIAN_POINT('Origin',(0.,0.,22.55066738056));
#5083=CARTESIAN_POINT('Origin',(0.,0.,22.55066738056));
#5084=CARTESIAN_POINT('',(-21.18645979108,-2.59459301684102E-15,22.55066738056));
#5085=CARTESIAN_POINT('Origin',(0.,0.,22.55066738056));
#5086=CARTESIAN_POINT('Origin',(0.,0.,21.68706738056));
#5087=CARTESIAN_POINT('',(-19.45925979108,2.38307202169229E-15,20.82346738056));
#5088=CARTESIAN_POINT('Origin',(0.,0.,20.82346738056));
#5089=CARTESIAN_POINT('',(-20.32285979108,-2.48883251926666E-15,21.68706738056));
#5090=CARTESIAN_POINT('Origin',(0.,0.,20.64566738056));
#5091=CARTESIAN_POINT('',(-19.45925979108,-2.38307202169229E-15,20.64566738056));
#5092=UNCERTAINTY_MEASURE_WITH_UNIT(LENGTH_MEASURE(0.01),#5096,
'DISTANCE_ACCURACY_VALUE',
'Maximum model space distance between geometric entities at asserted c
onnectivities');
#5093=UNCERTAINTY_MEASURE_WITH_UNIT(LENGTH_MEASURE(0.01),#5096,
'DISTANCE_ACCURACY_VALUE',
'Maximum model space distance between geometric entities at asserted c
onnectivities');
#5094=(
GEOMETRIC_REPRESENTATION_CONTEXT(3)
GLOBAL_UNCERTAINTY_ASSIGNED_CONTEXT((#5092))
GLOBAL_UNIT_ASSIGNED_CONTEXT((#5096,#5098,#5099))
REPRESENTATION_CONTEXT('','3D')
);
#5095=(
GEOMETRIC_REPRESENTATION_CONTEXT(3)
GLOBAL_UNCERTAINTY_ASSIGNED_CONTEXT((#5093))
GLOBAL_UNIT_ASSIGNED_CONTEXT((#5096,#5098,#5099))
REPRESENTATION_CONTEXT('','3D')
);
#5096=(
LENGTH_UNIT()
NAMED_UNIT(*)
SI_UNIT(.MILLI.,.METRE.)
);
#5097=(
LENGTH_UNIT()
NAMED_UNIT(*)
SI_UNIT($,.METRE.)
);
#5098=(
NAMED_UNIT(*)
PLANE_ANGLE_UNIT()
SI_UNIT($,.RADIAN.)
);
#5099=(
NAMED_UNIT(*)
SI_UNIT($,.STERADIAN.)
SOLID_ANGLE_UNIT()
);
#5100=SHAPE_DEFINITION_REPRESENTATION(#5101,#5102);
#5101=PRODUCT_DEFINITION_SHAPE('',$,#5104);
#5102=SHAPE_REPRESENTATION('',(#2125),#5094);
#5103=PRODUCT_DEFINITION_CONTEXT('part definition',#5108,'design');
#5104=PRODUCT_DEFINITION('round-screen-esp32s3-case','SpotiDisplay v51',
#5105,#5103);
#5105=PRODUCT_DEFINITION_FORMATION('',$,#5110);
#5106=PRODUCT_RELATED_PRODUCT_CATEGORY('SpotiDisplay v51',
'SpotiDisplay v51',(#5110));
#5107=APPLICATION_PROTOCOL_DEFINITION('international standard',
'automotive_design',2009,#5108);
#5108=APPLICATION_CONTEXT(
'Core Data for Automotive Mechanical Design Process');
#5109=PRODUCT_CONTEXT('part definition',#5108,'mechanical');
#5110=PRODUCT('round-screen-esp32s3-case','SpotiDisplay v51',$,(#5109));
#5111=PRESENTATION_STYLE_ASSIGNMENT((#5115));
#5112=PRESENTATION_STYLE_ASSIGNMENT((#5116));
#5113=PRESENTATION_STYLE_ASSIGNMENT((#5117));
#5114=PRESENTATION_STYLE_ASSIGNMENT((#5118));
#5115=SURFACE_STYLE_USAGE(.BOTH.,#5119);
#5116=SURFACE_STYLE_USAGE(.BOTH.,#5120);
#5117=SURFACE_STYLE_USAGE(.BOTH.,#5121);
#5118=SURFACE_STYLE_USAGE(.BOTH.,#5122);
#5119=SURFACE_SIDE_STYLE('',(#5123));
#5120=SURFACE_SIDE_STYLE('',(#5124));
#5121=SURFACE_SIDE_STYLE('',(#5125));
#5122=SURFACE_SIDE_STYLE('',(#5126));
#5123=SURFACE_STYLE_FILL_AREA(#5127);
#5124=SURFACE_STYLE_FILL_AREA(#5128);
#5125=SURFACE_STYLE_FILL_AREA(#5129);
#5126=SURFACE_STYLE_FILL_AREA(#5130);
#5127=FILL_AREA_STYLE('Steel - Satin',(#5131));
#5128=FILL_AREA_STYLE('ABS (White)',(#5132));
#5129=FILL_AREA_STYLE('ABS (White)',(#5133));
#5130=FILL_AREA_STYLE('ABS (White)',(#5134));
#5131=FILL_AREA_STYLE_COLOUR('Steel - Satin',#5135);
#5132=FILL_AREA_STYLE_COLOUR('ABS (White)',#5136);
#5133=FILL_AREA_STYLE_COLOUR('ABS (White)',#5137);
#5134=FILL_AREA_STYLE_COLOUR('ABS (White)',#5138);
#5135=COLOUR_RGB('Steel - Satin',0.627450980392157,0.627450980392157,0.627450980392157);
#5136=COLOUR_RGB('ABS (White)',0.964705882352941,0.964705882352941,0.952941176470588);
#5137=COLOUR_RGB('ABS (White)',0.843137254901961,0.698039215686274,0.223529411764706);
#5138=COLOUR_RGB('ABS (White)',0.823529411764706,0.494117647058824,0.168627450980392);
ENDSEC;
END-ISO-10303-21;
