ISO-10303-21;
HEADER;
/* Generated by software containing ST-Developer
 * from STEP Tools, Inc. (www.steptools.com) 
 */

FILE_DESCRIPTION(
/* description */ (''),
/* implementation_level */ '2;1');

FILE_NAME(
/* name */ 'SpotiDisplay Bottom.step',
/* time_stamp */ '2026-08-17T15:31:53-07:00',
/* author */ (''),
/* organization */ (''),
/* preprocessor_version */ 'ST-DEVELOPER v20.1',
/* originating_system */ 'Autodesk Translation Framework v15.8.0.0',
/* authorisation */ '');

FILE_SCHEMA (('AUTOMOTIVE_DESIGN { 1 0 10303 214 3 1 1 }'));
ENDSEC;

DATA;
#10=MECHANICAL_DESIGN_GEOMETRIC_PRESENTATION_REPRESENTATION('',(#13),#3782);
#11=SHAPE_REPRESENTATION_RELATIONSHIP('SRR','None',#3789,#12);
#12=ADVANCED_BREP_SHAPE_REPRESENTATION('',(#14),#3781);
#13=STYLED_ITEM('',(#3799),#14);
#14=MANIFOLD_SOLID_BREP('SpotiDisplay Bottom',#1978);
#15=CONICAL_SURFACE('',#2076,23.4960812858543,0.785398163397442);
#16=CONICAL_SURFACE('',#2079,3.49608128585432,0.785398163397447);
#17=CONICAL_SURFACE('',#2083,3.49608128585429,0.785398163397448);
#18=CONICAL_SURFACE('',#2087,23.4960812858543,0.785398163397455);
#19=CONICAL_SURFACE('',#2100,2.075,0.785398163397448);
#20=CONICAL_SURFACE('',#2104,2.075,0.785398163397449);
#21=CONICAL_SURFACE('',#2108,2.075,0.785398163397448);
#22=CONICAL_SURFACE('',#2112,23.7460812858543,0.785398163397451);
#23=CONICAL_SURFACE('',#2115,3.49608128585429,0.785398163397448);
#24=CONICAL_SURFACE('',#2119,3.49608128585432,0.785398163397447);
#25=CONICAL_SURFACE('',#2161,2.0945,0.785398163397448);
#26=CONICAL_SURFACE('',#2165,2.0945,0.785398163397448);
#27=CONICAL_SURFACE('',#2169,2.0945,0.785398163397448);
#28=CONICAL_SURFACE('',#2180,22.804468401206,0.78539816339745);
#29=CONICAL_SURFACE('',#2185,22.804468401206,0.78539816339745);
#30=CONICAL_SURFACE('',#2200,23.2100816516051,0.523598775598301);
#31=B_SPLINE_SURFACE_WITH_KNOTS('',3,1,((#3285,#3286),(#3287,#3288),(#3289,
#3290),(#3291,#3292),(#3293,#3294),(#3295,#3296),(#3297,#3298),(#3299,#3300),
(#3301,#3302),(#3303,#3304),(#3305,#3306),(#3307,#3308),(#3309,#3310)),
 .UNSPECIFIED.,.F.,.F.,.F.,(4,2,2,2,3,4),(2,2),(-0.301619652711678,-0.226151328282054,
-0.150683003852429,-0.0753415019262146,-0.0200000000000078,-0.0103224569238161),
(0.,0.2),.UNSPECIFIED.);
#32=B_SPLINE_SURFACE_WITH_KNOTS('',3,1,((#3311,#3312),(#3313,#3314),(#3315,
#3316),(#3317,#3318),(#3319,#3320),(#3321,#3322),(#3323,#3324),(#3325,#3326),
(#3327,#3328),(#3329,#3330),(#3331,#3332),(#3333,#3334),(#3335,#3336)),
 .UNSPECIFIED.,.F.,.F.,.F.,(4,3,2,2,2,4),(2,2),(0.0103210029584756,0.0199973386430776,
0.0753260004278979,0.150652000855796,0.226247536067405,0.301843071279014),
(0.,0.2),.UNSPECIFIED.);
#33=B_SPLINE_SURFACE_WITH_KNOTS('',3,1,((#3337,#3338),(#3339,#3340),(#3341,
#3342),(#3343,#3344),(#3345,#3346),(#3347,#3348),(#3349,#3350),(#3351,#3352),
(#3353,#3354),(#3355,#3356),(#3357,#3358),(#3359,#3360),(#3361,#3362)),
 .UNSPECIFIED.,.F.,.F.,.F.,(4,2,2,2,3,4),(2,2),(-0.301576388204856,-0.226129031813813,
-0.15068167542277,-0.0753408377113848,-0.0200000000000013,-0.0103224507973537),
(-0.108,0.2),.UNSPECIFIED.);
#34=B_SPLINE_SURFACE_WITH_KNOTS('',3,1,((#3363,#3364),(#3365,#3366),(#3367,
#3368),(#3369,#3370),(#3371,#3372),(#3373,#3374),(#3375,#3376),(#3377,#3378),
(#3379,#3380),(#3381,#3382),(#3383,#3384),(#3385,#3386),(#3387,#3388)),
 .UNSPECIFIED.,.F.,.F.,.F.,(4,3,2,2,2,4),(2,2),(0.0103224507953058,0.0200000000000041,
0.0753408377113847,0.150681675422769,0.226129031813813,0.301576388204856),
(-0.108,0.2),.UNSPECIFIED.);
#35=B_SPLINE_SURFACE_WITH_KNOTS('',3,3,((#3672,#3673,#3674,#3675,#3676,
#3677,#3678,#3679,#3680,#3681,#3682,#3683),(#3684,#3685,#3686,#3687,#3688,
#3689,#3690,#3691,#3692,#3693,#3694,#3695),(#3696,#3697,#3698,#3699,#3700,
#3701,#3702,#3703,#3704,#3705,#3706,#3707),(#3708,#3709,#3710,#3711,#3712,
#3713,#3714,#3715,#3716,#3717,#3718,#3719),(#3720,#3721,#3722,#3723,#3724,
#3725,#3726,#3727,#3728,#3729,#3730,#3731)),.UNSPECIFIED.,.F.,.F.,.F.,(4,
1,4),(4,1,1,1,1,1,1,1,1,4),(-0.000701099331425501,0.5,1.),(-3.84161042885936,
-3.7862745678101,-3.73139945012804,-3.62164921476392,-3.40214874403567,
-2.96314780257918,-2.52414686112269,-2.41439662575856,-2.3595215080765,
-2.304007553471),.UNSPECIFIED.);
#36=PLANE('',#2018);
#37=PLANE('',#2019);
#38=PLANE('',#2028);
#39=PLANE('',#2054);
#40=PLANE('',#2055);
#41=PLANE('',#2078);
#42=PLANE('',#2082);
#43=PLANE('',#2086);
#44=PLANE('',#2089);
#45=PLANE('',#2090);
#46=PLANE('',#2091);
#47=PLANE('',#2096);
#48=PLANE('',#2114);
#49=PLANE('',#2118);
#50=PLANE('',#2122);
#51=PLANE('',#2123);
#52=PLANE('',#2132);
#53=PLANE('',#2135);
#54=PLANE('',#2138);
#55=PLANE('',#2141);
#56=PLANE('',#2143);
#57=PLANE('',#2145);
#58=PLANE('',#2148);
#59=PLANE('',#2151);
#60=PLANE('',#2154);
#61=PLANE('',#2155);
#62=PLANE('',#2157);
#63=PLANE('',#2159);
#64=PLANE('',#2175);
#65=PLANE('',#2187);
#66=PLANE('',#2188);
#67=PLANE('',#2193);
#68=PLANE('',#2194);
#69=PLANE('',#2195);
#70=PLANE('',#2198);
#71=PLANE('',#2201);
#72=PLANE('',#2202);
#73=PLANE('',#2203);
#74=PLANE('',#2204);
#75=PLANE('',#2205);
#76=PLANE('',#2207);
#77=PLANE('',#2209);
#78=PLANE('',#2211);
#79=PLANE('',#2213);
#80=PLANE('',#2214);
#81=PLANE('',#2215);
#82=FACE_BOUND('',#242,.T.);
#83=FACE_BOUND('',#243,.T.);
#84=FACE_BOUND('',#251,.T.);
#85=FACE_BOUND('',#252,.T.);
#86=FACE_BOUND('',#253,.T.);
#87=FACE_BOUND('',#254,.T.);
#88=FACE_BOUND('',#255,.T.);
#89=FACE_BOUND('',#256,.T.);
#90=FACE_BOUND('',#257,.T.);
#91=FACE_BOUND('',#258,.T.);
#92=FACE_BOUND('',#269,.T.);
#93=FACE_BOUND('',#271,.T.);
#94=FACE_BOUND('',#286,.T.);
#95=FACE_BOUND('',#288,.T.);
#96=FACE_BOUND('',#289,.T.);
#97=FACE_BOUND('',#290,.T.);
#98=FACE_BOUND('',#304,.T.);
#99=FACE_BOUND('',#305,.T.);
#100=FACE_BOUND('',#306,.T.);
#101=FACE_BOUND('',#322,.T.);
#102=FACE_BOUND('',#327,.T.);
#103=FACE_BOUND('',#329,.T.);
#104=FACE_BOUND('',#331,.T.);
#105=FACE_BOUND('',#340,.T.);
#106=FACE_BOUND('',#352,.T.);
#107=FACE_BOUND('',#354,.T.);
#108=FACE_BOUND('',#358,.T.);
#109=FACE_BOUND('',#365,.T.);
#110=B_SPLINE_CURVE_WITH_KNOTS('',3,(#2879,#2880,#2881,#2882,#2883,#2884,
#2885,#2886,#2887,#2888,#2889,#2890,#2891,#2892),.UNSPECIFIED.,.F.,.F.,
(4,2,2,2,2,2,4),(-0.00176762246649773,0.,0.00447169798413975,0.00836104720500695,
0.0161608666366185,0.0269688318198861,0.0296307462118721),.UNSPECIFIED.);
#111=B_SPLINE_CURVE_WITH_KNOTS('',3,(#2898,#2899,#2900,#2901,#2902,#2903,
#2904,#2905,#2906,#2907,#2908,#2909,#2910,#2911),.UNSPECIFIED.,.F.,.F.,
(4,2,2,2,2,2,4),(0.,0.0127165039396326,0.042175040122222,0.0626645809470871,
0.0728802106159416,0.0844285509744375,0.0892513904343402),.UNSPECIFIED.);
#112=B_SPLINE_CURVE_WITH_KNOTS('',3,(#2925,#2926,#2927,#2928,#2929,#2930,
#2931,#2932,#2933,#2934),.UNSPECIFIED.,.F.,.F.,(4,2,2,2,4),(0.,0.0753408377113848,
0.15068167542277,0.226129031813813,0.301576388204856),.UNSPECIFIED.);
#113=B_SPLINE_CURVE_WITH_KNOTS('',3,(#2938,#2939,#2940,#2941,#2942,#2943,
#2944,#2945,#2946,#2947,#2948,#2949,#2950,#2951,#2952,#2953),
 .UNSPECIFIED.,.F.,.F.,(4,2,2,2,2,2,2,4),(-0.188985117626483,-0.188767113402262,
-0.187443021440264,-0.185403646765584,-0.174191484645793,-0.163008525380299,
-0.152029038772862,-0.141736179139453),.UNSPECIFIED.);
#114=B_SPLINE_CURVE_WITH_KNOTS('',3,(#2954,#2955,#2956,#2957,#2958,#2959,
#2960,#2961,#2962,#2963),.UNSPECIFIED.,.F.,.F.,(4,3,3,4),(0.105872303636853,
0.15068167542277,0.226129031813813,0.301576388204856),.UNSPECIFIED.);
#115=B_SPLINE_CURVE_WITH_KNOTS('',3,(#2966,#2967,#2968,#2969,#2970,#2971,
#2972,#2973,#2974,#2975),.UNSPECIFIED.,.F.,.F.,(4,3,3,4),(-0.301576388204856,
-0.226129031813813,-0.150681675422769,-0.105872303636853),.UNSPECIFIED.);
#116=B_SPLINE_CURVE_WITH_KNOTS('',3,(#2977,#2978,#2979,#2980,#2981,#2982,
#2983,#2984,#2985,#2986,#2987,#2988,#2989,#2990,#2991,#2992),
 .UNSPECIFIED.,.F.,.F.,(4,2,2,2,2,2,2,4),(-0.0472449595363915,-0.0367817040185687,
-0.0249069939922686,-0.0130006180557398,-0.00681466536535959,-0.00310226752257238,
-0.00127761938083309,0.),.UNSPECIFIED.);
#117=B_SPLINE_CURVE_WITH_KNOTS('',3,(#2996,#2997,#2998,#2999,#3000,#3001,
#3002,#3003,#3004,#3005),.UNSPECIFIED.,.F.,.F.,(4,2,2,2,4),(-0.301576388204856,
-0.226129031813813,-0.150681675422769,-0.0753408377113847,0.),
 .UNSPECIFIED.);
#118=B_SPLINE_CURVE_WITH_KNOTS('',3,(#3088,#3089,#3090,#3091,#3092,#3093,
#3094,#3095,#3096,#3097,#3098,#3099,#3100),.UNSPECIFIED.,.F.,.F.,(4,3,3,
3,4),(-0.200302383937346,-0.144056045617252,-0.0878097072971593,-0.031657889446247,
-0.00382743704944535),.UNSPECIFIED.);
#119=B_SPLINE_CURVE_WITH_KNOTS('',3,(#3104,#3105,#3106,#3107,#3108,#3109,
#3110,#3111,#3112,#3113,#3114,#3115,#3116),.UNSPECIFIED.,.F.,.F.,(4,3,3,
3,4),(-0.196724820054053,-0.168894244129782,-0.112730141981598,-0.0563650709907991,
0.),.UNSPECIFIED.);
#120=B_SPLINE_CURVE_WITH_KNOTS('',3,(#3170,#3171,#3172,#3173,#3174,#3175,
#3176,#3177,#3178,#3179),.UNSPECIFIED.,.F.,.F.,(4,2,2,2,4),(0.273977985761809,
0.343377442568027,0.412776899374246,0.48108739011236,0.549397880850474),
 .UNSPECIFIED.);
#121=B_SPLINE_CURVE_WITH_KNOTS('',3,(#3183,#3184,#3185,#3186,#3187,#3188,
#3189,#3190,#3191,#3192),.UNSPECIFIED.,.F.,.F.,(4,2,2,2,4),(0.549398447862963,
0.617708938601077,0.686019429339191,0.755418886145409,0.824818342951627),
 .UNSPECIFIED.);
#122=B_SPLINE_CURVE_WITH_KNOTS('',3,(#3196,#3197,#3198,#3199,#3200,#3201,
#3202,#3203,#3204,#3205),.UNSPECIFIED.,.F.,.F.,(4,2,2,2,4),(0.823183632686535,
0.892537965616604,0.961892298546672,1.03020351806125,1.09851473757582),
 .UNSPECIFIED.);
#123=B_SPLINE_CURVE_WITH_KNOTS('',3,(#3208,#3209,#3210,#3211,#3212,#3213,
#3214,#3215,#3216,#3217),.UNSPECIFIED.,.F.,.F.,(4,2,2,2,4),(0.,0.0683112195145749,
0.13662243902915,0.205976771959218,0.275331104889286),.UNSPECIFIED.);
#124=B_SPLINE_CURVE_WITH_KNOTS('',3,(#3223,#3224,#3225,#3226,#3227,#3228,
#3229,#3230,#3231,#3232),.UNSPECIFIED.,.F.,.F.,(4,2,2,2,4),(-0.301843071279014,
-0.226247536067405,-0.150652000855796,-0.0753260004278979,-0.0381388479523756),
 .UNSPECIFIED.);
#125=B_SPLINE_CURVE_WITH_KNOTS('',3,(#3236,#3237,#3238,#3239,#3240,#3241,
#3242,#3243,#3244,#3245),.UNSPECIFIED.,.F.,.F.,(4,2,2,2,4),(0.0381387725295811,
0.0753415019262146,0.150683003852429,0.226151328282054,0.301619652711678),
 .UNSPECIFIED.);
#126=B_SPLINE_CURVE_WITH_KNOTS('',3,(#3247,#3248,#3249,#3250,#3251,#3252,
#3253,#3254,#3255,#3256,#3257,#3258,#3259,#3260,#3261,#3262,#3263,#3264,
#3265,#3266,#3267,#3268,#3269,#3270,#3271,#3272,#3273,#3274,#3275,#3276,
#3277,#3278,#3279,#3280,#3281,#3282,#3283,#3284),.UNSPECIFIED.,.T.,.F.,
(4,2,2,2,2,2,2,2,2,2,2,2,2,2,2,2,2,2,4),(0.,0.0575998871659235,0.115199774331847,
0.230399548663694,0.398320435039694,0.566241321415694,0.712553915027585,
0.858866508639477,0.969743472147516,1.08062043565556,1.19149739916359,1.30237436267163,
1.44868695628353,1.59499954989542,1.76292043627142,1.93084132264742,2.04604109697926,
2.10364098414519,2.16124087131111),.UNSPECIFIED.);
#127=B_SPLINE_CURVE_WITH_KNOTS('',3,(#3394,#3395,#3396,#3397),
 .UNSPECIFIED.,.F.,.F.,(4,4),(0.,0.142166417743038),.UNSPECIFIED.);
#128=B_SPLINE_CURVE_WITH_KNOTS('',3,(#3430,#3431,#3432,#3433),
 .UNSPECIFIED.,.F.,.F.,(4,4),(0.,0.142166549048035),.UNSPECIFIED.);
#129=B_SPLINE_CURVE_WITH_KNOTS('',3,(#3442,#3443,#3444,#3445,#3446,#3447,
#3448,#3449,#3450,#3451),.UNSPECIFIED.,.F.,.F.,(4,1,1,1,1,1,1,4),(-3.77667296885562,
-3.73139945012804,-3.62164921476392,-3.40214874403567,-2.96314780257918,
-2.52414686112269,-2.41439662575856,-2.36930252395547),.UNSPECIFIED.);
#130=ELLIPSE('',#2011,33.9355835982624,23.9960812858543);
#131=ELLIPSE('',#2016,33.9355835982624,23.9960812858543);
#132=FACE_OUTER_BOUND('',#240,.T.);
#133=FACE_OUTER_BOUND('',#241,.T.);
#134=FACE_OUTER_BOUND('',#244,.T.);
#135=FACE_OUTER_BOUND('',#245,.T.);
#136=FACE_OUTER_BOUND('',#246,.T.);
#137=FACE_OUTER_BOUND('',#247,.T.);
#138=FACE_OUTER_BOUND('',#248,.T.);
#139=FACE_OUTER_BOUND('',#249,.T.);
#140=FACE_OUTER_BOUND('',#250,.T.);
#141=FACE_OUTER_BOUND('',#259,.T.);
#142=FACE_OUTER_BOUND('',#260,.T.);
#143=FACE_OUTER_BOUND('',#261,.T.);
#144=FACE_OUTER_BOUND('',#262,.T.);
#145=FACE_OUTER_BOUND('',#263,.T.);
#146=FACE_OUTER_BOUND('',#264,.T.);
#147=FACE_OUTER_BOUND('',#265,.T.);
#148=FACE_OUTER_BOUND('',#266,.T.);
#149=FACE_OUTER_BOUND('',#267,.T.);
#150=FACE_OUTER_BOUND('',#268,.T.);
#151=FACE_OUTER_BOUND('',#270,.T.);
#152=FACE_OUTER_BOUND('',#272,.T.);
#153=FACE_OUTER_BOUND('',#273,.T.);
#154=FACE_OUTER_BOUND('',#274,.T.);
#155=FACE_OUTER_BOUND('',#275,.T.);
#156=FACE_OUTER_BOUND('',#276,.T.);
#157=FACE_OUTER_BOUND('',#277,.T.);
#158=FACE_OUTER_BOUND('',#278,.T.);
#159=FACE_OUTER_BOUND('',#279,.T.);
#160=FACE_OUTER_BOUND('',#280,.T.);
#161=FACE_OUTER_BOUND('',#281,.T.);
#162=FACE_OUTER_BOUND('',#282,.T.);
#163=FACE_OUTER_BOUND('',#283,.T.);
#164=FACE_OUTER_BOUND('',#284,.T.);
#165=FACE_OUTER_BOUND('',#285,.T.);
#166=FACE_OUTER_BOUND('',#287,.T.);
#167=FACE_OUTER_BOUND('',#291,.T.);
#168=FACE_OUTER_BOUND('',#292,.T.);
#169=FACE_OUTER_BOUND('',#293,.T.);
#170=FACE_OUTER_BOUND('',#294,.T.);
#171=FACE_OUTER_BOUND('',#295,.T.);
#172=FACE_OUTER_BOUND('',#296,.T.);
#173=FACE_OUTER_BOUND('',#297,.T.);
#174=FACE_OUTER_BOUND('',#298,.T.);
#175=FACE_OUTER_BOUND('',#299,.T.);
#176=FACE_OUTER_BOUND('',#300,.T.);
#177=FACE_OUTER_BOUND('',#301,.T.);
#178=FACE_OUTER_BOUND('',#302,.T.);
#179=FACE_OUTER_BOUND('',#303,.T.);
#180=FACE_OUTER_BOUND('',#307,.T.);
#181=FACE_OUTER_BOUND('',#308,.T.);
#182=FACE_OUTER_BOUND('',#309,.T.);
#183=FACE_OUTER_BOUND('',#310,.T.);
#184=FACE_OUTER_BOUND('',#311,.T.);
#185=FACE_OUTER_BOUND('',#312,.T.);
#186=FACE_OUTER_BOUND('',#313,.T.);
#187=FACE_OUTER_BOUND('',#314,.T.);
#188=FACE_OUTER_BOUND('',#315,.T.);
#189=FACE_OUTER_BOUND('',#316,.T.);
#190=FACE_OUTER_BOUND('',#317,.T.);
#191=FACE_OUTER_BOUND('',#318,.T.);
#192=FACE_OUTER_BOUND('',#319,.T.);
#193=FACE_OUTER_BOUND('',#320,.T.);
#194=FACE_OUTER_BOUND('',#321,.T.);
#195=FACE_OUTER_BOUND('',#323,.T.);
#196=FACE_OUTER_BOUND('',#324,.T.);
#197=FACE_OUTER_BOUND('',#325,.T.);
#198=FACE_OUTER_BOUND('',#326,.T.);
#199=FACE_OUTER_BOUND('',#328,.T.);
#200=FACE_OUTER_BOUND('',#330,.T.);
#201=FACE_OUTER_BOUND('',#332,.T.);
#202=FACE_OUTER_BOUND('',#333,.T.);
#203=FACE_OUTER_BOUND('',#334,.T.);
#204=FACE_OUTER_BOUND('',#335,.T.);
#205=FACE_OUTER_BOUND('',#336,.T.);
#206=FACE_OUTER_BOUND('',#337,.T.);
#207=FACE_OUTER_BOUND('',#338,.T.);
#208=FACE_OUTER_BOUND('',#339,.T.);
#209=FACE_OUTER_BOUND('',#341,.T.);
#210=FACE_OUTER_BOUND('',#342,.T.);
#211=FACE_OUTER_BOUND('',#343,.T.);
#212=FACE_OUTER_BOUND('',#344,.T.);
#213=FACE_OUTER_BOUND('',#345,.T.);
#214=FACE_OUTER_BOUND('',#346,.T.);
#215=FACE_OUTER_BOUND('',#347,.T.);
#216=FACE_OUTER_BOUND('',#348,.T.);
#217=FACE_OUTER_BOUND('',#349,.T.);
#218=FACE_OUTER_BOUND('',#350,.T.);
#219=FACE_OUTER_BOUND('',#351,.T.);
#220=FACE_OUTER_BOUND('',#353,.T.);
#221=FACE_OUTER_BOUND('',#355,.T.);
#222=FACE_OUTER_BOUND('',#356,.T.);
#223=FACE_OUTER_BOUND('',#357,.T.);
#224=FACE_OUTER_BOUND('',#359,.T.);
#225=FACE_OUTER_BOUND('',#360,.T.);
#226=FACE_OUTER_BOUND('',#361,.T.);
#227=FACE_OUTER_BOUND('',#362,.T.);
#228=FACE_OUTER_BOUND('',#363,.T.);
#229=FACE_OUTER_BOUND('',#364,.T.);
#230=FACE_OUTER_BOUND('',#366,.T.);
#231=FACE_OUTER_BOUND('',#367,.T.);
#232=FACE_OUTER_BOUND('',#368,.T.);
#233=FACE_OUTER_BOUND('',#369,.T.);
#234=FACE_OUTER_BOUND('',#370,.T.);
#235=FACE_OUTER_BOUND('',#371,.T.);
#236=FACE_OUTER_BOUND('',#372,.T.);
#237=FACE_OUTER_BOUND('',#373,.T.);
#238=FACE_OUTER_BOUND('',#374,.T.);
#239=FACE_OUTER_BOUND('',#375,.T.);
#240=EDGE_LOOP('',(#1261,#1262,#1263,#1264,#1265,#1266,#1267,#1268,#1269,
#1270,#1271,#1272,#1273,#1274,#1275,#1276,#1277,#1278,#1279,#1280,#1281,
#1282,#1283,#1284,#1285,#1286,#1287,#1288,#1289));
#241=EDGE_LOOP('',(#1290,#1291,#1292,#1293,#1294,#1295,#1296,#1297,#1298,
#1299,#1300,#1301,#1302,#1303,#1304,#1305,#1306));
#242=EDGE_LOOP('',(#1307,#1308,#1309,#1310,#1311));
#243=EDGE_LOOP('',(#1312,#1313,#1314,#1315,#1316));
#244=EDGE_LOOP('',(#1317,#1318,#1319,#1320,#1321,#1322));
#245=EDGE_LOOP('',(#1323,#1324,#1325,#1326,#1327,#1328));
#246=EDGE_LOOP('',(#1329,#1330,#1331,#1332));
#247=EDGE_LOOP('',(#1333,#1334,#1335,#1336,#1337));
#248=EDGE_LOOP('',(#1338,#1339,#1340,#1341));
#249=EDGE_LOOP('',(#1342,#1343,#1344,#1345));
#250=EDGE_LOOP('',(#1346,#1347,#1348,#1349,#1350,#1351,#1352,#1353));
#251=EDGE_LOOP('',(#1354,#1355,#1356,#1357));
#252=EDGE_LOOP('',(#1358,#1359,#1360,#1361));
#253=EDGE_LOOP('',(#1362,#1363,#1364,#1365));
#254=EDGE_LOOP('',(#1366,#1367,#1368,#1369));
#255=EDGE_LOOP('',(#1370,#1371,#1372,#1373,#1374,#1375,#1376,#1377,#1378,
#1379,#1380,#1381,#1382,#1383,#1384,#1385));
#256=EDGE_LOOP('',(#1386));
#257=EDGE_LOOP('',(#1387));
#258=EDGE_LOOP('',(#1388));
#259=EDGE_LOOP('',(#1389,#1390,#1391,#1392));
#260=EDGE_LOOP('',(#1393,#1394,#1395,#1396));
#261=EDGE_LOOP('',(#1397,#1398,#1399,#1400));
#262=EDGE_LOOP('',(#1401,#1402,#1403,#1404));
#263=EDGE_LOOP('',(#1405,#1406,#1407,#1408));
#264=EDGE_LOOP('',(#1409,#1410,#1411,#1412));
#265=EDGE_LOOP('',(#1413,#1414,#1415,#1416));
#266=EDGE_LOOP('',(#1417,#1418,#1419,#1420));
#267=EDGE_LOOP('',(#1421,#1422,#1423,#1424));
#268=EDGE_LOOP('',(#1425,#1426,#1427,#1428));
#269=EDGE_LOOP('',(#1429,#1430,#1431,#1432,#1433,#1434,#1435,#1436));
#270=EDGE_LOOP('',(#1437,#1438,#1439,#1440,#1441,#1442,#1443,#1444,#1445,
#1446));
#271=EDGE_LOOP('',(#1447));
#272=EDGE_LOOP('',(#1448,#1449,#1450));
#273=EDGE_LOOP('',(#1451,#1452,#1453));
#274=EDGE_LOOP('',(#1454,#1455,#1456,#1457,#1458));
#275=EDGE_LOOP('',(#1459,#1460,#1461,#1462,#1463));
#276=EDGE_LOOP('',(#1464,#1465,#1466,#1467));
#277=EDGE_LOOP('',(#1468,#1469,#1470,#1471));
#278=EDGE_LOOP('',(#1472,#1473,#1474,#1475));
#279=EDGE_LOOP('',(#1476,#1477,#1478,#1479));
#280=EDGE_LOOP('',(#1480,#1481,#1482,#1483));
#281=EDGE_LOOP('',(#1484,#1485,#1486,#1487));
#282=EDGE_LOOP('',(#1488,#1489,#1490,#1491));
#283=EDGE_LOOP('',(#1492,#1493,#1494,#1495));
#284=EDGE_LOOP('',(#1496,#1497,#1498,#1499));
#285=EDGE_LOOP('',(#1500,#1501,#1502,#1503));
#286=EDGE_LOOP('',(#1504,#1505,#1506,#1507,#1508,#1509,#1510,#1511));
#287=EDGE_LOOP('',(#1512,#1513,#1514,#1515,#1516,#1517,#1518,#1519));
#288=EDGE_LOOP('',(#1520));
#289=EDGE_LOOP('',(#1521));
#290=EDGE_LOOP('',(#1522));
#291=EDGE_LOOP('',(#1523,#1524,#1525,#1526));
#292=EDGE_LOOP('',(#1527,#1528,#1529,#1530));
#293=EDGE_LOOP('',(#1531,#1532,#1533,#1534));
#294=EDGE_LOOP('',(#1535,#1536,#1537,#1538));
#295=EDGE_LOOP('',(#1539,#1540,#1541,#1542));
#296=EDGE_LOOP('',(#1543,#1544,#1545,#1546));
#297=EDGE_LOOP('',(#1547,#1548,#1549,#1550));
#298=EDGE_LOOP('',(#1551,#1552,#1553,#1554));
#299=EDGE_LOOP('',(#1555,#1556,#1557,#1558));
#300=EDGE_LOOP('',(#1559,#1560,#1561,#1562));
#301=EDGE_LOOP('',(#1563,#1564,#1565,#1566));
#302=EDGE_LOOP('',(#1567,#1568,#1569,#1570));
#303=EDGE_LOOP('',(#1571,#1572,#1573,#1574,#1575,#1576,#1577));
#304=EDGE_LOOP('',(#1578,#1579,#1580,#1581,#1582,#1583,#1584,#1585));
#305=EDGE_LOOP('',(#1586));
#306=EDGE_LOOP('',(#1587));
#307=EDGE_LOOP('',(#1588,#1589,#1590,#1591));
#308=EDGE_LOOP('',(#1592));
#309=EDGE_LOOP('',(#1593,#1594,#1595,#1596));
#310=EDGE_LOOP('',(#1597));
#311=EDGE_LOOP('',(#1598,#1599,#1600,#1601));
#312=EDGE_LOOP('',(#1602,#1603,#1604,#1605));
#313=EDGE_LOOP('',(#1606,#1607,#1608,#1609));
#314=EDGE_LOOP('',(#1610,#1611,#1612,#1613));
#315=EDGE_LOOP('',(#1614,#1615,#1616,#1617));
#316=EDGE_LOOP('',(#1618,#1619,#1620,#1621));
#317=EDGE_LOOP('',(#1622,#1623,#1624,#1625));
#318=EDGE_LOOP('',(#1626,#1627,#1628,#1629));
#319=EDGE_LOOP('',(#1630,#1631,#1632,#1633));
#320=EDGE_LOOP('',(#1634,#1635,#1636,#1637,#1638,#1639,#1640,#1641));
#321=EDGE_LOOP('',(#1642,#1643,#1644,#1645));
#322=EDGE_LOOP('',(#1646));
#323=EDGE_LOOP('',(#1647,#1648,#1649,#1650));
#324=EDGE_LOOP('',(#1651,#1652,#1653,#1654));
#325=EDGE_LOOP('',(#1655,#1656,#1657,#1658));
#326=EDGE_LOOP('',(#1659));
#327=EDGE_LOOP('',(#1660));
#328=EDGE_LOOP('',(#1661));
#329=EDGE_LOOP('',(#1662));
#330=EDGE_LOOP('',(#1663));
#331=EDGE_LOOP('',(#1664));
#332=EDGE_LOOP('',(#1665,#1666,#1667,#1668));
#333=EDGE_LOOP('',(#1669,#1670,#1671,#1672));
#334=EDGE_LOOP('',(#1673,#1674,#1675,#1676));
#335=EDGE_LOOP('',(#1677,#1678,#1679,#1680));
#336=EDGE_LOOP('',(#1681,#1682,#1683,#1684));
#337=EDGE_LOOP('',(#1685,#1686,#1687,#1688));
#338=EDGE_LOOP('',(#1689,#1690,#1691,#1692));
#339=EDGE_LOOP('',(#1693,#1694,#1695,#1696,#1697,#1698,#1699,#1700,#1701,
#1702,#1703,#1704));
#340=EDGE_LOOP('',(#1705,#1706,#1707,#1708));
#341=EDGE_LOOP('',(#1709,#1710,#1711,#1712));
#342=EDGE_LOOP('',(#1713,#1714,#1715,#1716));
#343=EDGE_LOOP('',(#1717,#1718,#1719,#1720));
#344=EDGE_LOOP('',(#1721,#1722,#1723,#1724));
#345=EDGE_LOOP('',(#1725,#1726,#1727,#1728));
#346=EDGE_LOOP('',(#1729,#1730,#1731,#1732,#1733));
#347=EDGE_LOOP('',(#1734,#1735,#1736,#1737,#1738));
#348=EDGE_LOOP('',(#1739,#1740,#1741,#1742));
#349=EDGE_LOOP('',(#1743,#1744,#1745,#1746));
#350=EDGE_LOOP('',(#1747,#1748,#1749,#1750,#1751));
#351=EDGE_LOOP('',(#1752));
#352=EDGE_LOOP('',(#1753));
#353=EDGE_LOOP('',(#1754));
#354=EDGE_LOOP('',(#1755));
#355=EDGE_LOOP('',(#1756,#1757,#1758,#1759));
#356=EDGE_LOOP('',(#1760,#1761,#1762,#1763));
#357=EDGE_LOOP('',(#1764));
#358=EDGE_LOOP('',(#1765));
#359=EDGE_LOOP('',(#1766,#1767,#1768,#1769,#1770));
#360=EDGE_LOOP('',(#1771,#1772,#1773,#1774));
#361=EDGE_LOOP('',(#1775,#1776,#1777,#1778));
#362=EDGE_LOOP('',(#1779,#1780,#1781,#1782));
#363=EDGE_LOOP('',(#1783,#1784,#1785,#1786));
#364=EDGE_LOOP('',(#1787));
#365=EDGE_LOOP('',(#1788));
#366=EDGE_LOOP('',(#1789,#1790,#1791,#1792));
#367=EDGE_LOOP('',(#1793,#1794,#1795,#1796));
#368=EDGE_LOOP('',(#1797,#1798,#1799,#1800));
#369=EDGE_LOOP('',(#1801,#1802,#1803,#1804));
#370=EDGE_LOOP('',(#1805,#1806,#1807,#1808));
#371=EDGE_LOOP('',(#1809,#1810,#1811,#1812));
#372=EDGE_LOOP('',(#1813,#1814,#1815,#1816));
#373=EDGE_LOOP('',(#1817,#1818,#1819,#1820));
#374=EDGE_LOOP('',(#1821,#1822,#1823,#1824));
#375=EDGE_LOOP('',(#1825,#1826,#1827,#1828));
#376=LINE('',#2815,#519);
#377=LINE('',#2819,#520);
#378=LINE('',#2823,#521);
#379=LINE('',#2827,#522);
#380=LINE('',#2831,#523);
#381=LINE('',#2835,#524);
#382=LINE('',#2839,#525);
#383=LINE('',#2843,#526);
#384=LINE('',#2847,#527);
#385=LINE('',#2851,#528);
#386=LINE('',#2855,#529);
#387=LINE('',#2860,#530);
#388=LINE('',#2867,#531);
#389=LINE('',#2873,#532);
#390=LINE('',#2877,#533);
#391=LINE('',#2913,#534);
#392=LINE('',#2917,#535);
#393=LINE('',#2923,#536);
#394=LINE('',#2936,#537);
#395=LINE('',#2994,#538);
#396=LINE('',#3006,#539);
#397=LINE('',#3010,#540);
#398=LINE('',#3012,#541);
#399=LINE('',#3014,#542);
#400=LINE('',#3015,#543);
#401=LINE('',#3016,#544);
#402=LINE('',#3020,#545);
#403=LINE('',#3021,#546);
#404=LINE('',#3023,#547);
#405=LINE('',#3025,#548);
#406=LINE('',#3026,#549);
#407=LINE('',#3038,#550);
#408=LINE('',#3042,#551);
#409=LINE('',#3046,#552);
#410=LINE('',#3050,#553);
#411=LINE('',#3056,#554);
#412=LINE('',#3059,#555);
#413=LINE('',#3064,#556);
#414=LINE('',#3067,#557);
#415=LINE('',#3134,#558);
#416=LINE('',#3137,#559);
#417=LINE('',#3140,#560);
#418=LINE('',#3144,#561);
#419=LINE('',#3148,#562);
#420=LINE('',#3151,#563);
#421=LINE('',#3154,#564);
#422=LINE('',#3158,#565);
#423=LINE('',#3164,#566);
#424=LINE('',#3181,#567);
#425=LINE('',#3207,#568);
#426=LINE('',#3221,#569);
#427=LINE('',#3233,#570);
#428=LINE('',#3235,#571);
#429=LINE('',#3393,#572);
#430=LINE('',#3400,#573);
#431=LINE('',#3402,#574);
#432=LINE('',#3403,#575);
#433=LINE('',#3407,#576);
#434=LINE('',#3412,#577);
#435=LINE('',#3414,#578);
#436=LINE('',#3415,#579);
#437=LINE('',#3419,#580);
#438=LINE('',#3424,#581);
#439=LINE('',#3425,#582);
#440=LINE('',#3426,#583);
#441=LINE('',#3435,#584);
#442=LINE('',#3436,#585);
#443=LINE('',#3439,#586);
#444=LINE('',#3440,#587);
#445=LINE('',#3454,#588);
#446=LINE('',#3458,#589);
#447=LINE('',#3462,#590);
#448=LINE('',#3466,#591);
#449=LINE('',#3477,#592);
#450=LINE('',#3481,#593);
#451=LINE('',#3485,#594);
#452=LINE('',#3489,#595);
#453=LINE('',#3493,#596);
#454=LINE('',#3497,#597);
#455=LINE('',#3502,#598);
#456=LINE('',#3505,#599);
#457=LINE('',#3506,#600);
#458=LINE('',#3510,#601);
#459=LINE('',#3516,#602);
#460=LINE('',#3517,#603);
#461=LINE('',#3518,#604);
#462=LINE('',#3522,#605);
#463=LINE('',#3526,#606);
#464=LINE('',#3527,#607);
#465=LINE('',#3531,#608);
#466=LINE('',#3535,#609);
#467=LINE('',#3539,#610);
#468=LINE('',#3543,#611);
#469=LINE('',#3551,#612);
#470=LINE('',#3556,#613);
#471=LINE('',#3561,#614);
#472=LINE('',#3564,#615);
#473=LINE('',#3567,#616);
#474=LINE('',#3568,#617);
#475=LINE('',#3571,#618);
#476=LINE('',#3575,#619);
#477=LINE('',#3576,#620);
#478=LINE('',#3578,#621);
#479=LINE('',#3580,#622);
#480=LINE('',#3582,#623);
#481=LINE('',#3587,#624);
#482=LINE('',#3592,#625);
#483=LINE('',#3595,#626);
#484=LINE('',#3597,#627);
#485=LINE('',#3599,#628);
#486=LINE('',#3601,#629);
#487=LINE('',#3615,#630);
#488=LINE('',#3619,#631);
#489=LINE('',#3623,#632);
#490=LINE('',#3627,#633);
#491=LINE('',#3631,#634);
#492=LINE('',#3635,#635);
#493=LINE('',#3639,#636);
#494=LINE('',#3646,#637);
#495=LINE('',#3648,#638);
#496=LINE('',#3650,#639);
#497=LINE('',#3651,#640);
#498=LINE('',#3653,#641);
#499=LINE('',#3666,#642);
#500=LINE('',#3670,#643);
#501=LINE('',#3737,#644);
#502=LINE('',#3739,#645);
#503=LINE('',#3741,#646);
#504=LINE('',#3742,#647);
#505=LINE('',#3745,#648);
#506=LINE('',#3751,#649);
#507=LINE('',#3753,#650);
#508=LINE('',#3754,#651);
#509=LINE('',#3756,#652);
#510=LINE('',#3758,#653);
#511=LINE('',#3762,#654);
#512=LINE('',#3763,#655);
#513=LINE('',#3765,#656);
#514=LINE('',#3767,#657);
#515=LINE('',#3769,#658);
#516=LINE('',#3771,#659);
#517=LINE('',#3773,#660);
#518=LINE('',#3775,#661);
#519=VECTOR('',#2222,23.07221175998);
#520=VECTOR('',#2225,10.);
#521=VECTOR('',#2228,23.07221175998);
#522=VECTOR('',#2231,10.);
#523=VECTOR('',#2234,10.);
#524=VECTOR('',#2237,10.);
#525=VECTOR('',#2240,10.);
#526=VECTOR('',#2243,10.);
#527=VECTOR('',#2246,10.);
#528=VECTOR('',#2249,10.);
#529=VECTOR('',#2252,10.);
#530=VECTOR('',#2257,10.);
#531=VECTOR('',#2266,23.9960812858543);
#532=VECTOR('',#2271,10.);
#533=VECTOR('',#2274,10.);
#534=VECTOR('',#2279,10.);
#535=VECTOR('',#2282,10.);
#536=VECTOR('',#2287,10.);
#537=VECTOR('',#2288,10.);
#538=VECTOR('',#2289,10.);
#539=VECTOR('',#2290,10.);
#540=VECTOR('',#2293,10.);
#541=VECTOR('',#2294,10.);
#542=VECTOR('',#2295,10.);
#543=VECTOR('',#2296,10.);
#544=VECTOR('',#2297,10.);
#545=VECTOR('',#2300,10.);
#546=VECTOR('',#2301,10.);
#547=VECTOR('',#2302,10.);
#548=VECTOR('',#2303,10.);
#549=VECTOR('',#2304,10.);
#550=VECTOR('',#2323,10.);
#551=VECTOR('',#2326,10.);
#552=VECTOR('',#2329,10.);
#553=VECTOR('',#2332,10.);
#554=VECTOR('',#2337,10.);
#555=VECTOR('',#2340,10.);
#556=VECTOR('',#2343,10.);
#557=VECTOR('',#2346,10.);
#558=VECTOR('',#2387,10.);
#559=VECTOR('',#2390,3.4012506754);
#560=VECTOR('',#2393,10.);
#561=VECTOR('',#2398,3.4012506754);
#562=VECTOR('',#2403,10.);
#563=VECTOR('',#2406,3.4012506754);
#564=VECTOR('',#2409,10.);
#565=VECTOR('',#2414,3.4012506754);
#566=VECTOR('',#2423,3.4012506754);
#567=VECTOR('',#2428,10.);
#568=VECTOR('',#2431,10.);
#569=VECTOR('',#2436,3.4012506754);
#570=VECTOR('',#2437,10.);
#571=VECTOR('',#2438,10.);
#572=VECTOR('',#2443,10.);
#573=VECTOR('',#2446,10.);
#574=VECTOR('',#2447,10.);
#575=VECTOR('',#2448,10.);
#576=VECTOR('',#2451,10.);
#577=VECTOR('',#2458,10.);
#578=VECTOR('',#2459,10.);
#579=VECTOR('',#2460,10.);
#580=VECTOR('',#2463,10.);
#581=VECTOR('',#2470,10.);
#582=VECTOR('',#2471,10.);
#583=VECTOR('',#2472,10.);
#584=VECTOR('',#2479,10.);
#585=VECTOR('',#2480,10.);
#586=VECTOR('',#2483,10.);
#587=VECTOR('',#2484,10.);
#588=VECTOR('',#2487,10.);
#589=VECTOR('',#2490,10.);
#590=VECTOR('',#2493,10.);
#591=VECTOR('',#2496,10.);
#592=VECTOR('',#2509,2.075);
#593=VECTOR('',#2514,1.575);
#594=VECTOR('',#2519,2.075);
#595=VECTOR('',#2524,1.575);
#596=VECTOR('',#2529,2.075);
#597=VECTOR('',#2534,1.575);
#598=VECTOR('',#2541,23.7460812858543);
#599=VECTOR('',#2544,10.);
#600=VECTOR('',#2545,10.);
#601=VECTOR('',#2548,10.);
#602=VECTOR('',#2555,10.);
#603=VECTOR('',#2556,10.);
#604=VECTOR('',#2557,10.);
#605=VECTOR('',#2560,10.);
#606=VECTOR('',#2567,10.);
#607=VECTOR('',#2568,10.);
#608=VECTOR('',#2571,10.);
#609=VECTOR('',#2574,10.);
#610=VECTOR('',#2577,10.);
#611=VECTOR('',#2580,10.);
#612=VECTOR('',#2589,1.35);
#613=VECTOR('',#2596,1.35);
#614=VECTOR('',#2603,10.);
#615=VECTOR('',#2606,10.);
#616=VECTOR('',#2609,10.);
#617=VECTOR('',#2610,10.);
#618=VECTOR('',#2613,10.);
#619=VECTOR('',#2618,10.);
#620=VECTOR('',#2619,10.);
#621=VECTOR('',#2622,10.);
#622=VECTOR('',#2625,10.);
#623=VECTOR('',#2628,10.);
#624=VECTOR('',#2635,3.);
#625=VECTOR('',#2640,10.);
#626=VECTOR('',#2643,10.);
#627=VECTOR('',#2646,10.);
#628=VECTOR('',#2649,10.);
#629=VECTOR('',#2652,10.);
#630=VECTOR('',#2671,2.0945);
#631=VECTOR('',#2676,1.935);
#632=VECTOR('',#2681,2.0945);
#633=VECTOR('',#2686,1.935);
#634=VECTOR('',#2691,2.0945);
#635=VECTOR('',#2696,1.935);
#636=VECTOR('',#2701,10.);
#637=VECTOR('',#2708,10.);
#638=VECTOR('',#2709,10.);
#639=VECTOR('',#2710,10.);
#640=VECTOR('',#2711,10.);
#641=VECTOR('',#2714,10.);
#642=VECTOR('',#2737,1.1);
#643=VECTOR('',#2742,1.1);
#644=VECTOR('',#2751,10.);
#645=VECTOR('',#2752,10.);
#646=VECTOR('',#2753,10.);
#647=VECTOR('',#2754,10.);
#648=VECTOR('',#2757,1.1);
#649=VECTOR('',#2766,23.2100816516051);
#650=VECTOR('',#2769,10.);
#651=VECTOR('',#2770,10.);
#652=VECTOR('',#2773,10.);
#653=VECTOR('',#2776,10.);
#654=VECTOR('',#2783,10.);
#655=VECTOR('',#2784,10.);
#656=VECTOR('',#2787,10.);
#657=VECTOR('',#2790,10.);
#658=VECTOR('',#2793,10.);
#659=VECTOR('',#2796,10.);
#660=VECTOR('',#2799,10.);
#661=VECTOR('',#2802,10.);
#662=CIRCLE('',#1993,23.07221175998);
#663=CIRCLE('',#1994,23.07221175998);
#664=CIRCLE('',#1995,23.0722117599796);
#665=CIRCLE('',#1996,23.07221175998);
#666=CIRCLE('',#1997,23.07221175998);
#667=CIRCLE('',#1998,23.07221175998);
#668=CIRCLE('',#1999,23.07221175998);
#669=CIRCLE('',#2000,23.07221175998);
#670=CIRCLE('',#2001,23.07221175998);
#671=CIRCLE('',#2002,23.07221175998);
#672=CIRCLE('',#2003,23.07221175998);
#673=CIRCLE('',#2004,23.07221175998);
#674=CIRCLE('',#2005,23.0722117599796);
#675=CIRCLE('',#2006,23.07221175998);
#676=CIRCLE('',#2007,23.07221175998);
#677=CIRCLE('',#2009,23.9960812858541);
#678=CIRCLE('',#2010,23.9960812858543);
#679=CIRCLE('',#2012,23.9960812858543);
#680=CIRCLE('',#2013,23.9960812858543);
#681=CIRCLE('',#2014,23.9960812858543);
#682=CIRCLE('',#2015,23.9960812858543);
#683=CIRCLE('',#2017,23.9960812858543);
#684=CIRCLE('',#2021,23.07221175998);
#685=CIRCLE('',#2023,23.07221175998);
#686=CIRCLE('',#2025,23.07221175998);
#687=CIRCLE('',#2027,23.07221175998);
#688=CIRCLE('',#2029,22.5597771890058);
#689=CIRCLE('',#2030,22.58821175998);
#690=CIRCLE('',#2031,22.5597771890058);
#691=CIRCLE('',#2032,22.58821175998);
#692=CIRCLE('',#2033,22.58821175998);
#693=CIRCLE('',#2034,22.5597771890058);
#694=CIRCLE('',#2035,22.58821175998);
#695=CIRCLE('',#2036,22.5597771890058);
#696=CIRCLE('',#2037,21.9992597912901);
#697=CIRCLE('',#2038,3.4012506754);
#698=CIRCLE('',#2039,2.782);
#699=CIRCLE('',#2040,3.4012506754);
#700=CIRCLE('',#2041,21.9992597912901);
#701=CIRCLE('',#2042,3.4012506754);
#702=CIRCLE('',#2043,2.782);
#703=CIRCLE('',#2044,3.4012506754);
#704=CIRCLE('',#2045,21.9992597912901);
#705=CIRCLE('',#2046,21.9992597912901);
#706=CIRCLE('',#2047,21.9992597912901);
#707=CIRCLE('',#2048,3.4012506754);
#708=CIRCLE('',#2049,2.782);
#709=CIRCLE('',#2050,3.4012506754);
#710=CIRCLE('',#2051,2.2526);
#711=CIRCLE('',#2052,2.2526);
#712=CIRCLE('',#2053,2.2526);
#713=CIRCLE('',#2057,3.4012506754);
#714=CIRCLE('',#2059,2.782);
#715=CIRCLE('',#2061,3.4012506754);
#716=CIRCLE('',#2063,3.4012506754);
#717=CIRCLE('',#2065,2.782);
#718=CIRCLE('',#2067,3.4012506754);
#719=CIRCLE('',#2069,21.9992597912901);
#720=CIRCLE('',#2071,21.9992597912901);
#721=CIRCLE('',#2072,21.9992597912901);
#722=CIRCLE('',#2073,21.9992597912901);
#723=CIRCLE('',#2075,21.9992597912901);
#724=CIRCLE('',#2077,22.9960812858543);
#725=CIRCLE('',#2080,3.99608128585432);
#726=CIRCLE('',#2081,2.99608128585432);
#727=CIRCLE('',#2084,3.99608128585429);
#728=CIRCLE('',#2085,2.99608128585429);
#729=CIRCLE('',#2088,22.9960812858543);
#730=CIRCLE('',#2092,1.81258434064668);
#731=CIRCLE('',#2093,1.81258434064668);
#732=CIRCLE('',#2094,1.81258434064668);
#733=CIRCLE('',#2095,1.81258434064668);
#734=CIRCLE('',#2097,2.575);
#735=CIRCLE('',#2098,2.575);
#736=CIRCLE('',#2099,2.575);
#737=CIRCLE('',#2101,1.575);
#738=CIRCLE('',#2103,1.575);
#739=CIRCLE('',#2105,1.575);
#740=CIRCLE('',#2107,1.575);
#741=CIRCLE('',#2109,1.575);
#742=CIRCLE('',#2111,1.575);
#743=CIRCLE('',#2113,23.4960812858543);
#744=CIRCLE('',#2116,3.99608128585429);
#745=CIRCLE('',#2117,2.99608128585429);
#746=CIRCLE('',#2120,3.99608128585432);
#747=CIRCLE('',#2121,2.99608128585432);
#748=CIRCLE('',#2124,0.5);
#749=CIRCLE('',#2125,0.5);
#750=CIRCLE('',#2126,0.5);
#751=CIRCLE('',#2127,0.5);
#752=CIRCLE('',#2128,1.35);
#753=CIRCLE('',#2129,1.35);
#754=CIRCLE('',#2131,1.35);
#755=CIRCLE('',#2134,1.35);
#756=CIRCLE('',#2137,0.5);
#757=CIRCLE('',#2140,0.5);
#758=CIRCLE('',#2147,3.);
#759=CIRCLE('',#2149,0.5);
#760=CIRCLE('',#2150,0.5);
#761=CIRCLE('',#2156,1.1);
#762=CIRCLE('',#2158,1.1);
#763=CIRCLE('',#2160,1.1);
#764=CIRCLE('',#2162,1.935);
#765=CIRCLE('',#2164,1.935);
#766=CIRCLE('',#2166,1.935);
#767=CIRCLE('',#2168,1.935);
#768=CIRCLE('',#2170,1.935);
#769=CIRCLE('',#2172,1.935);
#770=CIRCLE('',#2174,3.4012506754);
#771=CIRCLE('',#2176,3.4012506754);
#772=CIRCLE('',#2177,2.782);
#773=CIRCLE('',#2181,22.559777189006);
#774=CIRCLE('',#2182,23.0491596134056);
#775=CIRCLE('',#2184,22.559777189006);
#776=CIRCLE('',#2186,23.0491596134056);
#777=CIRCLE('',#2190,1.1);
#778=CIRCLE('',#2192,1.1);
#779=CIRCLE('',#2197,1.1);
#780=CIRCLE('',#2199,23.4138864802196);
#781=VERTEX_POINT('',#2811);
#782=VERTEX_POINT('',#2812);
#783=VERTEX_POINT('',#2814);
#784=VERTEX_POINT('',#2816);
#785=VERTEX_POINT('',#2818);
#786=VERTEX_POINT('',#2820);
#787=VERTEX_POINT('',#2822);
#788=VERTEX_POINT('',#2824);
#789=VERTEX_POINT('',#2826);
#790=VERTEX_POINT('',#2828);
#791=VERTEX_POINT('',#2830);
#792=VERTEX_POINT('',#2832);
#793=VERTEX_POINT('',#2834);
#794=VERTEX_POINT('',#2836);
#795=VERTEX_POINT('',#2838);
#796=VERTEX_POINT('',#2840);
#797=VERTEX_POINT('',#2842);
#798=VERTEX_POINT('',#2844);
#799=VERTEX_POINT('',#2846);
#800=VERTEX_POINT('',#2848);
#801=VERTEX_POINT('',#2850);
#802=VERTEX_POINT('',#2852);
#803=VERTEX_POINT('',#2854);
#804=VERTEX_POINT('',#2857);
#805=VERTEX_POINT('',#2859);
#806=VERTEX_POINT('',#2864);
#807=VERTEX_POINT('',#2866);
#808=VERTEX_POINT('',#2868);
#809=VERTEX_POINT('',#2870);
#810=VERTEX_POINT('',#2872);
#811=VERTEX_POINT('',#2874);
#812=VERTEX_POINT('',#2876);
#813=VERTEX_POINT('',#2878);
#814=VERTEX_POINT('',#2893);
#815=VERTEX_POINT('',#2895);
#816=VERTEX_POINT('',#2897);
#817=VERTEX_POINT('',#2912);
#818=VERTEX_POINT('',#2914);
#819=VERTEX_POINT('',#2916);
#820=VERTEX_POINT('',#2918);
#821=VERTEX_POINT('',#2921);
#822=VERTEX_POINT('',#2922);
#823=VERTEX_POINT('',#2924);
#824=VERTEX_POINT('',#2935);
#825=VERTEX_POINT('',#2937);
#826=VERTEX_POINT('',#2964);
#827=VERTEX_POINT('',#2965);
#828=VERTEX_POINT('',#2976);
#829=VERTEX_POINT('',#2993);
#830=VERTEX_POINT('',#2995);
#831=VERTEX_POINT('',#3008);
#832=VERTEX_POINT('',#3009);
#833=VERTEX_POINT('',#3011);
#834=VERTEX_POINT('',#3013);
#835=VERTEX_POINT('',#3018);
#836=VERTEX_POINT('',#3019);
#837=VERTEX_POINT('',#3022);
#838=VERTEX_POINT('',#3024);
#839=VERTEX_POINT('',#3036);
#840=VERTEX_POINT('',#3037);
#841=VERTEX_POINT('',#3039);
#842=VERTEX_POINT('',#3041);
#843=VERTEX_POINT('',#3044);
#844=VERTEX_POINT('',#3045);
#845=VERTEX_POINT('',#3047);
#846=VERTEX_POINT('',#3049);
#847=VERTEX_POINT('',#3052);
#848=VERTEX_POINT('',#3053);
#849=VERTEX_POINT('',#3055);
#850=VERTEX_POINT('',#3057);
#851=VERTEX_POINT('',#3060);
#852=VERTEX_POINT('',#3061);
#853=VERTEX_POINT('',#3063);
#854=VERTEX_POINT('',#3065);
#855=VERTEX_POINT('',#3068);
#856=VERTEX_POINT('',#3069);
#857=VERTEX_POINT('',#3071);
#858=VERTEX_POINT('',#3073);
#859=VERTEX_POINT('',#3075);
#860=VERTEX_POINT('',#3077);
#861=VERTEX_POINT('',#3079);
#862=VERTEX_POINT('',#3081);
#863=VERTEX_POINT('',#3083);
#864=VERTEX_POINT('',#3085);
#865=VERTEX_POINT('',#3087);
#866=VERTEX_POINT('',#3101);
#867=VERTEX_POINT('',#3103);
#868=VERTEX_POINT('',#3117);
#869=VERTEX_POINT('',#3119);
#870=VERTEX_POINT('',#3121);
#871=VERTEX_POINT('',#3124);
#872=VERTEX_POINT('',#3126);
#873=VERTEX_POINT('',#3128);
#874=VERTEX_POINT('',#3133);
#875=VERTEX_POINT('',#3135);
#876=VERTEX_POINT('',#3139);
#877=VERTEX_POINT('',#3143);
#878=VERTEX_POINT('',#3147);
#879=VERTEX_POINT('',#3149);
#880=VERTEX_POINT('',#3153);
#881=VERTEX_POINT('',#3157);
#882=VERTEX_POINT('',#3163);
#883=VERTEX_POINT('',#3166);
#884=VERTEX_POINT('',#3167);
#885=VERTEX_POINT('',#3169);
#886=VERTEX_POINT('',#3180);
#887=VERTEX_POINT('',#3182);
#888=VERTEX_POINT('',#3193);
#889=VERTEX_POINT('',#3195);
#890=VERTEX_POINT('',#3206);
#891=VERTEX_POINT('',#3219);
#892=VERTEX_POINT('',#3222);
#893=VERTEX_POINT('',#3234);
#894=VERTEX_POINT('',#3246);
#895=VERTEX_POINT('',#3390);
#896=VERTEX_POINT('',#3391);
#897=VERTEX_POINT('',#3399);
#898=VERTEX_POINT('',#3401);
#899=VERTEX_POINT('',#3405);
#900=VERTEX_POINT('',#3406);
#901=VERTEX_POINT('',#3411);
#902=VERTEX_POINT('',#3413);
#903=VERTEX_POINT('',#3417);
#904=VERTEX_POINT('',#3418);
#905=VERTEX_POINT('',#3423);
#906=VERTEX_POINT('',#3428);
#907=VERTEX_POINT('',#3438);
#908=VERTEX_POINT('',#3452);
#909=VERTEX_POINT('',#3453);
#910=VERTEX_POINT('',#3455);
#911=VERTEX_POINT('',#3457);
#912=VERTEX_POINT('',#3459);
#913=VERTEX_POINT('',#3461);
#914=VERTEX_POINT('',#3463);
#915=VERTEX_POINT('',#3465);
#916=VERTEX_POINT('',#3469);
#917=VERTEX_POINT('',#3471);
#918=VERTEX_POINT('',#3473);
#919=VERTEX_POINT('',#3476);
#920=VERTEX_POINT('',#3480);
#921=VERTEX_POINT('',#3484);
#922=VERTEX_POINT('',#3488);
#923=VERTEX_POINT('',#3492);
#924=VERTEX_POINT('',#3496);
#925=VERTEX_POINT('',#3500);
#926=VERTEX_POINT('',#3504);
#927=VERTEX_POINT('',#3508);
#928=VERTEX_POINT('',#3509);
#929=VERTEX_POINT('',#3514);
#930=VERTEX_POINT('',#3515);
#931=VERTEX_POINT('',#3520);
#932=VERTEX_POINT('',#3521);
#933=VERTEX_POINT('',#3529);
#934=VERTEX_POINT('',#3530);
#935=VERTEX_POINT('',#3532);
#936=VERTEX_POINT('',#3534);
#937=VERTEX_POINT('',#3536);
#938=VERTEX_POINT('',#3538);
#939=VERTEX_POINT('',#3540);
#940=VERTEX_POINT('',#3542);
#941=VERTEX_POINT('',#3545);
#942=VERTEX_POINT('',#3547);
#943=VERTEX_POINT('',#3550);
#944=VERTEX_POINT('',#3555);
#945=VERTEX_POINT('',#3560);
#946=VERTEX_POINT('',#3562);
#947=VERTEX_POINT('',#3566);
#948=VERTEX_POINT('',#3570);
#949=VERTEX_POINT('',#3574);
#950=VERTEX_POINT('',#3585);
#951=VERTEX_POINT('',#3589);
#952=VERTEX_POINT('',#3590);
#953=VERTEX_POINT('',#3593);
#954=VERTEX_POINT('',#3604);
#955=VERTEX_POINT('',#3607);
#956=VERTEX_POINT('',#3610);
#957=VERTEX_POINT('',#3613);
#958=VERTEX_POINT('',#3617);
#959=VERTEX_POINT('',#3621);
#960=VERTEX_POINT('',#3625);
#961=VERTEX_POINT('',#3629);
#962=VERTEX_POINT('',#3633);
#963=VERTEX_POINT('',#3637);
#964=VERTEX_POINT('',#3641);
#965=VERTEX_POINT('',#3644);
#966=VERTEX_POINT('',#3645);
#967=VERTEX_POINT('',#3647);
#968=VERTEX_POINT('',#3649);
#969=VERTEX_POINT('',#3665);
#970=VERTEX_POINT('',#3669);
#971=VERTEX_POINT('',#3735);
#972=VERTEX_POINT('',#3736);
#973=VERTEX_POINT('',#3738);
#974=VERTEX_POINT('',#3740);
#975=VERTEX_POINT('',#3744);
#976=VERTEX_POINT('',#3748);
#977=EDGE_CURVE('',#781,#782,#662,.T.);
#978=EDGE_CURVE('',#782,#783,#376,.T.);
#979=EDGE_CURVE('',#783,#784,#663,.T.);
#980=EDGE_CURVE('',#784,#785,#377,.T.);
#981=EDGE_CURVE('',#785,#786,#664,.T.);
#982=EDGE_CURVE('',#786,#787,#378,.T.);
#983=EDGE_CURVE('',#788,#787,#665,.T.);
#984=EDGE_CURVE('',#788,#789,#379,.T.);
#985=EDGE_CURVE('',#789,#790,#666,.T.);
#986=EDGE_CURVE('',#791,#790,#380,.T.);
#987=EDGE_CURVE('',#792,#791,#667,.T.);
#988=EDGE_CURVE('',#792,#793,#381,.T.);
#989=EDGE_CURVE('',#793,#794,#668,.T.);
#990=EDGE_CURVE('',#795,#794,#382,.T.);
#991=EDGE_CURVE('',#796,#795,#669,.T.);
#992=EDGE_CURVE('',#796,#797,#383,.T.);
#993=EDGE_CURVE('',#797,#798,#670,.T.);
#994=EDGE_CURVE('',#799,#798,#384,.T.);
#995=EDGE_CURVE('',#800,#799,#671,.T.);
#996=EDGE_CURVE('',#800,#801,#385,.T.);
#997=EDGE_CURVE('',#801,#802,#672,.T.);
#998=EDGE_CURVE('',#803,#802,#386,.T.);
#999=EDGE_CURVE('',#787,#803,#673,.T.);
#1000=EDGE_CURVE('',#786,#804,#674,.T.);
#1001=EDGE_CURVE('',#805,#804,#387,.T.);
#1002=EDGE_CURVE('',#805,#783,#675,.T.);
#1003=EDGE_CURVE('',#782,#781,#676,.T.);
#1004=EDGE_CURVE('',#806,#806,#677,.T.);
#1005=EDGE_CURVE('',#806,#807,#388,.T.);
#1006=EDGE_CURVE('',#807,#808,#678,.T.);
#1007=EDGE_CURVE('',#809,#808,#130,.F.);
#1008=EDGE_CURVE('',#810,#809,#389,.T.);
#1009=EDGE_CURVE('',#811,#810,#679,.T.);
#1010=EDGE_CURVE('',#811,#812,#390,.T.);
#1011=EDGE_CURVE('',#813,#812,#110,.T.);
#1012=EDGE_CURVE('',#813,#814,#680,.T.);
#1013=EDGE_CURVE('',#814,#815,#681,.T.);
#1014=EDGE_CURVE('',#815,#816,#111,.F.);
#1015=EDGE_CURVE('',#817,#816,#391,.T.);
#1016=EDGE_CURVE('',#818,#817,#682,.T.);
#1017=EDGE_CURVE('',#818,#819,#392,.T.);
#1018=EDGE_CURVE('',#820,#819,#131,.F.);
#1019=EDGE_CURVE('',#820,#807,#683,.T.);
#1020=EDGE_CURVE('',#821,#822,#393,.T.);
#1021=EDGE_CURVE('',#823,#822,#112,.T.);
#1022=EDGE_CURVE('',#823,#824,#394,.T.);
#1023=EDGE_CURVE('',#824,#825,#113,.T.);
#1024=EDGE_CURVE('',#825,#821,#114,.T.);
#1025=EDGE_CURVE('',#826,#827,#115,.T.);
#1026=EDGE_CURVE('',#828,#827,#116,.F.);
#1027=EDGE_CURVE('',#828,#829,#395,.T.);
#1028=EDGE_CURVE('',#830,#829,#117,.T.);
#1029=EDGE_CURVE('',#826,#830,#396,.T.);
#1030=EDGE_CURVE('',#831,#832,#397,.T.);
#1031=EDGE_CURVE('',#832,#833,#398,.T.);
#1032=EDGE_CURVE('',#833,#834,#399,.T.);
#1033=EDGE_CURVE('',#834,#785,#400,.T.);
#1034=EDGE_CURVE('',#784,#831,#401,.T.);
#1035=EDGE_CURVE('',#835,#836,#402,.T.);
#1036=EDGE_CURVE('',#836,#805,#403,.T.);
#1037=EDGE_CURVE('',#804,#837,#404,.T.);
#1038=EDGE_CURVE('',#837,#838,#405,.T.);
#1039=EDGE_CURVE('',#838,#835,#406,.T.);
#1040=EDGE_CURVE('',#801,#798,#684,.T.);
#1041=EDGE_CURVE('',#789,#802,#685,.T.);
#1042=EDGE_CURVE('',#797,#794,#686,.T.);
#1043=EDGE_CURVE('',#793,#790,#687,.T.);
#1044=EDGE_CURVE('',#839,#840,#407,.T.);
#1045=EDGE_CURVE('',#841,#839,#688,.T.);
#1046=EDGE_CURVE('',#842,#841,#408,.T.);
#1047=EDGE_CURVE('',#842,#840,#689,.T.);
#1048=EDGE_CURVE('',#843,#844,#409,.T.);
#1049=EDGE_CURVE('',#845,#843,#690,.T.);
#1050=EDGE_CURVE('',#846,#845,#410,.T.);
#1051=EDGE_CURVE('',#846,#844,#691,.T.);
#1052=EDGE_CURVE('',#847,#848,#692,.T.);
#1053=EDGE_CURVE('',#849,#847,#411,.T.);
#1054=EDGE_CURVE('',#850,#849,#693,.T.);
#1055=EDGE_CURVE('',#848,#850,#412,.T.);
#1056=EDGE_CURVE('',#851,#852,#694,.T.);
#1057=EDGE_CURVE('',#853,#851,#413,.T.);
#1058=EDGE_CURVE('',#854,#853,#695,.T.);
#1059=EDGE_CURVE('',#852,#854,#414,.T.);
#1060=EDGE_CURVE('',#855,#856,#696,.T.);
#1061=EDGE_CURVE('',#857,#855,#697,.T.);
#1062=EDGE_CURVE('',#858,#857,#698,.T.);
#1063=EDGE_CURVE('',#859,#858,#699,.T.);
#1064=EDGE_CURVE('',#860,#859,#700,.T.);
#1065=EDGE_CURVE('',#861,#860,#701,.T.);
#1066=EDGE_CURVE('',#862,#861,#702,.T.);
#1067=EDGE_CURVE('',#863,#862,#703,.T.);
#1068=EDGE_CURVE('',#864,#863,#704,.T.);
#1069=EDGE_CURVE('',#865,#864,#118,.T.);
#1070=EDGE_CURVE('',#866,#865,#705,.T.);
#1071=EDGE_CURVE('',#867,#866,#119,.T.);
#1072=EDGE_CURVE('',#868,#867,#706,.T.);
#1073=EDGE_CURVE('',#869,#868,#707,.T.);
#1074=EDGE_CURVE('',#870,#869,#708,.T.);
#1075=EDGE_CURVE('',#856,#870,#709,.T.);
#1076=EDGE_CURVE('',#871,#871,#710,.T.);
#1077=EDGE_CURVE('',#872,#872,#711,.T.);
#1078=EDGE_CURVE('',#873,#873,#712,.T.);
#1079=EDGE_CURVE('',#874,#862,#415,.T.);
#1080=EDGE_CURVE('',#875,#874,#713,.T.);
#1081=EDGE_CURVE('',#875,#863,#416,.T.);
#1082=EDGE_CURVE('',#861,#876,#417,.T.);
#1083=EDGE_CURVE('',#874,#876,#714,.T.);
#1084=EDGE_CURVE('',#860,#877,#418,.T.);
#1085=EDGE_CURVE('',#876,#877,#715,.T.);
#1086=EDGE_CURVE('',#878,#858,#419,.T.);
#1087=EDGE_CURVE('',#879,#878,#716,.T.);
#1088=EDGE_CURVE('',#879,#859,#420,.T.);
#1089=EDGE_CURVE('',#857,#880,#421,.T.);
#1090=EDGE_CURVE('',#878,#880,#717,.T.);
#1091=EDGE_CURVE('',#855,#881,#422,.T.);
#1092=EDGE_CURVE('',#880,#881,#718,.T.);
#1093=EDGE_CURVE('',#877,#879,#719,.T.);
#1094=EDGE_CURVE('',#882,#856,#423,.T.);
#1095=EDGE_CURVE('',#881,#882,#720,.T.);
#1096=EDGE_CURVE('',#883,#884,#721,.T.);
#1097=EDGE_CURVE('',#884,#885,#120,.T.);
#1098=EDGE_CURVE('',#885,#886,#424,.T.);
#1099=EDGE_CURVE('',#886,#887,#121,.T.);
#1100=EDGE_CURVE('',#887,#888,#722,.T.);
#1101=EDGE_CURVE('',#888,#889,#122,.T.);
#1102=EDGE_CURVE('',#889,#890,#425,.T.);
#1103=EDGE_CURVE('',#890,#883,#123,.T.);
#1104=EDGE_CURVE('',#891,#875,#723,.T.);
#1105=EDGE_CURVE('',#868,#891,#426,.T.);
#1106=EDGE_CURVE('',#892,#867,#124,.T.);
#1107=EDGE_CURVE('',#866,#892,#427,.T.);
#1108=EDGE_CURVE('',#865,#893,#428,.T.);
#1109=EDGE_CURVE('',#864,#893,#125,.T.);
#1110=EDGE_CURVE('',#894,#894,#126,.T.);
#1111=EDGE_CURVE('',#895,#896,#724,.T.);
#1112=EDGE_CURVE('',#896,#818,#429,.T.);
#1113=EDGE_CURVE('',#817,#895,#127,.T.);
#1114=EDGE_CURVE('',#896,#897,#430,.T.);
#1115=EDGE_CURVE('',#897,#898,#431,.T.);
#1116=EDGE_CURVE('',#898,#818,#432,.T.);
#1117=EDGE_CURVE('',#899,#900,#433,.T.);
#1118=EDGE_CURVE('',#900,#898,#725,.T.);
#1119=EDGE_CURVE('',#897,#899,#726,.T.);
#1120=EDGE_CURVE('',#899,#901,#434,.T.);
#1121=EDGE_CURVE('',#901,#902,#435,.T.);
#1122=EDGE_CURVE('',#902,#900,#436,.T.);
#1123=EDGE_CURVE('',#903,#904,#437,.T.);
#1124=EDGE_CURVE('',#904,#902,#727,.T.);
#1125=EDGE_CURVE('',#901,#903,#728,.T.);
#1126=EDGE_CURVE('',#903,#905,#438,.T.);
#1127=EDGE_CURVE('',#905,#810,#439,.T.);
#1128=EDGE_CURVE('',#810,#904,#440,.T.);
#1129=EDGE_CURVE('',#905,#906,#729,.T.);
#1130=EDGE_CURVE('',#906,#811,#128,.T.);
#1131=EDGE_CURVE('',#906,#895,#441,.T.);
#1132=EDGE_CURVE('',#817,#811,#442,.T.);
#1133=EDGE_CURVE('',#907,#809,#443,.T.);
#1134=EDGE_CURVE('',#904,#907,#444,.T.);
#1135=EDGE_CURVE('',#812,#816,#129,.T.);
#1136=EDGE_CURVE('',#908,#909,#445,.T.);
#1137=EDGE_CURVE('',#909,#910,#730,.T.);
#1138=EDGE_CURVE('',#910,#911,#446,.T.);
#1139=EDGE_CURVE('',#911,#912,#731,.T.);
#1140=EDGE_CURVE('',#912,#913,#447,.T.);
#1141=EDGE_CURVE('',#913,#914,#732,.T.);
#1142=EDGE_CURVE('',#914,#915,#448,.T.);
#1143=EDGE_CURVE('',#915,#908,#733,.T.);
#1144=EDGE_CURVE('',#916,#916,#734,.T.);
#1145=EDGE_CURVE('',#917,#917,#735,.T.);
#1146=EDGE_CURVE('',#918,#918,#736,.T.);
#1147=EDGE_CURVE('',#916,#919,#449,.T.);
#1148=EDGE_CURVE('',#919,#919,#737,.T.);
#1149=EDGE_CURVE('',#919,#920,#450,.T.);
#1150=EDGE_CURVE('',#920,#920,#738,.T.);
#1151=EDGE_CURVE('',#918,#921,#451,.T.);
#1152=EDGE_CURVE('',#921,#921,#739,.T.);
#1153=EDGE_CURVE('',#921,#922,#452,.T.);
#1154=EDGE_CURVE('',#922,#922,#740,.T.);
#1155=EDGE_CURVE('',#917,#923,#453,.T.);
#1156=EDGE_CURVE('',#923,#923,#741,.T.);
#1157=EDGE_CURVE('',#923,#924,#454,.T.);
#1158=EDGE_CURVE('',#924,#924,#742,.T.);
#1159=EDGE_CURVE('',#925,#925,#743,.T.);
#1160=EDGE_CURVE('',#925,#806,#455,.T.);
#1161=EDGE_CURVE('',#808,#926,#456,.T.);
#1162=EDGE_CURVE('',#926,#907,#457,.T.);
#1163=EDGE_CURVE('',#927,#928,#458,.T.);
#1164=EDGE_CURVE('',#928,#907,#744,.T.);
#1165=EDGE_CURVE('',#926,#927,#745,.T.);
#1166=EDGE_CURVE('',#929,#930,#459,.T.);
#1167=EDGE_CURVE('',#930,#928,#460,.T.);
#1168=EDGE_CURVE('',#927,#929,#461,.T.);
#1169=EDGE_CURVE('',#931,#932,#462,.T.);
#1170=EDGE_CURVE('',#932,#930,#746,.T.);
#1171=EDGE_CURVE('',#929,#931,#747,.T.);
#1172=EDGE_CURVE('',#819,#932,#463,.T.);
#1173=EDGE_CURVE('',#931,#820,#464,.T.);
#1174=EDGE_CURVE('',#933,#934,#465,.T.);
#1175=EDGE_CURVE('',#935,#933,#748,.T.);
#1176=EDGE_CURVE('',#936,#935,#466,.T.);
#1177=EDGE_CURVE('',#937,#936,#749,.T.);
#1178=EDGE_CURVE('',#938,#937,#467,.T.);
#1179=EDGE_CURVE('',#939,#938,#750,.T.);
#1180=EDGE_CURVE('',#940,#939,#468,.T.);
#1181=EDGE_CURVE('',#934,#940,#751,.T.);
#1182=EDGE_CURVE('',#941,#941,#752,.T.);
#1183=EDGE_CURVE('',#942,#942,#753,.T.);
#1184=EDGE_CURVE('',#942,#943,#469,.T.);
#1185=EDGE_CURVE('',#943,#943,#754,.T.);
#1186=EDGE_CURVE('',#941,#944,#470,.T.);
#1187=EDGE_CURVE('',#944,#944,#755,.T.);
#1188=EDGE_CURVE('',#938,#945,#471,.T.);
#1189=EDGE_CURVE('',#945,#946,#756,.T.);
#1190=EDGE_CURVE('',#946,#939,#472,.T.);
#1191=EDGE_CURVE('',#947,#937,#473,.T.);
#1192=EDGE_CURVE('',#947,#945,#474,.T.);
#1193=EDGE_CURVE('',#936,#948,#475,.T.);
#1194=EDGE_CURVE('',#948,#947,#757,.T.);
#1195=EDGE_CURVE('',#949,#935,#476,.T.);
#1196=EDGE_CURVE('',#949,#948,#477,.T.);
#1197=EDGE_CURVE('',#928,#902,#478,.T.);
#1198=EDGE_CURVE('',#900,#930,#479,.T.);
#1199=EDGE_CURVE('',#932,#898,#480,.T.);
#1200=EDGE_CURVE('',#950,#950,#758,.T.);
#1201=EDGE_CURVE('',#950,#894,#481,.T.);
#1202=EDGE_CURVE('',#951,#952,#759,.T.);
#1203=EDGE_CURVE('',#946,#951,#482,.T.);
#1204=EDGE_CURVE('',#953,#949,#760,.T.);
#1205=EDGE_CURVE('',#952,#953,#483,.T.);
#1206=EDGE_CURVE('',#940,#951,#484,.T.);
#1207=EDGE_CURVE('',#933,#953,#485,.T.);
#1208=EDGE_CURVE('',#952,#934,#486,.T.);
#1209=EDGE_CURVE('',#954,#954,#761,.T.);
#1210=EDGE_CURVE('',#955,#955,#762,.T.);
#1211=EDGE_CURVE('',#956,#956,#763,.T.);
#1212=EDGE_CURVE('',#957,#957,#764,.T.);
#1213=EDGE_CURVE('',#957,#873,#487,.T.);
#1214=EDGE_CURVE('',#958,#958,#765,.T.);
#1215=EDGE_CURVE('',#958,#957,#488,.T.);
#1216=EDGE_CURVE('',#959,#959,#766,.T.);
#1217=EDGE_CURVE('',#959,#872,#489,.T.);
#1218=EDGE_CURVE('',#960,#960,#767,.T.);
#1219=EDGE_CURVE('',#960,#959,#490,.T.);
#1220=EDGE_CURVE('',#961,#961,#768,.T.);
#1221=EDGE_CURVE('',#961,#871,#491,.T.);
#1222=EDGE_CURVE('',#962,#962,#769,.T.);
#1223=EDGE_CURVE('',#962,#961,#492,.T.);
#1224=EDGE_CURVE('',#963,#891,#770,.T.);
#1225=EDGE_CURVE('',#869,#963,#493,.T.);
#1226=EDGE_CURVE('',#882,#964,#771,.T.);
#1227=EDGE_CURVE('',#964,#963,#772,.T.);
#1228=EDGE_CURVE('',#965,#966,#494,.T.);
#1229=EDGE_CURVE('',#966,#967,#495,.T.);
#1230=EDGE_CURVE('',#967,#968,#496,.T.);
#1231=EDGE_CURVE('',#968,#965,#497,.T.);
#1232=EDGE_CURVE('',#964,#870,#498,.T.);
#1233=EDGE_CURVE('',#835,#832,#773,.T.);
#1234=EDGE_CURVE('',#831,#836,#774,.T.);
#1235=EDGE_CURVE('',#833,#838,#775,.T.);
#1236=EDGE_CURVE('',#834,#837,#776,.T.);
#1237=EDGE_CURVE('',#955,#969,#499,.T.);
#1238=EDGE_CURVE('',#969,#969,#777,.T.);
#1239=EDGE_CURVE('',#956,#970,#500,.T.);
#1240=EDGE_CURVE('',#970,#970,#778,.T.);
#1241=EDGE_CURVE('',#971,#972,#501,.T.);
#1242=EDGE_CURVE('',#973,#971,#502,.T.);
#1243=EDGE_CURVE('',#974,#973,#503,.T.);
#1244=EDGE_CURVE('',#972,#974,#504,.T.);
#1245=EDGE_CURVE('',#954,#975,#505,.T.);
#1246=EDGE_CURVE('',#975,#975,#779,.T.);
#1247=EDGE_CURVE('',#976,#976,#780,.T.);
#1248=EDGE_CURVE('',#781,#976,#506,.T.);
#1249=EDGE_CURVE('',#974,#968,#507,.T.);
#1250=EDGE_CURVE('',#973,#965,#508,.T.);
#1251=EDGE_CURVE('',#972,#967,#509,.T.);
#1252=EDGE_CURVE('',#971,#966,#510,.T.);
#1253=EDGE_CURVE('',#910,#890,#511,.T.);
#1254=EDGE_CURVE('',#909,#883,#512,.T.);
#1255=EDGE_CURVE('',#911,#889,#513,.T.);
#1256=EDGE_CURVE('',#912,#888,#514,.T.);
#1257=EDGE_CURVE('',#913,#887,#515,.T.);
#1258=EDGE_CURVE('',#914,#886,#516,.T.);
#1259=EDGE_CURVE('',#915,#885,#517,.T.);
#1260=EDGE_CURVE('',#908,#884,#518,.T.);
#1261=ORIENTED_EDGE('',*,*,#977,.T.);
#1262=ORIENTED_EDGE('',*,*,#978,.T.);
#1263=ORIENTED_EDGE('',*,*,#979,.T.);
#1264=ORIENTED_EDGE('',*,*,#980,.T.);
#1265=ORIENTED_EDGE('',*,*,#981,.T.);
#1266=ORIENTED_EDGE('',*,*,#982,.T.);
#1267=ORIENTED_EDGE('',*,*,#983,.F.);
#1268=ORIENTED_EDGE('',*,*,#984,.T.);
#1269=ORIENTED_EDGE('',*,*,#985,.T.);
#1270=ORIENTED_EDGE('',*,*,#986,.F.);
#1271=ORIENTED_EDGE('',*,*,#987,.F.);
#1272=ORIENTED_EDGE('',*,*,#988,.T.);
#1273=ORIENTED_EDGE('',*,*,#989,.T.);
#1274=ORIENTED_EDGE('',*,*,#990,.F.);
#1275=ORIENTED_EDGE('',*,*,#991,.F.);
#1276=ORIENTED_EDGE('',*,*,#992,.T.);
#1277=ORIENTED_EDGE('',*,*,#993,.T.);
#1278=ORIENTED_EDGE('',*,*,#994,.F.);
#1279=ORIENTED_EDGE('',*,*,#995,.F.);
#1280=ORIENTED_EDGE('',*,*,#996,.T.);
#1281=ORIENTED_EDGE('',*,*,#997,.T.);
#1282=ORIENTED_EDGE('',*,*,#998,.F.);
#1283=ORIENTED_EDGE('',*,*,#999,.F.);
#1284=ORIENTED_EDGE('',*,*,#982,.F.);
#1285=ORIENTED_EDGE('',*,*,#1000,.T.);
#1286=ORIENTED_EDGE('',*,*,#1001,.F.);
#1287=ORIENTED_EDGE('',*,*,#1002,.T.);
#1288=ORIENTED_EDGE('',*,*,#978,.F.);
#1289=ORIENTED_EDGE('',*,*,#1003,.T.);
#1290=ORIENTED_EDGE('',*,*,#1004,.F.);
#1291=ORIENTED_EDGE('',*,*,#1005,.T.);
#1292=ORIENTED_EDGE('',*,*,#1006,.T.);
#1293=ORIENTED_EDGE('',*,*,#1007,.F.);
#1294=ORIENTED_EDGE('',*,*,#1008,.F.);
#1295=ORIENTED_EDGE('',*,*,#1009,.F.);
#1296=ORIENTED_EDGE('',*,*,#1010,.T.);
#1297=ORIENTED_EDGE('',*,*,#1011,.F.);
#1298=ORIENTED_EDGE('',*,*,#1012,.T.);
#1299=ORIENTED_EDGE('',*,*,#1013,.T.);
#1300=ORIENTED_EDGE('',*,*,#1014,.T.);
#1301=ORIENTED_EDGE('',*,*,#1015,.F.);
#1302=ORIENTED_EDGE('',*,*,#1016,.F.);
#1303=ORIENTED_EDGE('',*,*,#1017,.T.);
#1304=ORIENTED_EDGE('',*,*,#1018,.F.);
#1305=ORIENTED_EDGE('',*,*,#1019,.T.);
#1306=ORIENTED_EDGE('',*,*,#1005,.F.);
#1307=ORIENTED_EDGE('',*,*,#1020,.T.);
#1308=ORIENTED_EDGE('',*,*,#1021,.F.);
#1309=ORIENTED_EDGE('',*,*,#1022,.T.);
#1310=ORIENTED_EDGE('',*,*,#1023,.T.);
#1311=ORIENTED_EDGE('',*,*,#1024,.T.);
#1312=ORIENTED_EDGE('',*,*,#1025,.T.);
#1313=ORIENTED_EDGE('',*,*,#1026,.F.);
#1314=ORIENTED_EDGE('',*,*,#1027,.T.);
#1315=ORIENTED_EDGE('',*,*,#1028,.F.);
#1316=ORIENTED_EDGE('',*,*,#1029,.F.);
#1317=ORIENTED_EDGE('',*,*,#1030,.T.);
#1318=ORIENTED_EDGE('',*,*,#1031,.T.);
#1319=ORIENTED_EDGE('',*,*,#1032,.T.);
#1320=ORIENTED_EDGE('',*,*,#1033,.T.);
#1321=ORIENTED_EDGE('',*,*,#980,.F.);
#1322=ORIENTED_EDGE('',*,*,#1034,.T.);
#1323=ORIENTED_EDGE('',*,*,#1035,.T.);
#1324=ORIENTED_EDGE('',*,*,#1036,.T.);
#1325=ORIENTED_EDGE('',*,*,#1001,.T.);
#1326=ORIENTED_EDGE('',*,*,#1037,.T.);
#1327=ORIENTED_EDGE('',*,*,#1038,.T.);
#1328=ORIENTED_EDGE('',*,*,#1039,.T.);
#1329=ORIENTED_EDGE('',*,*,#994,.T.);
#1330=ORIENTED_EDGE('',*,*,#1040,.F.);
#1331=ORIENTED_EDGE('',*,*,#996,.F.);
#1332=ORIENTED_EDGE('',*,*,#995,.T.);
#1333=ORIENTED_EDGE('',*,*,#984,.F.);
#1334=ORIENTED_EDGE('',*,*,#983,.T.);
#1335=ORIENTED_EDGE('',*,*,#999,.T.);
#1336=ORIENTED_EDGE('',*,*,#998,.T.);
#1337=ORIENTED_EDGE('',*,*,#1041,.F.);
#1338=ORIENTED_EDGE('',*,*,#990,.T.);
#1339=ORIENTED_EDGE('',*,*,#1042,.F.);
#1340=ORIENTED_EDGE('',*,*,#992,.F.);
#1341=ORIENTED_EDGE('',*,*,#991,.T.);
#1342=ORIENTED_EDGE('',*,*,#988,.F.);
#1343=ORIENTED_EDGE('',*,*,#987,.T.);
#1344=ORIENTED_EDGE('',*,*,#986,.T.);
#1345=ORIENTED_EDGE('',*,*,#1043,.F.);
#1346=ORIENTED_EDGE('',*,*,#1043,.T.);
#1347=ORIENTED_EDGE('',*,*,#985,.F.);
#1348=ORIENTED_EDGE('',*,*,#1041,.T.);
#1349=ORIENTED_EDGE('',*,*,#997,.F.);
#1350=ORIENTED_EDGE('',*,*,#1040,.T.);
#1351=ORIENTED_EDGE('',*,*,#993,.F.);
#1352=ORIENTED_EDGE('',*,*,#1042,.T.);
#1353=ORIENTED_EDGE('',*,*,#989,.F.);
#1354=ORIENTED_EDGE('',*,*,#1044,.F.);
#1355=ORIENTED_EDGE('',*,*,#1045,.F.);
#1356=ORIENTED_EDGE('',*,*,#1046,.F.);
#1357=ORIENTED_EDGE('',*,*,#1047,.T.);
#1358=ORIENTED_EDGE('',*,*,#1048,.F.);
#1359=ORIENTED_EDGE('',*,*,#1049,.F.);
#1360=ORIENTED_EDGE('',*,*,#1050,.F.);
#1361=ORIENTED_EDGE('',*,*,#1051,.T.);
#1362=ORIENTED_EDGE('',*,*,#1052,.F.);
#1363=ORIENTED_EDGE('',*,*,#1053,.F.);
#1364=ORIENTED_EDGE('',*,*,#1054,.F.);
#1365=ORIENTED_EDGE('',*,*,#1055,.F.);
#1366=ORIENTED_EDGE('',*,*,#1056,.F.);
#1367=ORIENTED_EDGE('',*,*,#1057,.F.);
#1368=ORIENTED_EDGE('',*,*,#1058,.F.);
#1369=ORIENTED_EDGE('',*,*,#1059,.F.);
#1370=ORIENTED_EDGE('',*,*,#1060,.F.);
#1371=ORIENTED_EDGE('',*,*,#1061,.F.);
#1372=ORIENTED_EDGE('',*,*,#1062,.F.);
#1373=ORIENTED_EDGE('',*,*,#1063,.F.);
#1374=ORIENTED_EDGE('',*,*,#1064,.F.);
#1375=ORIENTED_EDGE('',*,*,#1065,.F.);
#1376=ORIENTED_EDGE('',*,*,#1066,.F.);
#1377=ORIENTED_EDGE('',*,*,#1067,.F.);
#1378=ORIENTED_EDGE('',*,*,#1068,.F.);
#1379=ORIENTED_EDGE('',*,*,#1069,.F.);
#1380=ORIENTED_EDGE('',*,*,#1070,.F.);
#1381=ORIENTED_EDGE('',*,*,#1071,.F.);
#1382=ORIENTED_EDGE('',*,*,#1072,.F.);
#1383=ORIENTED_EDGE('',*,*,#1073,.F.);
#1384=ORIENTED_EDGE('',*,*,#1074,.F.);
#1385=ORIENTED_EDGE('',*,*,#1075,.F.);
#1386=ORIENTED_EDGE('',*,*,#1076,.F.);
#1387=ORIENTED_EDGE('',*,*,#1077,.F.);
#1388=ORIENTED_EDGE('',*,*,#1078,.F.);
#1389=ORIENTED_EDGE('',*,*,#1055,.T.);
#1390=ORIENTED_EDGE('',*,*,#1054,.T.);
#1391=ORIENTED_EDGE('',*,*,#1053,.T.);
#1392=ORIENTED_EDGE('',*,*,#1052,.T.);
#1393=ORIENTED_EDGE('',*,*,#1059,.T.);
#1394=ORIENTED_EDGE('',*,*,#1058,.T.);
#1395=ORIENTED_EDGE('',*,*,#1057,.T.);
#1396=ORIENTED_EDGE('',*,*,#1056,.T.);
#1397=ORIENTED_EDGE('',*,*,#1067,.T.);
#1398=ORIENTED_EDGE('',*,*,#1079,.F.);
#1399=ORIENTED_EDGE('',*,*,#1080,.F.);
#1400=ORIENTED_EDGE('',*,*,#1081,.T.);
#1401=ORIENTED_EDGE('',*,*,#1066,.T.);
#1402=ORIENTED_EDGE('',*,*,#1082,.T.);
#1403=ORIENTED_EDGE('',*,*,#1083,.F.);
#1404=ORIENTED_EDGE('',*,*,#1079,.T.);
#1405=ORIENTED_EDGE('',*,*,#1065,.T.);
#1406=ORIENTED_EDGE('',*,*,#1084,.T.);
#1407=ORIENTED_EDGE('',*,*,#1085,.F.);
#1408=ORIENTED_EDGE('',*,*,#1082,.F.);
#1409=ORIENTED_EDGE('',*,*,#1063,.T.);
#1410=ORIENTED_EDGE('',*,*,#1086,.F.);
#1411=ORIENTED_EDGE('',*,*,#1087,.F.);
#1412=ORIENTED_EDGE('',*,*,#1088,.T.);
#1413=ORIENTED_EDGE('',*,*,#1062,.T.);
#1414=ORIENTED_EDGE('',*,*,#1089,.T.);
#1415=ORIENTED_EDGE('',*,*,#1090,.F.);
#1416=ORIENTED_EDGE('',*,*,#1086,.T.);
#1417=ORIENTED_EDGE('',*,*,#1061,.T.);
#1418=ORIENTED_EDGE('',*,*,#1091,.T.);
#1419=ORIENTED_EDGE('',*,*,#1092,.F.);
#1420=ORIENTED_EDGE('',*,*,#1089,.F.);
#1421=ORIENTED_EDGE('',*,*,#1064,.T.);
#1422=ORIENTED_EDGE('',*,*,#1088,.F.);
#1423=ORIENTED_EDGE('',*,*,#1093,.F.);
#1424=ORIENTED_EDGE('',*,*,#1084,.F.);
#1425=ORIENTED_EDGE('',*,*,#1060,.T.);
#1426=ORIENTED_EDGE('',*,*,#1094,.F.);
#1427=ORIENTED_EDGE('',*,*,#1095,.F.);
#1428=ORIENTED_EDGE('',*,*,#1091,.F.);
#1429=ORIENTED_EDGE('',*,*,#1096,.T.);
#1430=ORIENTED_EDGE('',*,*,#1097,.T.);
#1431=ORIENTED_EDGE('',*,*,#1098,.T.);
#1432=ORIENTED_EDGE('',*,*,#1099,.T.);
#1433=ORIENTED_EDGE('',*,*,#1100,.T.);
#1434=ORIENTED_EDGE('',*,*,#1101,.T.);
#1435=ORIENTED_EDGE('',*,*,#1102,.T.);
#1436=ORIENTED_EDGE('',*,*,#1103,.T.);
#1437=ORIENTED_EDGE('',*,*,#1068,.T.);
#1438=ORIENTED_EDGE('',*,*,#1081,.F.);
#1439=ORIENTED_EDGE('',*,*,#1104,.F.);
#1440=ORIENTED_EDGE('',*,*,#1105,.F.);
#1441=ORIENTED_EDGE('',*,*,#1072,.T.);
#1442=ORIENTED_EDGE('',*,*,#1106,.F.);
#1443=ORIENTED_EDGE('',*,*,#1107,.F.);
#1444=ORIENTED_EDGE('',*,*,#1070,.T.);
#1445=ORIENTED_EDGE('',*,*,#1108,.T.);
#1446=ORIENTED_EDGE('',*,*,#1109,.F.);
#1447=ORIENTED_EDGE('',*,*,#1110,.T.);
#1448=ORIENTED_EDGE('',*,*,#1069,.T.);
#1449=ORIENTED_EDGE('',*,*,#1109,.T.);
#1450=ORIENTED_EDGE('',*,*,#1108,.F.);
#1451=ORIENTED_EDGE('',*,*,#1071,.T.);
#1452=ORIENTED_EDGE('',*,*,#1107,.T.);
#1453=ORIENTED_EDGE('',*,*,#1106,.T.);
#1454=ORIENTED_EDGE('',*,*,#1021,.T.);
#1455=ORIENTED_EDGE('',*,*,#1020,.F.);
#1456=ORIENTED_EDGE('',*,*,#1024,.F.);
#1457=ORIENTED_EDGE('',*,*,#1023,.F.);
#1458=ORIENTED_EDGE('',*,*,#1022,.F.);
#1459=ORIENTED_EDGE('',*,*,#1028,.T.);
#1460=ORIENTED_EDGE('',*,*,#1027,.F.);
#1461=ORIENTED_EDGE('',*,*,#1026,.T.);
#1462=ORIENTED_EDGE('',*,*,#1025,.F.);
#1463=ORIENTED_EDGE('',*,*,#1029,.T.);
#1464=ORIENTED_EDGE('',*,*,#1111,.T.);
#1465=ORIENTED_EDGE('',*,*,#1112,.T.);
#1466=ORIENTED_EDGE('',*,*,#1016,.T.);
#1467=ORIENTED_EDGE('',*,*,#1113,.T.);
#1468=ORIENTED_EDGE('',*,*,#1112,.F.);
#1469=ORIENTED_EDGE('',*,*,#1114,.T.);
#1470=ORIENTED_EDGE('',*,*,#1115,.T.);
#1471=ORIENTED_EDGE('',*,*,#1116,.T.);
#1472=ORIENTED_EDGE('',*,*,#1117,.T.);
#1473=ORIENTED_EDGE('',*,*,#1118,.T.);
#1474=ORIENTED_EDGE('',*,*,#1115,.F.);
#1475=ORIENTED_EDGE('',*,*,#1119,.T.);
#1476=ORIENTED_EDGE('',*,*,#1117,.F.);
#1477=ORIENTED_EDGE('',*,*,#1120,.T.);
#1478=ORIENTED_EDGE('',*,*,#1121,.T.);
#1479=ORIENTED_EDGE('',*,*,#1122,.T.);
#1480=ORIENTED_EDGE('',*,*,#1123,.T.);
#1481=ORIENTED_EDGE('',*,*,#1124,.T.);
#1482=ORIENTED_EDGE('',*,*,#1121,.F.);
#1483=ORIENTED_EDGE('',*,*,#1125,.T.);
#1484=ORIENTED_EDGE('',*,*,#1123,.F.);
#1485=ORIENTED_EDGE('',*,*,#1126,.T.);
#1486=ORIENTED_EDGE('',*,*,#1127,.T.);
#1487=ORIENTED_EDGE('',*,*,#1128,.T.);
#1488=ORIENTED_EDGE('',*,*,#1009,.T.);
#1489=ORIENTED_EDGE('',*,*,#1127,.F.);
#1490=ORIENTED_EDGE('',*,*,#1129,.T.);
#1491=ORIENTED_EDGE('',*,*,#1130,.T.);
#1492=ORIENTED_EDGE('',*,*,#1131,.T.);
#1493=ORIENTED_EDGE('',*,*,#1113,.F.);
#1494=ORIENTED_EDGE('',*,*,#1132,.T.);
#1495=ORIENTED_EDGE('',*,*,#1130,.F.);
#1496=ORIENTED_EDGE('',*,*,#1128,.F.);
#1497=ORIENTED_EDGE('',*,*,#1008,.T.);
#1498=ORIENTED_EDGE('',*,*,#1133,.F.);
#1499=ORIENTED_EDGE('',*,*,#1134,.F.);
#1500=ORIENTED_EDGE('',*,*,#1132,.F.);
#1501=ORIENTED_EDGE('',*,*,#1015,.T.);
#1502=ORIENTED_EDGE('',*,*,#1135,.F.);
#1503=ORIENTED_EDGE('',*,*,#1010,.F.);
#1504=ORIENTED_EDGE('',*,*,#1136,.T.);
#1505=ORIENTED_EDGE('',*,*,#1137,.T.);
#1506=ORIENTED_EDGE('',*,*,#1138,.T.);
#1507=ORIENTED_EDGE('',*,*,#1139,.T.);
#1508=ORIENTED_EDGE('',*,*,#1140,.T.);
#1509=ORIENTED_EDGE('',*,*,#1141,.T.);
#1510=ORIENTED_EDGE('',*,*,#1142,.T.);
#1511=ORIENTED_EDGE('',*,*,#1143,.T.);
#1512=ORIENTED_EDGE('',*,*,#1111,.F.);
#1513=ORIENTED_EDGE('',*,*,#1131,.F.);
#1514=ORIENTED_EDGE('',*,*,#1129,.F.);
#1515=ORIENTED_EDGE('',*,*,#1126,.F.);
#1516=ORIENTED_EDGE('',*,*,#1125,.F.);
#1517=ORIENTED_EDGE('',*,*,#1120,.F.);
#1518=ORIENTED_EDGE('',*,*,#1119,.F.);
#1519=ORIENTED_EDGE('',*,*,#1114,.F.);
#1520=ORIENTED_EDGE('',*,*,#1144,.F.);
#1521=ORIENTED_EDGE('',*,*,#1145,.F.);
#1522=ORIENTED_EDGE('',*,*,#1146,.F.);
#1523=ORIENTED_EDGE('',*,*,#1144,.T.);
#1524=ORIENTED_EDGE('',*,*,#1147,.T.);
#1525=ORIENTED_EDGE('',*,*,#1148,.T.);
#1526=ORIENTED_EDGE('',*,*,#1147,.F.);
#1527=ORIENTED_EDGE('',*,*,#1148,.F.);
#1528=ORIENTED_EDGE('',*,*,#1149,.T.);
#1529=ORIENTED_EDGE('',*,*,#1150,.T.);
#1530=ORIENTED_EDGE('',*,*,#1149,.F.);
#1531=ORIENTED_EDGE('',*,*,#1146,.T.);
#1532=ORIENTED_EDGE('',*,*,#1151,.T.);
#1533=ORIENTED_EDGE('',*,*,#1152,.T.);
#1534=ORIENTED_EDGE('',*,*,#1151,.F.);
#1535=ORIENTED_EDGE('',*,*,#1152,.F.);
#1536=ORIENTED_EDGE('',*,*,#1153,.T.);
#1537=ORIENTED_EDGE('',*,*,#1154,.T.);
#1538=ORIENTED_EDGE('',*,*,#1153,.F.);
#1539=ORIENTED_EDGE('',*,*,#1145,.T.);
#1540=ORIENTED_EDGE('',*,*,#1155,.T.);
#1541=ORIENTED_EDGE('',*,*,#1156,.T.);
#1542=ORIENTED_EDGE('',*,*,#1155,.F.);
#1543=ORIENTED_EDGE('',*,*,#1156,.F.);
#1544=ORIENTED_EDGE('',*,*,#1157,.T.);
#1545=ORIENTED_EDGE('',*,*,#1158,.T.);
#1546=ORIENTED_EDGE('',*,*,#1157,.F.);
#1547=ORIENTED_EDGE('',*,*,#1159,.T.);
#1548=ORIENTED_EDGE('',*,*,#1160,.T.);
#1549=ORIENTED_EDGE('',*,*,#1004,.T.);
#1550=ORIENTED_EDGE('',*,*,#1160,.F.);
#1551=ORIENTED_EDGE('',*,*,#1007,.T.);
#1552=ORIENTED_EDGE('',*,*,#1161,.T.);
#1553=ORIENTED_EDGE('',*,*,#1162,.T.);
#1554=ORIENTED_EDGE('',*,*,#1133,.T.);
#1555=ORIENTED_EDGE('',*,*,#1163,.T.);
#1556=ORIENTED_EDGE('',*,*,#1164,.T.);
#1557=ORIENTED_EDGE('',*,*,#1162,.F.);
#1558=ORIENTED_EDGE('',*,*,#1165,.T.);
#1559=ORIENTED_EDGE('',*,*,#1166,.T.);
#1560=ORIENTED_EDGE('',*,*,#1167,.T.);
#1561=ORIENTED_EDGE('',*,*,#1163,.F.);
#1562=ORIENTED_EDGE('',*,*,#1168,.T.);
#1563=ORIENTED_EDGE('',*,*,#1169,.T.);
#1564=ORIENTED_EDGE('',*,*,#1170,.T.);
#1565=ORIENTED_EDGE('',*,*,#1166,.F.);
#1566=ORIENTED_EDGE('',*,*,#1171,.T.);
#1567=ORIENTED_EDGE('',*,*,#1018,.T.);
#1568=ORIENTED_EDGE('',*,*,#1172,.T.);
#1569=ORIENTED_EDGE('',*,*,#1169,.F.);
#1570=ORIENTED_EDGE('',*,*,#1173,.T.);
#1571=ORIENTED_EDGE('',*,*,#1173,.F.);
#1572=ORIENTED_EDGE('',*,*,#1171,.F.);
#1573=ORIENTED_EDGE('',*,*,#1168,.F.);
#1574=ORIENTED_EDGE('',*,*,#1165,.F.);
#1575=ORIENTED_EDGE('',*,*,#1161,.F.);
#1576=ORIENTED_EDGE('',*,*,#1006,.F.);
#1577=ORIENTED_EDGE('',*,*,#1019,.F.);
#1578=ORIENTED_EDGE('',*,*,#1174,.F.);
#1579=ORIENTED_EDGE('',*,*,#1175,.F.);
#1580=ORIENTED_EDGE('',*,*,#1176,.F.);
#1581=ORIENTED_EDGE('',*,*,#1177,.F.);
#1582=ORIENTED_EDGE('',*,*,#1178,.F.);
#1583=ORIENTED_EDGE('',*,*,#1179,.F.);
#1584=ORIENTED_EDGE('',*,*,#1180,.F.);
#1585=ORIENTED_EDGE('',*,*,#1181,.F.);
#1586=ORIENTED_EDGE('',*,*,#1182,.T.);
#1587=ORIENTED_EDGE('',*,*,#1183,.T.);
#1588=ORIENTED_EDGE('',*,*,#1183,.F.);
#1589=ORIENTED_EDGE('',*,*,#1184,.T.);
#1590=ORIENTED_EDGE('',*,*,#1185,.T.);
#1591=ORIENTED_EDGE('',*,*,#1184,.F.);
#1592=ORIENTED_EDGE('',*,*,#1185,.F.);
#1593=ORIENTED_EDGE('',*,*,#1182,.F.);
#1594=ORIENTED_EDGE('',*,*,#1186,.T.);
#1595=ORIENTED_EDGE('',*,*,#1187,.T.);
#1596=ORIENTED_EDGE('',*,*,#1186,.F.);
#1597=ORIENTED_EDGE('',*,*,#1187,.F.);
#1598=ORIENTED_EDGE('',*,*,#1179,.T.);
#1599=ORIENTED_EDGE('',*,*,#1188,.T.);
#1600=ORIENTED_EDGE('',*,*,#1189,.T.);
#1601=ORIENTED_EDGE('',*,*,#1190,.T.);
#1602=ORIENTED_EDGE('',*,*,#1178,.T.);
#1603=ORIENTED_EDGE('',*,*,#1191,.F.);
#1604=ORIENTED_EDGE('',*,*,#1192,.T.);
#1605=ORIENTED_EDGE('',*,*,#1188,.F.);
#1606=ORIENTED_EDGE('',*,*,#1177,.T.);
#1607=ORIENTED_EDGE('',*,*,#1193,.T.);
#1608=ORIENTED_EDGE('',*,*,#1194,.T.);
#1609=ORIENTED_EDGE('',*,*,#1191,.T.);
#1610=ORIENTED_EDGE('',*,*,#1176,.T.);
#1611=ORIENTED_EDGE('',*,*,#1195,.F.);
#1612=ORIENTED_EDGE('',*,*,#1196,.T.);
#1613=ORIENTED_EDGE('',*,*,#1193,.F.);
#1614=ORIENTED_EDGE('',*,*,#1124,.F.);
#1615=ORIENTED_EDGE('',*,*,#1134,.T.);
#1616=ORIENTED_EDGE('',*,*,#1164,.F.);
#1617=ORIENTED_EDGE('',*,*,#1197,.T.);
#1618=ORIENTED_EDGE('',*,*,#1122,.F.);
#1619=ORIENTED_EDGE('',*,*,#1197,.F.);
#1620=ORIENTED_EDGE('',*,*,#1167,.F.);
#1621=ORIENTED_EDGE('',*,*,#1198,.F.);
#1622=ORIENTED_EDGE('',*,*,#1118,.F.);
#1623=ORIENTED_EDGE('',*,*,#1198,.T.);
#1624=ORIENTED_EDGE('',*,*,#1170,.F.);
#1625=ORIENTED_EDGE('',*,*,#1199,.T.);
#1626=ORIENTED_EDGE('',*,*,#1116,.F.);
#1627=ORIENTED_EDGE('',*,*,#1199,.F.);
#1628=ORIENTED_EDGE('',*,*,#1172,.F.);
#1629=ORIENTED_EDGE('',*,*,#1017,.F.);
#1630=ORIENTED_EDGE('',*,*,#1200,.F.);
#1631=ORIENTED_EDGE('',*,*,#1201,.T.);
#1632=ORIENTED_EDGE('',*,*,#1110,.F.);
#1633=ORIENTED_EDGE('',*,*,#1201,.F.);
#1634=ORIENTED_EDGE('',*,*,#1202,.F.);
#1635=ORIENTED_EDGE('',*,*,#1203,.F.);
#1636=ORIENTED_EDGE('',*,*,#1189,.F.);
#1637=ORIENTED_EDGE('',*,*,#1192,.F.);
#1638=ORIENTED_EDGE('',*,*,#1194,.F.);
#1639=ORIENTED_EDGE('',*,*,#1196,.F.);
#1640=ORIENTED_EDGE('',*,*,#1204,.F.);
#1641=ORIENTED_EDGE('',*,*,#1205,.F.);
#1642=ORIENTED_EDGE('',*,*,#1180,.T.);
#1643=ORIENTED_EDGE('',*,*,#1190,.F.);
#1644=ORIENTED_EDGE('',*,*,#1203,.T.);
#1645=ORIENTED_EDGE('',*,*,#1206,.F.);
#1646=ORIENTED_EDGE('',*,*,#1200,.T.);
#1647=ORIENTED_EDGE('',*,*,#1175,.T.);
#1648=ORIENTED_EDGE('',*,*,#1207,.T.);
#1649=ORIENTED_EDGE('',*,*,#1204,.T.);
#1650=ORIENTED_EDGE('',*,*,#1195,.T.);
#1651=ORIENTED_EDGE('',*,*,#1181,.T.);
#1652=ORIENTED_EDGE('',*,*,#1206,.T.);
#1653=ORIENTED_EDGE('',*,*,#1202,.T.);
#1654=ORIENTED_EDGE('',*,*,#1208,.T.);
#1655=ORIENTED_EDGE('',*,*,#1174,.T.);
#1656=ORIENTED_EDGE('',*,*,#1208,.F.);
#1657=ORIENTED_EDGE('',*,*,#1205,.T.);
#1658=ORIENTED_EDGE('',*,*,#1207,.F.);
#1659=ORIENTED_EDGE('',*,*,#1158,.F.);
#1660=ORIENTED_EDGE('',*,*,#1209,.F.);
#1661=ORIENTED_EDGE('',*,*,#1154,.F.);
#1662=ORIENTED_EDGE('',*,*,#1210,.F.);
#1663=ORIENTED_EDGE('',*,*,#1150,.F.);
#1664=ORIENTED_EDGE('',*,*,#1211,.F.);
#1665=ORIENTED_EDGE('',*,*,#1212,.T.);
#1666=ORIENTED_EDGE('',*,*,#1213,.T.);
#1667=ORIENTED_EDGE('',*,*,#1078,.T.);
#1668=ORIENTED_EDGE('',*,*,#1213,.F.);
#1669=ORIENTED_EDGE('',*,*,#1214,.F.);
#1670=ORIENTED_EDGE('',*,*,#1215,.T.);
#1671=ORIENTED_EDGE('',*,*,#1212,.F.);
#1672=ORIENTED_EDGE('',*,*,#1215,.F.);
#1673=ORIENTED_EDGE('',*,*,#1216,.T.);
#1674=ORIENTED_EDGE('',*,*,#1217,.T.);
#1675=ORIENTED_EDGE('',*,*,#1077,.T.);
#1676=ORIENTED_EDGE('',*,*,#1217,.F.);
#1677=ORIENTED_EDGE('',*,*,#1218,.F.);
#1678=ORIENTED_EDGE('',*,*,#1219,.T.);
#1679=ORIENTED_EDGE('',*,*,#1216,.F.);
#1680=ORIENTED_EDGE('',*,*,#1219,.F.);
#1681=ORIENTED_EDGE('',*,*,#1220,.T.);
#1682=ORIENTED_EDGE('',*,*,#1221,.T.);
#1683=ORIENTED_EDGE('',*,*,#1076,.T.);
#1684=ORIENTED_EDGE('',*,*,#1221,.F.);
#1685=ORIENTED_EDGE('',*,*,#1222,.F.);
#1686=ORIENTED_EDGE('',*,*,#1223,.T.);
#1687=ORIENTED_EDGE('',*,*,#1220,.F.);
#1688=ORIENTED_EDGE('',*,*,#1223,.F.);
#1689=ORIENTED_EDGE('',*,*,#1073,.T.);
#1690=ORIENTED_EDGE('',*,*,#1105,.T.);
#1691=ORIENTED_EDGE('',*,*,#1224,.F.);
#1692=ORIENTED_EDGE('',*,*,#1225,.F.);
#1693=ORIENTED_EDGE('',*,*,#1224,.T.);
#1694=ORIENTED_EDGE('',*,*,#1104,.T.);
#1695=ORIENTED_EDGE('',*,*,#1080,.T.);
#1696=ORIENTED_EDGE('',*,*,#1083,.T.);
#1697=ORIENTED_EDGE('',*,*,#1085,.T.);
#1698=ORIENTED_EDGE('',*,*,#1093,.T.);
#1699=ORIENTED_EDGE('',*,*,#1087,.T.);
#1700=ORIENTED_EDGE('',*,*,#1090,.T.);
#1701=ORIENTED_EDGE('',*,*,#1092,.T.);
#1702=ORIENTED_EDGE('',*,*,#1095,.T.);
#1703=ORIENTED_EDGE('',*,*,#1226,.T.);
#1704=ORIENTED_EDGE('',*,*,#1227,.T.);
#1705=ORIENTED_EDGE('',*,*,#1228,.T.);
#1706=ORIENTED_EDGE('',*,*,#1229,.T.);
#1707=ORIENTED_EDGE('',*,*,#1230,.T.);
#1708=ORIENTED_EDGE('',*,*,#1231,.T.);
#1709=ORIENTED_EDGE('',*,*,#1075,.T.);
#1710=ORIENTED_EDGE('',*,*,#1232,.F.);
#1711=ORIENTED_EDGE('',*,*,#1226,.F.);
#1712=ORIENTED_EDGE('',*,*,#1094,.T.);
#1713=ORIENTED_EDGE('',*,*,#1074,.T.);
#1714=ORIENTED_EDGE('',*,*,#1225,.T.);
#1715=ORIENTED_EDGE('',*,*,#1227,.F.);
#1716=ORIENTED_EDGE('',*,*,#1232,.T.);
#1717=ORIENTED_EDGE('',*,*,#1233,.T.);
#1718=ORIENTED_EDGE('',*,*,#1030,.F.);
#1719=ORIENTED_EDGE('',*,*,#1234,.T.);
#1720=ORIENTED_EDGE('',*,*,#1035,.F.);
#1721=ORIENTED_EDGE('',*,*,#1235,.F.);
#1722=ORIENTED_EDGE('',*,*,#1031,.F.);
#1723=ORIENTED_EDGE('',*,*,#1233,.F.);
#1724=ORIENTED_EDGE('',*,*,#1039,.F.);
#1725=ORIENTED_EDGE('',*,*,#1235,.T.);
#1726=ORIENTED_EDGE('',*,*,#1038,.F.);
#1727=ORIENTED_EDGE('',*,*,#1236,.F.);
#1728=ORIENTED_EDGE('',*,*,#1032,.F.);
#1729=ORIENTED_EDGE('',*,*,#1236,.T.);
#1730=ORIENTED_EDGE('',*,*,#1037,.F.);
#1731=ORIENTED_EDGE('',*,*,#1000,.F.);
#1732=ORIENTED_EDGE('',*,*,#981,.F.);
#1733=ORIENTED_EDGE('',*,*,#1033,.F.);
#1734=ORIENTED_EDGE('',*,*,#1234,.F.);
#1735=ORIENTED_EDGE('',*,*,#1034,.F.);
#1736=ORIENTED_EDGE('',*,*,#979,.F.);
#1737=ORIENTED_EDGE('',*,*,#1002,.F.);
#1738=ORIENTED_EDGE('',*,*,#1036,.F.);
#1739=ORIENTED_EDGE('',*,*,#1210,.T.);
#1740=ORIENTED_EDGE('',*,*,#1237,.T.);
#1741=ORIENTED_EDGE('',*,*,#1238,.F.);
#1742=ORIENTED_EDGE('',*,*,#1237,.F.);
#1743=ORIENTED_EDGE('',*,*,#1211,.T.);
#1744=ORIENTED_EDGE('',*,*,#1239,.T.);
#1745=ORIENTED_EDGE('',*,*,#1240,.F.);
#1746=ORIENTED_EDGE('',*,*,#1239,.F.);
#1747=ORIENTED_EDGE('',*,*,#1014,.F.);
#1748=ORIENTED_EDGE('',*,*,#1013,.F.);
#1749=ORIENTED_EDGE('',*,*,#1012,.F.);
#1750=ORIENTED_EDGE('',*,*,#1011,.T.);
#1751=ORIENTED_EDGE('',*,*,#1135,.T.);
#1752=ORIENTED_EDGE('',*,*,#1222,.T.);
#1753=ORIENTED_EDGE('',*,*,#1238,.T.);
#1754=ORIENTED_EDGE('',*,*,#1218,.T.);
#1755=ORIENTED_EDGE('',*,*,#1240,.T.);
#1756=ORIENTED_EDGE('',*,*,#1241,.F.);
#1757=ORIENTED_EDGE('',*,*,#1242,.F.);
#1758=ORIENTED_EDGE('',*,*,#1243,.F.);
#1759=ORIENTED_EDGE('',*,*,#1244,.F.);
#1760=ORIENTED_EDGE('',*,*,#1209,.T.);
#1761=ORIENTED_EDGE('',*,*,#1245,.T.);
#1762=ORIENTED_EDGE('',*,*,#1246,.F.);
#1763=ORIENTED_EDGE('',*,*,#1245,.F.);
#1764=ORIENTED_EDGE('',*,*,#1159,.F.);
#1765=ORIENTED_EDGE('',*,*,#1247,.T.);
#1766=ORIENTED_EDGE('',*,*,#977,.F.);
#1767=ORIENTED_EDGE('',*,*,#1248,.T.);
#1768=ORIENTED_EDGE('',*,*,#1247,.F.);
#1769=ORIENTED_EDGE('',*,*,#1248,.F.);
#1770=ORIENTED_EDGE('',*,*,#1003,.F.);
#1771=ORIENTED_EDGE('',*,*,#1231,.F.);
#1772=ORIENTED_EDGE('',*,*,#1249,.F.);
#1773=ORIENTED_EDGE('',*,*,#1243,.T.);
#1774=ORIENTED_EDGE('',*,*,#1250,.T.);
#1775=ORIENTED_EDGE('',*,*,#1230,.F.);
#1776=ORIENTED_EDGE('',*,*,#1251,.F.);
#1777=ORIENTED_EDGE('',*,*,#1244,.T.);
#1778=ORIENTED_EDGE('',*,*,#1249,.T.);
#1779=ORIENTED_EDGE('',*,*,#1229,.F.);
#1780=ORIENTED_EDGE('',*,*,#1252,.F.);
#1781=ORIENTED_EDGE('',*,*,#1241,.T.);
#1782=ORIENTED_EDGE('',*,*,#1251,.T.);
#1783=ORIENTED_EDGE('',*,*,#1228,.F.);
#1784=ORIENTED_EDGE('',*,*,#1250,.F.);
#1785=ORIENTED_EDGE('',*,*,#1242,.T.);
#1786=ORIENTED_EDGE('',*,*,#1252,.T.);
#1787=ORIENTED_EDGE('',*,*,#1214,.T.);
#1788=ORIENTED_EDGE('',*,*,#1246,.T.);
#1789=ORIENTED_EDGE('',*,*,#1103,.F.);
#1790=ORIENTED_EDGE('',*,*,#1253,.F.);
#1791=ORIENTED_EDGE('',*,*,#1137,.F.);
#1792=ORIENTED_EDGE('',*,*,#1254,.T.);
#1793=ORIENTED_EDGE('',*,*,#1102,.F.);
#1794=ORIENTED_EDGE('',*,*,#1255,.F.);
#1795=ORIENTED_EDGE('',*,*,#1138,.F.);
#1796=ORIENTED_EDGE('',*,*,#1253,.T.);
#1797=ORIENTED_EDGE('',*,*,#1101,.F.);
#1798=ORIENTED_EDGE('',*,*,#1256,.F.);
#1799=ORIENTED_EDGE('',*,*,#1139,.F.);
#1800=ORIENTED_EDGE('',*,*,#1255,.T.);
#1801=ORIENTED_EDGE('',*,*,#1100,.F.);
#1802=ORIENTED_EDGE('',*,*,#1257,.F.);
#1803=ORIENTED_EDGE('',*,*,#1140,.F.);
#1804=ORIENTED_EDGE('',*,*,#1256,.T.);
#1805=ORIENTED_EDGE('',*,*,#1099,.F.);
#1806=ORIENTED_EDGE('',*,*,#1258,.F.);
#1807=ORIENTED_EDGE('',*,*,#1141,.F.);
#1808=ORIENTED_EDGE('',*,*,#1257,.T.);
#1809=ORIENTED_EDGE('',*,*,#1098,.F.);
#1810=ORIENTED_EDGE('',*,*,#1259,.F.);
#1811=ORIENTED_EDGE('',*,*,#1142,.F.);
#1812=ORIENTED_EDGE('',*,*,#1258,.T.);
#1813=ORIENTED_EDGE('',*,*,#1097,.F.);
#1814=ORIENTED_EDGE('',*,*,#1260,.F.);
#1815=ORIENTED_EDGE('',*,*,#1143,.F.);
#1816=ORIENTED_EDGE('',*,*,#1259,.T.);
#1817=ORIENTED_EDGE('',*,*,#1096,.F.);
#1818=ORIENTED_EDGE('',*,*,#1254,.F.);
#1819=ORIENTED_EDGE('',*,*,#1136,.F.);
#1820=ORIENTED_EDGE('',*,*,#1260,.T.);
#1821=ORIENTED_EDGE('',*,*,#1048,.T.);
#1822=ORIENTED_EDGE('',*,*,#1051,.F.);
#1823=ORIENTED_EDGE('',*,*,#1050,.T.);
#1824=ORIENTED_EDGE('',*,*,#1049,.T.);
#1825=ORIENTED_EDGE('',*,*,#1044,.T.);
#1826=ORIENTED_EDGE('',*,*,#1047,.F.);
#1827=ORIENTED_EDGE('',*,*,#1046,.T.);
#1828=ORIENTED_EDGE('',*,*,#1045,.T.);
#1829=CYLINDRICAL_SURFACE('',#1992,23.07221175998);
#1830=CYLINDRICAL_SURFACE('',#2008,23.9960812858543);
#1831=CYLINDRICAL_SURFACE('',#2020,23.07221175998);
#1832=CYLINDRICAL_SURFACE('',#2022,23.07221175998);
#1833=CYLINDRICAL_SURFACE('',#2024,23.07221175998);
#1834=CYLINDRICAL_SURFACE('',#2026,23.07221175998);
#1835=CYLINDRICAL_SURFACE('',#2056,3.4012506754);
#1836=CYLINDRICAL_SURFACE('',#2058,2.782);
#1837=CYLINDRICAL_SURFACE('',#2060,3.4012506754);
#1838=CYLINDRICAL_SURFACE('',#2062,3.4012506754);
#1839=CYLINDRICAL_SURFACE('',#2064,2.782);
#1840=CYLINDRICAL_SURFACE('',#2066,3.4012506754);
#1841=CYLINDRICAL_SURFACE('',#2068,21.9992597912901);
#1842=CYLINDRICAL_SURFACE('',#2070,21.9992597912901);
#1843=CYLINDRICAL_SURFACE('',#2074,21.9992597912901);
#1844=CYLINDRICAL_SURFACE('',#2102,1.575);
#1845=CYLINDRICAL_SURFACE('',#2106,1.575);
#1846=CYLINDRICAL_SURFACE('',#2110,1.575);
#1847=CYLINDRICAL_SURFACE('',#2130,1.35);
#1848=CYLINDRICAL_SURFACE('',#2133,1.35);
#1849=CYLINDRICAL_SURFACE('',#2136,0.5);
#1850=CYLINDRICAL_SURFACE('',#2139,0.5);
#1851=CYLINDRICAL_SURFACE('',#2142,3.99608128585429);
#1852=CYLINDRICAL_SURFACE('',#2144,3.99608128585432);
#1853=CYLINDRICAL_SURFACE('',#2146,3.);
#1854=CYLINDRICAL_SURFACE('',#2152,0.5);
#1855=CYLINDRICAL_SURFACE('',#2153,0.5);
#1856=CYLINDRICAL_SURFACE('',#2163,1.935);
#1857=CYLINDRICAL_SURFACE('',#2167,1.935);
#1858=CYLINDRICAL_SURFACE('',#2171,1.935);
#1859=CYLINDRICAL_SURFACE('',#2173,3.4012506754);
#1860=CYLINDRICAL_SURFACE('',#2178,3.4012506754);
#1861=CYLINDRICAL_SURFACE('',#2179,2.782);
#1862=CYLINDRICAL_SURFACE('',#2183,22.559777189006);
#1863=CYLINDRICAL_SURFACE('',#2189,1.1);
#1864=CYLINDRICAL_SURFACE('',#2191,1.1);
#1865=CYLINDRICAL_SURFACE('',#2196,1.1);
#1866=CYLINDRICAL_SURFACE('',#2206,1.81258434064668);
#1867=CYLINDRICAL_SURFACE('',#2208,1.81258434064668);
#1868=CYLINDRICAL_SURFACE('',#2210,1.81258434064668);
#1869=CYLINDRICAL_SURFACE('',#2212,1.81258434064668);
#1870=ADVANCED_FACE('',(#132),#1829,.F.);
#1871=ADVANCED_FACE('',(#133,#82,#83),#1830,.T.);
#1872=ADVANCED_FACE('',(#134),#36,.T.);
#1873=ADVANCED_FACE('',(#135),#37,.F.);
#1874=ADVANCED_FACE('',(#136),#1831,.F.);
#1875=ADVANCED_FACE('',(#137),#1832,.F.);
#1876=ADVANCED_FACE('',(#138),#1833,.F.);
#1877=ADVANCED_FACE('',(#139),#1834,.F.);
#1878=ADVANCED_FACE('',(#140,#84,#85,#86,#87,#88,#89,#90,#91),#38,.T.);
#1879=ADVANCED_FACE('',(#141),#39,.T.);
#1880=ADVANCED_FACE('',(#142),#40,.T.);
#1881=ADVANCED_FACE('',(#143),#1835,.F.);
#1882=ADVANCED_FACE('',(#144),#1836,.T.);
#1883=ADVANCED_FACE('',(#145),#1837,.F.);
#1884=ADVANCED_FACE('',(#146),#1838,.F.);
#1885=ADVANCED_FACE('',(#147),#1839,.T.);
#1886=ADVANCED_FACE('',(#148),#1840,.F.);
#1887=ADVANCED_FACE('',(#149),#1841,.F.);
#1888=ADVANCED_FACE('',(#150,#92),#1842,.F.);
#1889=ADVANCED_FACE('',(#151,#93),#1843,.F.);
#1890=ADVANCED_FACE('',(#152),#31,.T.);
#1891=ADVANCED_FACE('',(#153),#32,.T.);
#1892=ADVANCED_FACE('',(#154),#33,.T.);
#1893=ADVANCED_FACE('',(#155),#34,.T.);
#1894=ADVANCED_FACE('',(#156),#15,.T.);
#1895=ADVANCED_FACE('',(#157),#41,.T.);
#1896=ADVANCED_FACE('',(#158),#16,.T.);
#1897=ADVANCED_FACE('',(#159),#42,.T.);
#1898=ADVANCED_FACE('',(#160),#17,.T.);
#1899=ADVANCED_FACE('',(#161),#43,.T.);
#1900=ADVANCED_FACE('',(#162),#18,.T.);
#1901=ADVANCED_FACE('',(#163),#44,.T.);
#1902=ADVANCED_FACE('',(#164),#45,.T.);
#1903=ADVANCED_FACE('',(#165,#94),#46,.F.);
#1904=ADVANCED_FACE('',(#166,#95,#96,#97),#47,.F.);
#1905=ADVANCED_FACE('',(#167),#19,.F.);
#1906=ADVANCED_FACE('',(#168),#1844,.F.);
#1907=ADVANCED_FACE('',(#169),#20,.F.);
#1908=ADVANCED_FACE('',(#170),#1845,.F.);
#1909=ADVANCED_FACE('',(#171),#21,.F.);
#1910=ADVANCED_FACE('',(#172),#1846,.F.);
#1911=ADVANCED_FACE('',(#173),#22,.T.);
#1912=ADVANCED_FACE('',(#174),#48,.T.);
#1913=ADVANCED_FACE('',(#175),#23,.T.);
#1914=ADVANCED_FACE('',(#176),#49,.T.);
#1915=ADVANCED_FACE('',(#177),#24,.T.);
#1916=ADVANCED_FACE('',(#178),#50,.T.);
#1917=ADVANCED_FACE('',(#179,#98,#99,#100),#51,.F.);
#1918=ADVANCED_FACE('',(#180),#1847,.F.);
#1919=ADVANCED_FACE('',(#181),#52,.T.);
#1920=ADVANCED_FACE('',(#182),#1848,.F.);
#1921=ADVANCED_FACE('',(#183),#53,.T.);
#1922=ADVANCED_FACE('',(#184),#1849,.F.);
#1923=ADVANCED_FACE('',(#185),#54,.T.);
#1924=ADVANCED_FACE('',(#186),#1850,.F.);
#1925=ADVANCED_FACE('',(#187),#55,.T.);
#1926=ADVANCED_FACE('',(#188),#1851,.T.);
#1927=ADVANCED_FACE('',(#189),#56,.T.);
#1928=ADVANCED_FACE('',(#190),#1852,.T.);
#1929=ADVANCED_FACE('',(#191),#57,.T.);
#1930=ADVANCED_FACE('',(#192),#1853,.F.);
#1931=ADVANCED_FACE('',(#193),#58,.F.);
#1932=ADVANCED_FACE('',(#194,#101),#59,.T.);
#1933=ADVANCED_FACE('',(#195),#1854,.F.);
#1934=ADVANCED_FACE('',(#196),#1855,.F.);
#1935=ADVANCED_FACE('',(#197),#60,.T.);
#1936=ADVANCED_FACE('',(#198,#102),#61,.T.);
#1937=ADVANCED_FACE('',(#199,#103),#62,.T.);
#1938=ADVANCED_FACE('',(#200,#104),#63,.T.);
#1939=ADVANCED_FACE('',(#201),#25,.F.);
#1940=ADVANCED_FACE('',(#202),#1856,.F.);
#1941=ADVANCED_FACE('',(#203),#26,.F.);
#1942=ADVANCED_FACE('',(#204),#1857,.F.);
#1943=ADVANCED_FACE('',(#205),#27,.F.);
#1944=ADVANCED_FACE('',(#206),#1858,.F.);
#1945=ADVANCED_FACE('',(#207),#1859,.F.);
#1946=ADVANCED_FACE('',(#208,#105),#64,.T.);
#1947=ADVANCED_FACE('',(#209),#1860,.F.);
#1948=ADVANCED_FACE('',(#210),#1861,.T.);
#1949=ADVANCED_FACE('',(#211),#28,.F.);
#1950=ADVANCED_FACE('',(#212),#1862,.F.);
#1951=ADVANCED_FACE('',(#213),#29,.F.);
#1952=ADVANCED_FACE('',(#214),#65,.T.);
#1953=ADVANCED_FACE('',(#215),#66,.T.);
#1954=ADVANCED_FACE('',(#216),#1863,.F.);
#1955=ADVANCED_FACE('',(#217),#1864,.F.);
#1956=ADVANCED_FACE('',(#218),#35,.T.);
#1957=ADVANCED_FACE('',(#219,#106),#67,.F.);
#1958=ADVANCED_FACE('',(#220,#107),#68,.F.);
#1959=ADVANCED_FACE('',(#221),#69,.F.);
#1960=ADVANCED_FACE('',(#222),#1865,.F.);
#1961=ADVANCED_FACE('',(#223,#108),#70,.T.);
#1962=ADVANCED_FACE('',(#224),#30,.F.);
#1963=ADVANCED_FACE('',(#225),#71,.T.);
#1964=ADVANCED_FACE('',(#226),#72,.T.);
#1965=ADVANCED_FACE('',(#227),#73,.T.);
#1966=ADVANCED_FACE('',(#228),#74,.T.);
#1967=ADVANCED_FACE('',(#229,#109),#75,.F.);
#1968=ADVANCED_FACE('',(#230),#1866,.F.);
#1969=ADVANCED_FACE('',(#231),#76,.F.);
#1970=ADVANCED_FACE('',(#232),#1867,.F.);
#1971=ADVANCED_FACE('',(#233),#77,.F.);
#1972=ADVANCED_FACE('',(#234),#1868,.F.);
#1973=ADVANCED_FACE('',(#235),#78,.F.);
#1974=ADVANCED_FACE('',(#236),#1869,.F.);
#1975=ADVANCED_FACE('',(#237),#79,.F.);
#1976=ADVANCED_FACE('',(#238),#80,.T.);
#1977=ADVANCED_FACE('',(#239),#81,.T.);
#1978=CLOSED_SHELL('',(#1870,#1871,#1872,#1873,#1874,#1875,#1876,#1877,
#1878,#1879,#1880,#1881,#1882,#1883,#1884,#1885,#1886,#1887,#1888,#1889,
#1890,#1891,#1892,#1893,#1894,#1895,#1896,#1897,#1898,#1899,#1900,#1901,
#1902,#1903,#1904,#1905,#1906,#1907,#1908,#1909,#1910,#1911,#1912,#1913,
#1914,#1915,#1916,#1917,#1918,#1919,#1920,#1921,#1922,#1923,#1924,#1925,
#1926,#1927,#1928,#1929,#1930,#1931,#1932,#1933,#1934,#1935,#1936,#1937,
#1938,#1939,#1940,#1941,#1942,#1943,#1944,#1945,#1946,#1947,#1948,#1949,
#1950,#1951,#1952,#1953,#1954,#1955,#1956,#1957,#1958,#1959,#1960,#1961,
#1962,#1963,#1964,#1965,#1966,#1967,#1968,#1969,#1970,#1971,#1972,#1973,
#1974,#1975,#1976,#1977));
#1979=DERIVED_UNIT_ELEMENT(#1981,1.);
#1980=DERIVED_UNIT_ELEMENT(#3784,-3.);
#1981=(
MASS_UNIT()
NAMED_UNIT(*)
SI_UNIT(.KILO.,.GRAM.)
);
#1982=DERIVED_UNIT((#1979,#1980));
#1983=MEASURE_REPRESENTATION_ITEM('density measure',
POSITIVE_RATIO_MEASURE(7850.),#1982);
#1984=PROPERTY_DEFINITION_REPRESENTATION(#1989,#1986);
#1985=PROPERTY_DEFINITION_REPRESENTATION(#1990,#1987);
#1986=REPRESENTATION('material name',(#1988),#3781);
#1987=REPRESENTATION('density',(#1983),#3781);
#1988=DESCRIPTIVE_REPRESENTATION_ITEM('Steel','Steel');
#1989=PROPERTY_DEFINITION('material property','material name',#3791);
#1990=PROPERTY_DEFINITION('material property','density of part',#3791);
#1991=AXIS2_PLACEMENT_3D('',#2809,#2216,#2217);
#1992=AXIS2_PLACEMENT_3D('',#2810,#2218,#2219);
#1993=AXIS2_PLACEMENT_3D('',#2813,#2220,#2221);
#1994=AXIS2_PLACEMENT_3D('',#2817,#2223,#2224);
#1995=AXIS2_PLACEMENT_3D('',#2821,#2226,#2227);
#1996=AXIS2_PLACEMENT_3D('',#2825,#2229,#2230);
#1997=AXIS2_PLACEMENT_3D('',#2829,#2232,#2233);
#1998=AXIS2_PLACEMENT_3D('',#2833,#2235,#2236);
#1999=AXIS2_PLACEMENT_3D('',#2837,#2238,#2239);
#2000=AXIS2_PLACEMENT_3D('',#2841,#2241,#2242);
#2001=AXIS2_PLACEMENT_3D('',#2845,#2244,#2245);
#2002=AXIS2_PLACEMENT_3D('',#2849,#2247,#2248);
#2003=AXIS2_PLACEMENT_3D('',#2853,#2250,#2251);
#2004=AXIS2_PLACEMENT_3D('',#2856,#2253,#2254);
#2005=AXIS2_PLACEMENT_3D('',#2858,#2255,#2256);
#2006=AXIS2_PLACEMENT_3D('',#2861,#2258,#2259);
#2007=AXIS2_PLACEMENT_3D('',#2862,#2260,#2261);
#2008=AXIS2_PLACEMENT_3D('',#2863,#2262,#2263);
#2009=AXIS2_PLACEMENT_3D('',#2865,#2264,#2265);
#2010=AXIS2_PLACEMENT_3D('',#2869,#2267,#2268);
#2011=AXIS2_PLACEMENT_3D('',#2871,#2269,#2270);
#2012=AXIS2_PLACEMENT_3D('',#2875,#2272,#2273);
#2013=AXIS2_PLACEMENT_3D('',#2894,#2275,#2276);
#2014=AXIS2_PLACEMENT_3D('',#2896,#2277,#2278);
#2015=AXIS2_PLACEMENT_3D('',#2915,#2280,#2281);
#2016=AXIS2_PLACEMENT_3D('',#2919,#2283,#2284);
#2017=AXIS2_PLACEMENT_3D('',#2920,#2285,#2286);
#2018=AXIS2_PLACEMENT_3D('',#3007,#2291,#2292);
#2019=AXIS2_PLACEMENT_3D('',#3017,#2298,#2299);
#2020=AXIS2_PLACEMENT_3D('',#3027,#2305,#2306);
#2021=AXIS2_PLACEMENT_3D('',#3028,#2307,#2308);
#2022=AXIS2_PLACEMENT_3D('',#3029,#2309,#2310);
#2023=AXIS2_PLACEMENT_3D('',#3030,#2311,#2312);
#2024=AXIS2_PLACEMENT_3D('',#3031,#2313,#2314);
#2025=AXIS2_PLACEMENT_3D('',#3032,#2315,#2316);
#2026=AXIS2_PLACEMENT_3D('',#3033,#2317,#2318);
#2027=AXIS2_PLACEMENT_3D('',#3034,#2319,#2320);
#2028=AXIS2_PLACEMENT_3D('',#3035,#2321,#2322);
#2029=AXIS2_PLACEMENT_3D('',#3040,#2324,#2325);
#2030=AXIS2_PLACEMENT_3D('',#3043,#2327,#2328);
#2031=AXIS2_PLACEMENT_3D('',#3048,#2330,#2331);
#2032=AXIS2_PLACEMENT_3D('',#3051,#2333,#2334);
#2033=AXIS2_PLACEMENT_3D('',#3054,#2335,#2336);
#2034=AXIS2_PLACEMENT_3D('',#3058,#2338,#2339);
#2035=AXIS2_PLACEMENT_3D('',#3062,#2341,#2342);
#2036=AXIS2_PLACEMENT_3D('',#3066,#2344,#2345);
#2037=AXIS2_PLACEMENT_3D('',#3070,#2347,#2348);
#2038=AXIS2_PLACEMENT_3D('',#3072,#2349,#2350);
#2039=AXIS2_PLACEMENT_3D('',#3074,#2351,#2352);
#2040=AXIS2_PLACEMENT_3D('',#3076,#2353,#2354);
#2041=AXIS2_PLACEMENT_3D('',#3078,#2355,#2356);
#2042=AXIS2_PLACEMENT_3D('',#3080,#2357,#2358);
#2043=AXIS2_PLACEMENT_3D('',#3082,#2359,#2360);
#2044=AXIS2_PLACEMENT_3D('',#3084,#2361,#2362);
#2045=AXIS2_PLACEMENT_3D('',#3086,#2363,#2364);
#2046=AXIS2_PLACEMENT_3D('',#3102,#2365,#2366);
#2047=AXIS2_PLACEMENT_3D('',#3118,#2367,#2368);
#2048=AXIS2_PLACEMENT_3D('',#3120,#2369,#2370);
#2049=AXIS2_PLACEMENT_3D('',#3122,#2371,#2372);
#2050=AXIS2_PLACEMENT_3D('',#3123,#2373,#2374);
#2051=AXIS2_PLACEMENT_3D('',#3125,#2375,#2376);
#2052=AXIS2_PLACEMENT_3D('',#3127,#2377,#2378);
#2053=AXIS2_PLACEMENT_3D('',#3129,#2379,#2380);
#2054=AXIS2_PLACEMENT_3D('',#3130,#2381,#2382);
#2055=AXIS2_PLACEMENT_3D('',#3131,#2383,#2384);
#2056=AXIS2_PLACEMENT_3D('',#3132,#2385,#2386);
#2057=AXIS2_PLACEMENT_3D('',#3136,#2388,#2389);
#2058=AXIS2_PLACEMENT_3D('',#3138,#2391,#2392);
#2059=AXIS2_PLACEMENT_3D('',#3141,#2394,#2395);
#2060=AXIS2_PLACEMENT_3D('',#3142,#2396,#2397);
#2061=AXIS2_PLACEMENT_3D('',#3145,#2399,#2400);
#2062=AXIS2_PLACEMENT_3D('',#3146,#2401,#2402);
#2063=AXIS2_PLACEMENT_3D('',#3150,#2404,#2405);
#2064=AXIS2_PLACEMENT_3D('',#3152,#2407,#2408);
#2065=AXIS2_PLACEMENT_3D('',#3155,#2410,#2411);
#2066=AXIS2_PLACEMENT_3D('',#3156,#2412,#2413);
#2067=AXIS2_PLACEMENT_3D('',#3159,#2415,#2416);
#2068=AXIS2_PLACEMENT_3D('',#3160,#2417,#2418);
#2069=AXIS2_PLACEMENT_3D('',#3161,#2419,#2420);
#2070=AXIS2_PLACEMENT_3D('',#3162,#2421,#2422);
#2071=AXIS2_PLACEMENT_3D('',#3165,#2424,#2425);
#2072=AXIS2_PLACEMENT_3D('',#3168,#2426,#2427);
#2073=AXIS2_PLACEMENT_3D('',#3194,#2429,#2430);
#2074=AXIS2_PLACEMENT_3D('',#3218,#2432,#2433);
#2075=AXIS2_PLACEMENT_3D('',#3220,#2434,#2435);
#2076=AXIS2_PLACEMENT_3D('',#3389,#2439,#2440);
#2077=AXIS2_PLACEMENT_3D('',#3392,#2441,#2442);
#2078=AXIS2_PLACEMENT_3D('',#3398,#2444,#2445);
#2079=AXIS2_PLACEMENT_3D('',#3404,#2449,#2450);
#2080=AXIS2_PLACEMENT_3D('',#3408,#2452,#2453);
#2081=AXIS2_PLACEMENT_3D('',#3409,#2454,#2455);
#2082=AXIS2_PLACEMENT_3D('',#3410,#2456,#2457);
#2083=AXIS2_PLACEMENT_3D('',#3416,#2461,#2462);
#2084=AXIS2_PLACEMENT_3D('',#3420,#2464,#2465);
#2085=AXIS2_PLACEMENT_3D('',#3421,#2466,#2467);
#2086=AXIS2_PLACEMENT_3D('',#3422,#2468,#2469);
#2087=AXIS2_PLACEMENT_3D('',#3427,#2473,#2474);
#2088=AXIS2_PLACEMENT_3D('',#3429,#2475,#2476);
#2089=AXIS2_PLACEMENT_3D('',#3434,#2477,#2478);
#2090=AXIS2_PLACEMENT_3D('',#3437,#2481,#2482);
#2091=AXIS2_PLACEMENT_3D('',#3441,#2485,#2486);
#2092=AXIS2_PLACEMENT_3D('',#3456,#2488,#2489);
#2093=AXIS2_PLACEMENT_3D('',#3460,#2491,#2492);
#2094=AXIS2_PLACEMENT_3D('',#3464,#2494,#2495);
#2095=AXIS2_PLACEMENT_3D('',#3467,#2497,#2498);
#2096=AXIS2_PLACEMENT_3D('',#3468,#2499,#2500);
#2097=AXIS2_PLACEMENT_3D('',#3470,#2501,#2502);
#2098=AXIS2_PLACEMENT_3D('',#3472,#2503,#2504);
#2099=AXIS2_PLACEMENT_3D('',#3474,#2505,#2506);
#2100=AXIS2_PLACEMENT_3D('',#3475,#2507,#2508);
#2101=AXIS2_PLACEMENT_3D('',#3478,#2510,#2511);
#2102=AXIS2_PLACEMENT_3D('',#3479,#2512,#2513);
#2103=AXIS2_PLACEMENT_3D('',#3482,#2515,#2516);
#2104=AXIS2_PLACEMENT_3D('',#3483,#2517,#2518);
#2105=AXIS2_PLACEMENT_3D('',#3486,#2520,#2521);
#2106=AXIS2_PLACEMENT_3D('',#3487,#2522,#2523);
#2107=AXIS2_PLACEMENT_3D('',#3490,#2525,#2526);
#2108=AXIS2_PLACEMENT_3D('',#3491,#2527,#2528);
#2109=AXIS2_PLACEMENT_3D('',#3494,#2530,#2531);
#2110=AXIS2_PLACEMENT_3D('',#3495,#2532,#2533);
#2111=AXIS2_PLACEMENT_3D('',#3498,#2535,#2536);
#2112=AXIS2_PLACEMENT_3D('',#3499,#2537,#2538);
#2113=AXIS2_PLACEMENT_3D('',#3501,#2539,#2540);
#2114=AXIS2_PLACEMENT_3D('',#3503,#2542,#2543);
#2115=AXIS2_PLACEMENT_3D('',#3507,#2546,#2547);
#2116=AXIS2_PLACEMENT_3D('',#3511,#2549,#2550);
#2117=AXIS2_PLACEMENT_3D('',#3512,#2551,#2552);
#2118=AXIS2_PLACEMENT_3D('',#3513,#2553,#2554);
#2119=AXIS2_PLACEMENT_3D('',#3519,#2558,#2559);
#2120=AXIS2_PLACEMENT_3D('',#3523,#2561,#2562);
#2121=AXIS2_PLACEMENT_3D('',#3524,#2563,#2564);
#2122=AXIS2_PLACEMENT_3D('',#3525,#2565,#2566);
#2123=AXIS2_PLACEMENT_3D('',#3528,#2569,#2570);
#2124=AXIS2_PLACEMENT_3D('',#3533,#2572,#2573);
#2125=AXIS2_PLACEMENT_3D('',#3537,#2575,#2576);
#2126=AXIS2_PLACEMENT_3D('',#3541,#2578,#2579);
#2127=AXIS2_PLACEMENT_3D('',#3544,#2581,#2582);
#2128=AXIS2_PLACEMENT_3D('',#3546,#2583,#2584);
#2129=AXIS2_PLACEMENT_3D('',#3548,#2585,#2586);
#2130=AXIS2_PLACEMENT_3D('',#3549,#2587,#2588);
#2131=AXIS2_PLACEMENT_3D('',#3552,#2590,#2591);
#2132=AXIS2_PLACEMENT_3D('',#3553,#2592,#2593);
#2133=AXIS2_PLACEMENT_3D('',#3554,#2594,#2595);
#2134=AXIS2_PLACEMENT_3D('',#3557,#2597,#2598);
#2135=AXIS2_PLACEMENT_3D('',#3558,#2599,#2600);
#2136=AXIS2_PLACEMENT_3D('',#3559,#2601,#2602);
#2137=AXIS2_PLACEMENT_3D('',#3563,#2604,#2605);
#2138=AXIS2_PLACEMENT_3D('',#3565,#2607,#2608);
#2139=AXIS2_PLACEMENT_3D('',#3569,#2611,#2612);
#2140=AXIS2_PLACEMENT_3D('',#3572,#2614,#2615);
#2141=AXIS2_PLACEMENT_3D('',#3573,#2616,#2617);
#2142=AXIS2_PLACEMENT_3D('',#3577,#2620,#2621);
#2143=AXIS2_PLACEMENT_3D('',#3579,#2623,#2624);
#2144=AXIS2_PLACEMENT_3D('',#3581,#2626,#2627);
#2145=AXIS2_PLACEMENT_3D('',#3583,#2629,#2630);
#2146=AXIS2_PLACEMENT_3D('',#3584,#2631,#2632);
#2147=AXIS2_PLACEMENT_3D('',#3586,#2633,#2634);
#2148=AXIS2_PLACEMENT_3D('',#3588,#2636,#2637);
#2149=AXIS2_PLACEMENT_3D('',#3591,#2638,#2639);
#2150=AXIS2_PLACEMENT_3D('',#3594,#2641,#2642);
#2151=AXIS2_PLACEMENT_3D('',#3596,#2644,#2645);
#2152=AXIS2_PLACEMENT_3D('',#3598,#2647,#2648);
#2153=AXIS2_PLACEMENT_3D('',#3600,#2650,#2651);
#2154=AXIS2_PLACEMENT_3D('',#3602,#2653,#2654);
#2155=AXIS2_PLACEMENT_3D('',#3603,#2655,#2656);
#2156=AXIS2_PLACEMENT_3D('',#3605,#2657,#2658);
#2157=AXIS2_PLACEMENT_3D('',#3606,#2659,#2660);
#2158=AXIS2_PLACEMENT_3D('',#3608,#2661,#2662);
#2159=AXIS2_PLACEMENT_3D('',#3609,#2663,#2664);
#2160=AXIS2_PLACEMENT_3D('',#3611,#2665,#2666);
#2161=AXIS2_PLACEMENT_3D('',#3612,#2667,#2668);
#2162=AXIS2_PLACEMENT_3D('',#3614,#2669,#2670);
#2163=AXIS2_PLACEMENT_3D('',#3616,#2672,#2673);
#2164=AXIS2_PLACEMENT_3D('',#3618,#2674,#2675);
#2165=AXIS2_PLACEMENT_3D('',#3620,#2677,#2678);
#2166=AXIS2_PLACEMENT_3D('',#3622,#2679,#2680);
#2167=AXIS2_PLACEMENT_3D('',#3624,#2682,#2683);
#2168=AXIS2_PLACEMENT_3D('',#3626,#2684,#2685);
#2169=AXIS2_PLACEMENT_3D('',#3628,#2687,#2688);
#2170=AXIS2_PLACEMENT_3D('',#3630,#2689,#2690);
#2171=AXIS2_PLACEMENT_3D('',#3632,#2692,#2693);
#2172=AXIS2_PLACEMENT_3D('',#3634,#2694,#2695);
#2173=AXIS2_PLACEMENT_3D('',#3636,#2697,#2698);
#2174=AXIS2_PLACEMENT_3D('',#3638,#2699,#2700);
#2175=AXIS2_PLACEMENT_3D('',#3640,#2702,#2703);
#2176=AXIS2_PLACEMENT_3D('',#3642,#2704,#2705);
#2177=AXIS2_PLACEMENT_3D('',#3643,#2706,#2707);
#2178=AXIS2_PLACEMENT_3D('',#3652,#2712,#2713);
#2179=AXIS2_PLACEMENT_3D('',#3654,#2715,#2716);
#2180=AXIS2_PLACEMENT_3D('',#3655,#2717,#2718);
#2181=AXIS2_PLACEMENT_3D('',#3656,#2719,#2720);
#2182=AXIS2_PLACEMENT_3D('',#3657,#2721,#2722);
#2183=AXIS2_PLACEMENT_3D('',#3658,#2723,#2724);
#2184=AXIS2_PLACEMENT_3D('',#3659,#2725,#2726);
#2185=AXIS2_PLACEMENT_3D('',#3660,#2727,#2728);
#2186=AXIS2_PLACEMENT_3D('',#3661,#2729,#2730);
#2187=AXIS2_PLACEMENT_3D('',#3662,#2731,#2732);
#2188=AXIS2_PLACEMENT_3D('',#3663,#2733,#2734);
#2189=AXIS2_PLACEMENT_3D('',#3664,#2735,#2736);
#2190=AXIS2_PLACEMENT_3D('',#3667,#2738,#2739);
#2191=AXIS2_PLACEMENT_3D('',#3668,#2740,#2741);
#2192=AXIS2_PLACEMENT_3D('',#3671,#2743,#2744);
#2193=AXIS2_PLACEMENT_3D('',#3732,#2745,#2746);
#2194=AXIS2_PLACEMENT_3D('',#3733,#2747,#2748);
#2195=AXIS2_PLACEMENT_3D('',#3734,#2749,#2750);
#2196=AXIS2_PLACEMENT_3D('',#3743,#2755,#2756);
#2197=AXIS2_PLACEMENT_3D('',#3746,#2758,#2759);
#2198=AXIS2_PLACEMENT_3D('',#3747,#2760,#2761);
#2199=AXIS2_PLACEMENT_3D('',#3749,#2762,#2763);
#2200=AXIS2_PLACEMENT_3D('',#3750,#2764,#2765);
#2201=AXIS2_PLACEMENT_3D('',#3752,#2767,#2768);
#2202=AXIS2_PLACEMENT_3D('',#3755,#2771,#2772);
#2203=AXIS2_PLACEMENT_3D('',#3757,#2774,#2775);
#2204=AXIS2_PLACEMENT_3D('',#3759,#2777,#2778);
#2205=AXIS2_PLACEMENT_3D('',#3760,#2779,#2780);
#2206=AXIS2_PLACEMENT_3D('',#3761,#2781,#2782);
#2207=AXIS2_PLACEMENT_3D('',#3764,#2785,#2786);
#2208=AXIS2_PLACEMENT_3D('',#3766,#2788,#2789);
#2209=AXIS2_PLACEMENT_3D('',#3768,#2791,#2792);
#2210=AXIS2_PLACEMENT_3D('',#3770,#2794,#2795);
#2211=AXIS2_PLACEMENT_3D('',#3772,#2797,#2798);
#2212=AXIS2_PLACEMENT_3D('',#3774,#2800,#2801);
#2213=AXIS2_PLACEMENT_3D('',#3776,#2803,#2804);
#2214=AXIS2_PLACEMENT_3D('',#3777,#2805,#2806);
#2215=AXIS2_PLACEMENT_3D('',#3778,#2807,#2808);
#2216=DIRECTION('axis',(0.,0.,1.));
#2217=DIRECTION('refdir',(1.,0.,0.));
#2218=DIRECTION('center_axis',(0.,0.,-1.));
#2219=DIRECTION('ref_axis',(1.,-8.88178419700125E-16,0.));
#2220=DIRECTION('center_axis',(0.,0.,1.));
#2221=DIRECTION('ref_axis',(-1.,1.22464679914735E-16,0.));
#2222=DIRECTION('',(0.,0.,-1.));
#2223=DIRECTION('center_axis',(0.,0.,-1.));
#2224=DIRECTION('ref_axis',(1.,-8.88178419700125E-16,0.));
#2225=DIRECTION('',(0.,0.,-1.));
#2226=DIRECTION('center_axis',(0.,0.,1.));
#2227=DIRECTION('ref_axis',(-0.996194698091746,-0.0871557427476572,0.));
#2228=DIRECTION('',(0.,0.,-1.));
#2229=DIRECTION('center_axis',(0.,0.,1.));
#2230=DIRECTION('ref_axis',(-1.,1.22464679914735E-16,0.));
#2231=DIRECTION('',(0.,0.,-1.));
#2232=DIRECTION('center_axis',(0.,0.,-1.));
#2233=DIRECTION('ref_axis',(1.,0.,0.));
#2234=DIRECTION('',(0.,0.,-1.));
#2235=DIRECTION('center_axis',(0.,0.,1.));
#2236=DIRECTION('ref_axis',(-1.,1.22464679914735E-16,0.));
#2237=DIRECTION('',(0.,0.,-1.));
#2238=DIRECTION('center_axis',(0.,0.,-1.));
#2239=DIRECTION('ref_axis',(1.,0.,0.));
#2240=DIRECTION('',(0.,0.,-1.));
#2241=DIRECTION('center_axis',(0.,0.,1.));
#2242=DIRECTION('ref_axis',(1.,-1.22464679914735E-16,0.));
#2243=DIRECTION('',(0.,0.,-1.));
#2244=DIRECTION('center_axis',(0.,0.,-1.));
#2245=DIRECTION('ref_axis',(1.,0.,0.));
#2246=DIRECTION('',(0.,0.,-1.));
#2247=DIRECTION('center_axis',(0.,0.,1.));
#2248=DIRECTION('ref_axis',(-1.,1.22464679914735E-16,0.));
#2249=DIRECTION('',(0.,0.,-1.));
#2250=DIRECTION('center_axis',(0.,0.,-1.));
#2251=DIRECTION('ref_axis',(1.,0.,0.));
#2252=DIRECTION('',(0.,0.,-1.));
#2253=DIRECTION('center_axis',(0.,0.,1.));
#2254=DIRECTION('ref_axis',(-1.,1.22464679914735E-16,0.));
#2255=DIRECTION('center_axis',(0.,0.,1.));
#2256=DIRECTION('ref_axis',(-0.996194698091746,-0.0871557427476572,0.));
#2257=DIRECTION('',(0.,0.,-1.));
#2258=DIRECTION('center_axis',(0.,0.,-1.));
#2259=DIRECTION('ref_axis',(1.,-8.88178419700125E-16,0.));
#2260=DIRECTION('center_axis',(0.,0.,1.));
#2261=DIRECTION('ref_axis',(-1.,1.22464679914735E-16,0.));
#2262=DIRECTION('center_axis',(0.,0.,1.));
#2263=DIRECTION('ref_axis',(1.,0.,0.));
#2264=DIRECTION('center_axis',(0.,0.,1.));
#2265=DIRECTION('ref_axis',(-0.949581431131972,-0.313520502757564,0.));
#2266=DIRECTION('',(0.,0.,-1.));
#2267=DIRECTION('center_axis',(0.,0.,1.));
#2268=DIRECTION('ref_axis',(1.,0.,0.));
#2269=DIRECTION('center_axis',(5.3227008454212E-17,-0.707106781186547,0.707106781186548));
#2270=DIRECTION('ref_axis',(0.,0.707106781186548,0.707106781186547));
#2271=DIRECTION('',(0.,0.,1.));
#2272=DIRECTION('center_axis',(0.,0.,-1.));
#2273=DIRECTION('ref_axis',(1.,0.,0.));
#2274=DIRECTION('',(0.,0.,1.));
#2275=DIRECTION('center_axis',(0.,0.,1.));
#2276=DIRECTION('ref_axis',(1.,0.,0.));
#2277=DIRECTION('center_axis',(0.,0.,1.));
#2278=DIRECTION('ref_axis',(1.,0.,0.));
#2279=DIRECTION('',(0.,0.,1.));
#2280=DIRECTION('center_axis',(0.,0.,-1.));
#2281=DIRECTION('ref_axis',(1.,0.,0.));
#2282=DIRECTION('',(0.,0.,1.));
#2283=DIRECTION('center_axis',(-5.32270084542122E-17,0.707106781186549,
0.707106781186546));
#2284=DIRECTION('ref_axis',(0.,0.707106781186546,-0.707106781186549));
#2285=DIRECTION('center_axis',(0.,0.,1.));
#2286=DIRECTION('ref_axis',(1.,0.,0.));
#2287=DIRECTION('',(0.,0.,-1.));
#2288=DIRECTION('',(0.,0.,1.));
#2289=DIRECTION('',(0.,0.,-1.));
#2290=DIRECTION('',(0.,0.,-1.));
#2291=DIRECTION('center_axis',(-0.564967003424937,0.825113498278296,0.));
#2292=DIRECTION('ref_axis',(0.825113498278295,0.564967003424937,0.));
#2293=DIRECTION('',(0.583443349881139,0.399491999268417,-0.707106781186546));
#2294=DIRECTION('',(0.,0.,-1.));
#2295=DIRECTION('',(-0.583443349881139,-0.399491999268417,-0.707106781186546));
#2296=DIRECTION('',(-0.825113498278295,-0.564967003424937,0.));
#2297=DIRECTION('',(0.825113498278295,0.564967003424937,0.));
#2298=DIRECTION('center_axis',(-0.313992455967405,0.949425477641904,0.));
#2299=DIRECTION('ref_axis',(0.949425477641904,0.313992455967405,0.));
#2300=DIRECTION('',(-0.671345193471868,-0.222026194855971,0.707106781186546));
#2301=DIRECTION('',(-0.949425477641904,-0.313992455967405,0.));
#2302=DIRECTION('',(0.949425477641904,0.313992455967405,0.));
#2303=DIRECTION('',(0.671345193471868,0.222026194855971,0.707106781186546));
#2304=DIRECTION('',(0.,0.,1.));
#2305=DIRECTION('center_axis',(0.,0.,1.));
#2306=DIRECTION('ref_axis',(-0.958811605372832,-0.284042787978102,0.));
#2307=DIRECTION('center_axis',(0.,0.,1.));
#2308=DIRECTION('ref_axis',(1.,0.,0.));
#2309=DIRECTION('center_axis',(0.,0.,1.));
#2310=DIRECTION('ref_axis',(-0.958811605372832,-0.284042787978102,0.));
#2311=DIRECTION('center_axis',(0.,0.,1.));
#2312=DIRECTION('ref_axis',(1.,0.,0.));
#2313=DIRECTION('center_axis',(0.,0.,1.));
#2314=DIRECTION('ref_axis',(-0.958811605372832,-0.284042787978102,0.));
#2315=DIRECTION('center_axis',(0.,0.,1.));
#2316=DIRECTION('ref_axis',(1.,0.,0.));
#2317=DIRECTION('center_axis',(0.,0.,1.));
#2318=DIRECTION('ref_axis',(-0.958811605372832,-0.284042787978102,0.));
#2319=DIRECTION('center_axis',(0.,0.,1.));
#2320=DIRECTION('ref_axis',(1.,0.,0.));
#2321=DIRECTION('center_axis',(0.,0.,1.));
#2322=DIRECTION('ref_axis',(1.,0.,0.));
#2323=DIRECTION('',(0.0871557427476814,0.996194698091744,0.));
#2324=DIRECTION('center_axis',(0.,0.,-1.));
#2325=DIRECTION('ref_axis',(0.0871557427476588,0.996194698091745,0.));
#2326=DIRECTION('',(0.0871557427476873,-0.996194698091743,0.));
#2327=DIRECTION('center_axis',(0.,0.,-1.));
#2328=DIRECTION('ref_axis',(-1.,1.22464679914735E-16,0.));
#2329=DIRECTION('',(-0.996194698091744,0.0871557427476808,0.));
#2330=DIRECTION('center_axis',(0.,0.,-1.));
#2331=DIRECTION('ref_axis',(-0.996194698091745,0.0871557427476588,0.));
#2332=DIRECTION('',(0.996194698091745,0.0871557427476665,0.));
#2333=DIRECTION('center_axis',(0.,0.,-1.));
#2334=DIRECTION('ref_axis',(-1.,1.22464679914735E-16,0.));
#2335=DIRECTION('center_axis',(0.,0.,1.));
#2336=DIRECTION('ref_axis',(1.,0.,0.));
#2337=DIRECTION('',(0.996194698091744,-0.0871557427476808,0.));
#2338=DIRECTION('center_axis',(0.,0.,-1.));
#2339=DIRECTION('ref_axis',(0.996194698091745,-0.0871557427476588,0.));
#2340=DIRECTION('',(-0.996194698091745,-0.0871557427476665,0.));
#2341=DIRECTION('center_axis',(0.,0.,1.));
#2342=DIRECTION('ref_axis',(1.,0.,0.));
#2343=DIRECTION('',(-0.0871557427476808,-0.996194698091744,0.));
#2344=DIRECTION('center_axis',(0.,0.,-1.));
#2345=DIRECTION('ref_axis',(-0.0871557427476588,-0.996194698091745,0.));
#2346=DIRECTION('',(-0.0871557427476665,0.996194698091745,0.));
#2347=DIRECTION('center_axis',(0.,0.,1.));
#2348=DIRECTION('ref_axis',(-0.000222293196583378,-0.999999975292867,0.));
#2349=DIRECTION('center_axis',(0.,0.,1.));
#2350=DIRECTION('ref_axis',(0.802296973115884,-0.596925093231211,0.));
#2351=DIRECTION('center_axis',(0.,0.,-1.));
#2352=DIRECTION('ref_axis',(-0.604073642934722,0.796928499874094,0.));
#2353=DIRECTION('center_axis',(0.,0.,1.));
#2354=DIRECTION('ref_axis',(0.35795098714098,-0.933740376552711,0.));
#2355=DIRECTION('center_axis',(0.,0.,1.));
#2356=DIRECTION('ref_axis',(-0.000222293196583378,-0.999999975292867,0.));
#2357=DIRECTION('center_axis',(0.,0.,1.));
#2358=DIRECTION('ref_axis',(-0.35760727665034,-0.933872066016929,0.));
#2359=DIRECTION('center_axis',(0.,0.,-1.));
#2360=DIRECTION('ref_axis',(1.,0.,0.));
#2361=DIRECTION('center_axis',(0.,0.,1.));
#2362=DIRECTION('ref_axis',(-0.80224663253354,-0.596992747517585,0.));
#2363=DIRECTION('center_axis',(0.,0.,1.));
#2364=DIRECTION('ref_axis',(-0.000222293196583378,-0.999999975292867,0.));
#2365=DIRECTION('center_axis',(0.,0.,1.));
#2366=DIRECTION('ref_axis',(-0.000222293196583378,-0.999999975292867,0.));
#2367=DIRECTION('center_axis',(0.,0.,1.));
#2368=DIRECTION('ref_axis',(-0.000222293196583378,-0.999999975292867,0.));
#2369=DIRECTION('center_axis',(0.,0.,1.));
#2370=DIRECTION('ref_axis',(-0.282298768810582,0.959326537279163,0.));
#2371=DIRECTION('center_axis',(0.,0.,-1.));
#2372=DIRECTION('ref_axis',(-0.000222293198544231,-0.999999975292867,0.));
#2373=DIRECTION('center_axis',(0.,0.,1.));
#2374=DIRECTION('ref_axis',(0.282725244425949,0.959200936282011,0.));
#2375=DIRECTION('center_axis',(0.,0.,1.));
#2376=DIRECTION('ref_axis',(1.,0.,0.));
#2377=DIRECTION('center_axis',(0.,0.,1.));
#2378=DIRECTION('ref_axis',(1.,0.,0.));
#2379=DIRECTION('center_axis',(0.,0.,1.));
#2380=DIRECTION('ref_axis',(1.,0.,0.));
#2381=DIRECTION('center_axis',(0.,0.,1.));
#2382=DIRECTION('ref_axis',(1.,0.,0.));
#2383=DIRECTION('center_axis',(0.,0.,1.));
#2384=DIRECTION('ref_axis',(1.,0.,0.));
#2385=DIRECTION('center_axis',(0.,0.,-1.));
#2386=DIRECTION('ref_axis',(-0.80224663253354,-0.596992747517585,0.));
#2387=DIRECTION('',(0.,0.,1.));
#2388=DIRECTION('center_axis',(0.,0.,1.));
#2389=DIRECTION('ref_axis',(-0.80224663253354,-0.596992747517585,0.));
#2390=DIRECTION('',(0.,0.,1.));
#2391=DIRECTION('center_axis',(0.,0.,1.));
#2392=DIRECTION('ref_axis',(1.,0.,0.));
#2393=DIRECTION('',(0.,0.,-1.));
#2394=DIRECTION('center_axis',(0.,0.,-1.));
#2395=DIRECTION('ref_axis',(1.,0.,0.));
#2396=DIRECTION('center_axis',(0.,0.,1.));
#2397=DIRECTION('ref_axis',(-0.35760727665034,-0.933872066016929,0.));
#2398=DIRECTION('',(0.,0.,-1.));
#2399=DIRECTION('center_axis',(0.,0.,1.));
#2400=DIRECTION('ref_axis',(-0.35760727665034,-0.933872066016929,0.));
#2401=DIRECTION('center_axis',(0.,0.,-1.));
#2402=DIRECTION('ref_axis',(0.35795098714098,-0.933740376552711,0.));
#2403=DIRECTION('',(0.,0.,1.));
#2404=DIRECTION('center_axis',(0.,0.,1.));
#2405=DIRECTION('ref_axis',(0.35795098714098,-0.933740376552711,0.));
#2406=DIRECTION('',(0.,0.,1.));
#2407=DIRECTION('center_axis',(0.,0.,1.));
#2408=DIRECTION('ref_axis',(-0.604073642934722,0.796928499874094,0.));
#2409=DIRECTION('',(0.,0.,-1.));
#2410=DIRECTION('center_axis',(0.,0.,-1.));
#2411=DIRECTION('ref_axis',(1.,0.,0.));
#2412=DIRECTION('center_axis',(0.,0.,1.));
#2413=DIRECTION('ref_axis',(0.802296973115884,-0.596925093231211,0.));
#2414=DIRECTION('',(0.,0.,-1.));
#2415=DIRECTION('center_axis',(0.,0.,1.));
#2416=DIRECTION('ref_axis',(0.802296973115884,-0.596925093231211,0.));
#2417=DIRECTION('center_axis',(0.,0.,1.));
#2418=DIRECTION('ref_axis',(-0.000222293196583378,-0.999999975292867,0.));
#2419=DIRECTION('center_axis',(0.,0.,1.));
#2420=DIRECTION('ref_axis',(1.,0.,0.));
#2421=DIRECTION('center_axis',(0.,0.,1.));
#2422=DIRECTION('ref_axis',(-0.000222293196583378,-0.999999975292867,0.));
#2423=DIRECTION('',(0.,0.,1.));
#2424=DIRECTION('center_axis',(0.,0.,1.));
#2425=DIRECTION('ref_axis',(1.,0.,0.));
#2426=DIRECTION('center_axis',(0.,8.86520737737386E-17,1.));
#2427=DIRECTION('ref_axis',(1.,0.,0.));
#2428=DIRECTION('',(0.,0.,1.));
#2429=DIRECTION('center_axis',(0.,0.,-1.));
#2430=DIRECTION('ref_axis',(1.,0.,0.));
#2431=DIRECTION('',(0.,0.,-1.));
#2432=DIRECTION('center_axis',(0.,0.,1.));
#2433=DIRECTION('ref_axis',(-0.000222293196583378,-0.999999975292867,0.));
#2434=DIRECTION('center_axis',(0.,0.,1.));
#2435=DIRECTION('ref_axis',(1.,0.,0.));
#2436=DIRECTION('',(0.,0.,-1.));
#2437=DIRECTION('',(0.,0.,-1.));
#2438=DIRECTION('',(0.,0.,-1.));
#2439=DIRECTION('center_axis',(0.,0.,1.));
#2440=DIRECTION('ref_axis',(1.,0.,0.));
#2441=DIRECTION('center_axis',(0.,0.,1.));
#2442=DIRECTION('ref_axis',(1.,0.,0.));
#2443=DIRECTION('',(1.33767796619131E-15,0.707106781186546,0.707106781186549));
#2444=DIRECTION('center_axis',(-5.3227008454212E-17,0.707106781186547,-0.707106781186548));
#2445=DIRECTION('ref_axis',(-1.,0.,7.5274357240494E-17));
#2446=DIRECTION('',(-1.,-7.52743572404941E-17,0.));
#2447=DIRECTION('',(0.,0.707106781186548,0.707106781186547));
#2448=DIRECTION('',(1.,7.52743572404941E-17,0.));
#2449=DIRECTION('center_axis',(0.,0.,1.));
#2450=DIRECTION('ref_axis',(-0.707106781186547,0.707106781186548,0.));
#2451=DIRECTION('',(-0.707106781186546,0.,0.707106781186549));
#2452=DIRECTION('center_axis',(0.,0.,-1.));
#2453=DIRECTION('ref_axis',(-0.707106781186547,0.707106781186548,0.));
#2454=DIRECTION('center_axis',(0.,0.,1.));
#2455=DIRECTION('ref_axis',(-0.707106781186547,0.707106781186548,0.));
#2456=DIRECTION('center_axis',(-0.707106781186549,1.30862405405282E-16,
-0.707106781186546));
#2457=DIRECTION('ref_axis',(-0.707106781186546,0.,0.707106781186549));
#2458=DIRECTION('',(-1.85067388528915E-16,-1.,0.));
#2459=DIRECTION('',(-0.707106781186546,0.,0.707106781186549));
#2460=DIRECTION('',(1.85067388528915E-16,1.,0.));
#2461=DIRECTION('center_axis',(0.,0.,1.));
#2462=DIRECTION('ref_axis',(-0.707106781186547,-0.707106781186547,0.));
#2463=DIRECTION('',(0.,-0.707106781186546,0.707106781186549));
#2464=DIRECTION('center_axis',(0.,0.,-1.));
#2465=DIRECTION('ref_axis',(-0.707106781186548,-0.707106781186548,0.));
#2466=DIRECTION('center_axis',(0.,0.,1.));
#2467=DIRECTION('ref_axis',(-0.707106781186548,-0.707106781186548,0.));
#2468=DIRECTION('center_axis',(5.3227008454212E-17,-0.707106781186547,-0.707106781186548));
#2469=DIRECTION('ref_axis',(-1.,0.,-7.5274357240494E-17));
#2470=DIRECTION('',(1.,7.52743572404941E-17,0.));
#2471=DIRECTION('',(0.,-0.707106781186546,0.707106781186549));
#2472=DIRECTION('',(-1.,-7.52743572404941E-17,0.));
#2473=DIRECTION('center_axis',(0.,0.,1.));
#2474=DIRECTION('ref_axis',(1.,0.,0.));
#2475=DIRECTION('center_axis',(0.,0.,1.));
#2476=DIRECTION('ref_axis',(1.,0.,0.));
#2477=DIRECTION('center_axis',(0.707106781186555,0.,-0.70710678118654));
#2478=DIRECTION('ref_axis',(-0.70710678118654,0.,-0.707106781186555));
#2479=DIRECTION('',(0.,1.,0.));
#2480=DIRECTION('',(0.,-1.,0.));
#2481=DIRECTION('center_axis',(7.52743572404941E-17,-1.,0.));
#2482=DIRECTION('ref_axis',(1.,7.52743572404941E-17,0.));
#2483=DIRECTION('',(1.,7.52743572404941E-17,0.));
#2484=DIRECTION('',(0.,0.,1.));
#2485=DIRECTION('center_axis',(-1.,0.,0.));
#2486=DIRECTION('ref_axis',(0.,0.,1.));
#2487=DIRECTION('',(0.,-1.,8.86520737737386E-17));
#2488=DIRECTION('center_axis',(-1.,0.,0.));
#2489=DIRECTION('ref_axis',(0.,-1.,-3.0625416973123E-16));
#2490=DIRECTION('',(0.,9.55324233775901E-16,1.));
#2491=DIRECTION('center_axis',(-1.,0.,0.));
#2492=DIRECTION('ref_axis',(0.,0.,1.));
#2493=DIRECTION('',(0.,1.,0.));
#2494=DIRECTION('center_axis',(-1.,0.,0.));
#2495=DIRECTION('ref_axis',(0.,1.,-6.12508339462461E-16));
#2496=DIRECTION('',(0.,-9.55324233775902E-16,-1.));
#2497=DIRECTION('center_axis',(-1.,0.,0.));
#2498=DIRECTION('ref_axis',(0.,6.12508339462461E-16,-1.));
#2499=DIRECTION('center_axis',(0.,0.,1.));
#2500=DIRECTION('ref_axis',(1.,0.,0.));
#2501=DIRECTION('center_axis',(0.,0.,-1.));
#2502=DIRECTION('ref_axis',(1.,0.,0.));
#2503=DIRECTION('center_axis',(0.,0.,-1.));
#2504=DIRECTION('ref_axis',(1.,0.,0.));
#2505=DIRECTION('center_axis',(0.,0.,-1.));
#2506=DIRECTION('ref_axis',(1.,0.,0.));
#2507=DIRECTION('center_axis',(0.,0.,-1.));
#2508=DIRECTION('ref_axis',(1.,0.,0.));
#2509=DIRECTION('',(0.707106781186547,-8.65956056235493E-17,0.707106781186548));
#2510=DIRECTION('center_axis',(0.,0.,1.));
#2511=DIRECTION('ref_axis',(1.,0.,0.));
#2512=DIRECTION('center_axis',(0.,0.,1.));
#2513=DIRECTION('ref_axis',(1.,0.,0.));
#2514=DIRECTION('',(0.,0.,1.));
#2515=DIRECTION('center_axis',(0.,0.,1.));
#2516=DIRECTION('ref_axis',(1.,0.,0.));
#2517=DIRECTION('center_axis',(0.,0.,-1.));
#2518=DIRECTION('ref_axis',(1.,0.,0.));
#2519=DIRECTION('',(0.707106781186548,-8.65956056235494E-17,0.707106781186547));
#2520=DIRECTION('center_axis',(0.,0.,1.));
#2521=DIRECTION('ref_axis',(1.,0.,0.));
#2522=DIRECTION('center_axis',(0.,0.,1.));
#2523=DIRECTION('ref_axis',(1.,0.,0.));
#2524=DIRECTION('',(0.,0.,1.));
#2525=DIRECTION('center_axis',(0.,0.,1.));
#2526=DIRECTION('ref_axis',(1.,0.,0.));
#2527=DIRECTION('center_axis',(0.,0.,-1.));
#2528=DIRECTION('ref_axis',(1.,0.,0.));
#2529=DIRECTION('',(0.707106781186547,-8.65956056235493E-17,0.707106781186548));
#2530=DIRECTION('center_axis',(0.,0.,1.));
#2531=DIRECTION('ref_axis',(1.,0.,0.));
#2532=DIRECTION('center_axis',(0.,0.,1.));
#2533=DIRECTION('ref_axis',(1.,0.,0.));
#2534=DIRECTION('',(0.,0.,1.));
#2535=DIRECTION('center_axis',(0.,0.,1.));
#2536=DIRECTION('ref_axis',(1.,0.,0.));
#2537=DIRECTION('center_axis',(0.,0.,-1.));
#2538=DIRECTION('ref_axis',(1.,0.,0.));
#2539=DIRECTION('center_axis',(0.,0.,-1.));
#2540=DIRECTION('ref_axis',(1.,0.,0.));
#2541=DIRECTION('',(-0.707106781186549,-8.65956056235495E-17,-0.707106781186546));
#2542=DIRECTION('center_axis',(5.3227008454212E-17,-0.707106781186547,0.707106781186548));
#2543=DIRECTION('ref_axis',(1.,0.,-7.5274357240494E-17));
#2544=DIRECTION('',(-1.,-7.52743572404941E-17,0.));
#2545=DIRECTION('',(0.,-0.707106781186548,-0.707106781186547));
#2546=DIRECTION('center_axis',(0.,0.,-1.));
#2547=DIRECTION('ref_axis',(-0.707106781186547,-0.707106781186547,0.));
#2548=DIRECTION('',(-0.707106781186546,0.,-0.707106781186549));
#2549=DIRECTION('center_axis',(0.,0.,1.));
#2550=DIRECTION('ref_axis',(-0.707106781186548,-0.707106781186548,0.));
#2551=DIRECTION('center_axis',(0.,0.,-1.));
#2552=DIRECTION('ref_axis',(-0.707106781186548,-0.707106781186548,0.));
#2553=DIRECTION('center_axis',(-0.707106781186549,1.30862405405282E-16,
0.707106781186546));
#2554=DIRECTION('ref_axis',(0.707106781186546,0.,0.707106781186549));
#2555=DIRECTION('',(-0.707106781186546,0.,-0.707106781186549));
#2556=DIRECTION('',(-1.85067388528915E-16,-1.,0.));
#2557=DIRECTION('',(1.85067388528915E-16,1.,0.));
#2558=DIRECTION('center_axis',(0.,0.,-1.));
#2559=DIRECTION('ref_axis',(-0.707106781186547,0.707106781186548,0.));
#2560=DIRECTION('',(0.,0.707106781186546,-0.707106781186549));
#2561=DIRECTION('center_axis',(0.,0.,1.));
#2562=DIRECTION('ref_axis',(-0.707106781186547,0.707106781186548,0.));
#2563=DIRECTION('center_axis',(0.,0.,-1.));
#2564=DIRECTION('ref_axis',(-0.707106781186547,0.707106781186548,0.));
#2565=DIRECTION('center_axis',(-5.32270084542122E-17,0.707106781186549,
0.707106781186546));
#2566=DIRECTION('ref_axis',(1.,0.,7.52743572404943E-17));
#2567=DIRECTION('',(-1.,-7.52743572404941E-17,0.));
#2568=DIRECTION('',(1.,7.52743572404941E-17,0.));
#2569=DIRECTION('center_axis',(0.,0.,-1.));
#2570=DIRECTION('ref_axis',(1.,0.,0.));
#2571=DIRECTION('',(1.,-1.43254583822601E-16,0.));
#2572=DIRECTION('center_axis',(0.,0.,1.));
#2573=DIRECTION('ref_axis',(-0.707106781186554,-0.707106781186541,0.));
#2574=DIRECTION('',(0.,-1.,0.));
#2575=DIRECTION('center_axis',(0.,0.,1.));
#2576=DIRECTION('ref_axis',(-0.707106781186554,0.707106781186541,0.));
#2577=DIRECTION('',(-1.,1.43254583822601E-16,0.));
#2578=DIRECTION('center_axis',(0.,0.,1.));
#2579=DIRECTION('ref_axis',(0.707106781186544,0.707106781186551,0.));
#2580=DIRECTION('',(0.,1.,0.));
#2581=DIRECTION('center_axis',(0.,0.,1.));
#2582=DIRECTION('ref_axis',(0.707106781186548,-0.707106781186548,0.));
#2583=DIRECTION('center_axis',(0.,0.,-1.));
#2584=DIRECTION('ref_axis',(-1.,0.,0.));
#2585=DIRECTION('center_axis',(0.,0.,-1.));
#2586=DIRECTION('ref_axis',(-1.,0.,0.));
#2587=DIRECTION('center_axis',(0.,0.,-1.));
#2588=DIRECTION('ref_axis',(-1.,0.,0.));
#2589=DIRECTION('',(0.,0.,-1.));
#2590=DIRECTION('center_axis',(0.,0.,-1.));
#2591=DIRECTION('ref_axis',(-1.,0.,0.));
#2592=DIRECTION('center_axis',(0.,0.,1.));
#2593=DIRECTION('ref_axis',(-1.,0.,0.));
#2594=DIRECTION('center_axis',(0.,0.,-1.));
#2595=DIRECTION('ref_axis',(-1.,0.,0.));
#2596=DIRECTION('',(0.,0.,-1.));
#2597=DIRECTION('center_axis',(0.,0.,-1.));
#2598=DIRECTION('ref_axis',(-1.,0.,0.));
#2599=DIRECTION('center_axis',(0.,0.,1.));
#2600=DIRECTION('ref_axis',(-1.,0.,0.));
#2601=DIRECTION('center_axis',(0.,0.,1.));
#2602=DIRECTION('ref_axis',(0.707106781186544,0.707106781186551,0.));
#2603=DIRECTION('',(0.,0.,-1.));
#2604=DIRECTION('center_axis',(0.,0.,-1.));
#2605=DIRECTION('ref_axis',(0.707106781186544,0.707106781186551,0.));
#2606=DIRECTION('',(0.,0.,1.));
#2607=DIRECTION('center_axis',(-1.43254583822601E-16,-1.,0.));
#2608=DIRECTION('ref_axis',(1.,-1.43254583822601E-16,0.));
#2609=DIRECTION('',(0.,0.,1.));
#2610=DIRECTION('',(1.,-1.43254583822601E-16,0.));
#2611=DIRECTION('center_axis',(0.,0.,1.));
#2612=DIRECTION('ref_axis',(-0.707106781186554,0.707106781186541,0.));
#2613=DIRECTION('',(0.,0.,-1.));
#2614=DIRECTION('center_axis',(0.,0.,-1.));
#2615=DIRECTION('ref_axis',(-0.707106781186554,0.707106781186541,0.));
#2616=DIRECTION('center_axis',(1.,0.,0.));
#2617=DIRECTION('ref_axis',(0.,1.,0.));
#2618=DIRECTION('',(0.,0.,1.));
#2619=DIRECTION('',(0.,1.,0.));
#2620=DIRECTION('center_axis',(0.,0.,-1.));
#2621=DIRECTION('ref_axis',(-0.707106781186548,-0.707106781186548,0.));
#2622=DIRECTION('',(0.,0.,-1.));
#2623=DIRECTION('center_axis',(-1.,1.85067388528915E-16,0.));
#2624=DIRECTION('ref_axis',(-1.85067388528915E-16,-1.,0.));
#2625=DIRECTION('',(0.,0.,1.));
#2626=DIRECTION('center_axis',(0.,0.,-1.));
#2627=DIRECTION('ref_axis',(-0.707106781186547,0.707106781186548,0.));
#2628=DIRECTION('',(0.,0.,-1.));
#2629=DIRECTION('center_axis',(-7.52743572404941E-17,1.,0.));
#2630=DIRECTION('ref_axis',(-1.,-7.52743572404941E-17,0.));
#2631=DIRECTION('center_axis',(1.,0.,0.));
#2632=DIRECTION('ref_axis',(0.,-1.,0.));
#2633=DIRECTION('center_axis',(1.,0.,0.));
#2634=DIRECTION('ref_axis',(0.,-1.,0.));
#2635=DIRECTION('',(1.,0.,0.));
#2636=DIRECTION('center_axis',(0.,0.,-1.));
#2637=DIRECTION('ref_axis',(1.,0.,0.));
#2638=DIRECTION('center_axis',(0.,0.,-1.));
#2639=DIRECTION('ref_axis',(0.707106781186548,-0.707106781186548,0.));
#2640=DIRECTION('',(0.,-1.,0.));
#2641=DIRECTION('center_axis',(0.,0.,-1.));
#2642=DIRECTION('ref_axis',(-0.707106781186554,-0.707106781186541,0.));
#2643=DIRECTION('',(-1.,1.43254583822601E-16,0.));
#2644=DIRECTION('center_axis',(-1.,0.,0.));
#2645=DIRECTION('ref_axis',(0.,-1.,0.));
#2646=DIRECTION('',(0.,0.,-1.));
#2647=DIRECTION('center_axis',(0.,0.,1.));
#2648=DIRECTION('ref_axis',(-0.707106781186554,-0.707106781186541,0.));
#2649=DIRECTION('',(0.,0.,-1.));
#2650=DIRECTION('center_axis',(0.,0.,1.));
#2651=DIRECTION('ref_axis',(0.707106781186548,-0.707106781186548,0.));
#2652=DIRECTION('',(0.,0.,1.));
#2653=DIRECTION('center_axis',(1.43254583822601E-16,1.,0.));
#2654=DIRECTION('ref_axis',(-1.,1.43254583822601E-16,0.));
#2655=DIRECTION('center_axis',(0.,0.,-1.));
#2656=DIRECTION('ref_axis',(1.,0.,0.));
#2657=DIRECTION('center_axis',(0.,0.,-1.));
#2658=DIRECTION('ref_axis',(1.,0.,0.));
#2659=DIRECTION('center_axis',(0.,0.,-1.));
#2660=DIRECTION('ref_axis',(1.,0.,0.));
#2661=DIRECTION('center_axis',(0.,0.,-1.));
#2662=DIRECTION('ref_axis',(1.,0.,0.));
#2663=DIRECTION('center_axis',(0.,0.,-1.));
#2664=DIRECTION('ref_axis',(1.,0.,0.));
#2665=DIRECTION('center_axis',(0.,0.,-1.));
#2666=DIRECTION('ref_axis',(1.,0.,0.));
#2667=DIRECTION('center_axis',(0.,0.,1.));
#2668=DIRECTION('ref_axis',(1.,0.,0.));
#2669=DIRECTION('center_axis',(0.,0.,-1.));
#2670=DIRECTION('ref_axis',(1.,0.,0.));
#2671=DIRECTION('',(-0.707106781186547,-8.65956056235493E-17,0.707106781186548));
#2672=DIRECTION('center_axis',(0.,0.,1.));
#2673=DIRECTION('ref_axis',(1.,0.,0.));
#2674=DIRECTION('center_axis',(-7.88860905221012E-31,-3.94430452610506E-31,
1.));
#2675=DIRECTION('ref_axis',(1.,-3.11150763893057E-61,7.88860905221012E-31));
#2676=DIRECTION('',(0.,0.,1.));
#2677=DIRECTION('center_axis',(0.,0.,1.));
#2678=DIRECTION('ref_axis',(1.,0.,0.));
#2679=DIRECTION('center_axis',(0.,0.,-1.));
#2680=DIRECTION('ref_axis',(1.,0.,0.));
#2681=DIRECTION('',(-0.707106781186547,-8.65956056235493E-17,0.707106781186548));
#2682=DIRECTION('center_axis',(0.,0.,1.));
#2683=DIRECTION('ref_axis',(1.,0.,0.));
#2684=DIRECTION('center_axis',(-7.88860905221012E-31,-3.94430452610506E-31,
1.));
#2685=DIRECTION('ref_axis',(1.,-3.11150763893057E-61,7.88860905221012E-31));
#2686=DIRECTION('',(0.,0.,1.));
#2687=DIRECTION('center_axis',(0.,0.,1.));
#2688=DIRECTION('ref_axis',(1.,0.,0.));
#2689=DIRECTION('center_axis',(0.,0.,-1.));
#2690=DIRECTION('ref_axis',(1.,0.,0.));
#2691=DIRECTION('',(-0.707106781186547,-8.65956056235493E-17,0.707106781186548));
#2692=DIRECTION('center_axis',(0.,0.,1.));
#2693=DIRECTION('ref_axis',(1.,0.,0.));
#2694=DIRECTION('center_axis',(-7.88860905221012E-31,-3.94430452610506E-31,
1.));
#2695=DIRECTION('ref_axis',(1.,-3.11150763893057E-61,7.88860905221012E-31));
#2696=DIRECTION('',(0.,0.,1.));
#2697=DIRECTION('center_axis',(0.,0.,1.));
#2698=DIRECTION('ref_axis',(-0.282298768810582,0.959326537279163,0.));
#2699=DIRECTION('center_axis',(0.,0.,1.));
#2700=DIRECTION('ref_axis',(-0.282298768810582,0.959326537279163,0.));
#2701=DIRECTION('',(0.,0.,-1.));
#2702=DIRECTION('center_axis',(0.,0.,1.));
#2703=DIRECTION('ref_axis',(1.,0.,0.));
#2704=DIRECTION('center_axis',(0.,0.,1.));
#2705=DIRECTION('ref_axis',(0.282725244425949,0.959200936282011,0.));
#2706=DIRECTION('center_axis',(0.,0.,-1.));
#2707=DIRECTION('ref_axis',(1.,0.,0.));
#2708=DIRECTION('',(1.,-1.85095191646548E-29,0.));
#2709=DIRECTION('',(4.55635778122422E-31,-1.,0.));
#2710=DIRECTION('',(-1.,1.85095191646548E-29,0.));
#2711=DIRECTION('',(-1.00929365875015E-16,1.,0.));
#2712=DIRECTION('center_axis',(0.,0.,-1.));
#2713=DIRECTION('ref_axis',(0.282725244425949,0.959200936282011,0.));
#2714=DIRECTION('',(0.,0.,1.));
#2715=DIRECTION('center_axis',(0.,0.,1.));
#2716=DIRECTION('ref_axis',(-0.000222293198544231,-0.999999975292867,0.));
#2717=DIRECTION('center_axis',(0.,0.,1.));
#2718=DIRECTION('ref_axis',(0.896099436520779,0.443853354011371,0.));
#2719=DIRECTION('center_axis',(0.,0.,-1.));
#2720=DIRECTION('ref_axis',(-1.22464679914735E-16,-1.,0.));
#2721=DIRECTION('center_axis',(0.,0.,1.));
#2722=DIRECTION('ref_axis',(-0.996194698091746,-0.0871557427476571,0.));
#2723=DIRECTION('center_axis',(0.,0.,-1.));
#2724=DIRECTION('ref_axis',(0.896099436520782,0.443853354011364,0.));
#2725=DIRECTION('center_axis',(0.,0.,1.));
#2726=DIRECTION('ref_axis',(-1.22464679914735E-16,-1.,0.));
#2727=DIRECTION('center_axis',(0.,0.,-1.));
#2728=DIRECTION('ref_axis',(0.896099436520783,0.443853354011363,0.));
#2729=DIRECTION('center_axis',(0.,0.,1.));
#2730=DIRECTION('ref_axis',(-0.996194698091746,-0.0871557427476571,0.));
#2731=DIRECTION('center_axis',(0.,0.,-1.));
#2732=DIRECTION('ref_axis',(1.,-1.22464679914735E-16,0.));
#2733=DIRECTION('center_axis',(0.,0.,1.));
#2734=DIRECTION('ref_axis',(-1.,1.22464679914735E-16,0.));
#2735=DIRECTION('center_axis',(0.,0.,1.));
#2736=DIRECTION('ref_axis',(1.,0.,0.));
#2737=DIRECTION('',(0.,0.,1.));
#2738=DIRECTION('center_axis',(7.88860905221012E-31,3.94430452610506E-31,
-1.));
#2739=DIRECTION('ref_axis',(1.,-3.11150763893057E-61,7.88860905221012E-31));
#2740=DIRECTION('center_axis',(0.,0.,1.));
#2741=DIRECTION('ref_axis',(1.,0.,0.));
#2742=DIRECTION('',(0.,0.,1.));
#2743=DIRECTION('center_axis',(7.88860905221012E-31,3.94430452610506E-31,
-1.));
#2744=DIRECTION('ref_axis',(1.,-3.11150763893057E-61,7.88860905221012E-31));
#2745=DIRECTION('center_axis',(7.88860905221012E-31,3.94430452610506E-31,
-1.));
#2746=DIRECTION('ref_axis',(-1.,1.53409170790554E-92,-7.88860905221012E-31));
#2747=DIRECTION('center_axis',(7.88860905221012E-31,3.94430452610506E-31,
-1.));
#2748=DIRECTION('ref_axis',(-1.,1.53409170790554E-92,-7.88860905221012E-31));
#2749=DIRECTION('center_axis',(-6.01321826716908E-15,3.18495230189467E-15,
-1.));
#2750=DIRECTION('ref_axis',(1.,1.70086947533623E-44,-6.01321826716908E-15));
#2751=DIRECTION('',(-1.91518133618152E-29,-1.,-3.18495230189467E-15));
#2752=DIRECTION('',(1.,1.75873904917086E-44,-6.01321826716908E-15));
#2753=DIRECTION('',(-1.00929365874996E-16,1.,3.18495230189467E-15));
#2754=DIRECTION('',(-1.,-2.00998748476669E-44,6.01321826716908E-15));
#2755=DIRECTION('center_axis',(0.,0.,1.));
#2756=DIRECTION('ref_axis',(1.,0.,0.));
#2757=DIRECTION('',(0.,0.,1.));
#2758=DIRECTION('center_axis',(7.88860905221012E-31,3.94430452610506E-31,
-1.));
#2759=DIRECTION('ref_axis',(1.,-3.11150763893057E-61,7.88860905221012E-31));
#2760=DIRECTION('center_axis',(0.,0.,1.));
#2761=DIRECTION('ref_axis',(1.,0.,0.));
#2762=DIRECTION('center_axis',(0.,0.,-1.));
#2763=DIRECTION('ref_axis',(0.,-1.,0.));
#2764=DIRECTION('center_axis',(0.,0.,1.));
#2765=DIRECTION('ref_axis',(0.896379483867189,0.443287514940351,0.));
#2766=DIRECTION('',(-0.448189741933596,-0.221643757470176,0.866025403784437));
#2767=DIRECTION('center_axis',(-1.,-1.00929365875015E-16,6.15627716882088E-15));
#2768=DIRECTION('ref_axis',(-1.00929365874995E-16,1.,3.18495230189467E-15));
#2769=DIRECTION('',(-6.15627716882087E-15,3.07813858441044E-15,-1.));
#2770=DIRECTION('',(-6.15627716882087E-15,3.07813858441044E-15,-1.));
#2771=DIRECTION('center_axis',(-1.85095191646548E-29,-1.,-3.07813858441044E-15));
#2772=DIRECTION('ref_axis',(-1.,-3.0828566215146E-44,6.01321826716908E-15));
#2773=DIRECTION('',(-6.15627716882087E-15,3.07813858441044E-15,-1.));
#2774=DIRECTION('center_axis',(1.,4.55635778122422E-31,-6.15627716882088E-15));
#2775=DIRECTION('ref_axis',(-1.91518133618152E-29,-1.,-3.18495230189467E-15));
#2776=DIRECTION('',(-6.15627716882087E-15,3.07813858441044E-15,-1.));
#2777=DIRECTION('center_axis',(1.85095191646548E-29,1.,3.07813858441044E-15));
#2778=DIRECTION('ref_axis',(1.,3.0828566215146E-44,-6.01321826716908E-15));
#2779=DIRECTION('center_axis',(7.88860905221012E-31,3.94430452610506E-31,
-1.));
#2780=DIRECTION('ref_axis',(-1.,1.53409170790554E-92,-7.88860905221012E-31));
#2781=DIRECTION('center_axis',(-1.,0.,0.));
#2782=DIRECTION('ref_axis',(0.,-1.,-3.0625416973123E-16));
#2783=DIRECTION('',(-1.,0.,0.));
#2784=DIRECTION('',(-1.,0.,0.));
#2785=DIRECTION('center_axis',(0.,-1.,9.55324233775901E-16));
#2786=DIRECTION('ref_axis',(0.,9.55324233775901E-16,1.));
#2787=DIRECTION('',(-1.,0.,0.));
#2788=DIRECTION('center_axis',(-1.,0.,0.));
#2789=DIRECTION('ref_axis',(0.,0.,1.));
#2790=DIRECTION('',(-1.,0.,0.));
#2791=DIRECTION('center_axis',(0.,0.,1.));
#2792=DIRECTION('ref_axis',(0.,1.,0.));
#2793=DIRECTION('',(-1.,0.,0.));
#2794=DIRECTION('center_axis',(-1.,0.,0.));
#2795=DIRECTION('ref_axis',(0.,1.,-6.12508339462461E-16));
#2796=DIRECTION('',(-1.,0.,0.));
#2797=DIRECTION('center_axis',(0.,1.,-9.55324233775902E-16));
#2798=DIRECTION('ref_axis',(0.,-9.55324233775902E-16,-1.));
#2799=DIRECTION('',(-1.,0.,0.));
#2800=DIRECTION('center_axis',(-1.,0.,0.));
#2801=DIRECTION('ref_axis',(0.,6.12508339462461E-16,-1.));
#2802=DIRECTION('',(-1.,0.,0.));
#2803=DIRECTION('center_axis',(0.,-8.86520737737386E-17,-1.));
#2804=DIRECTION('ref_axis',(0.,-1.,8.86520737737386E-17));
#2805=DIRECTION('center_axis',(0.,0.,1.));
#2806=DIRECTION('ref_axis',(1.,0.,0.));
#2807=DIRECTION('center_axis',(0.,0.,1.));
#2808=DIRECTION('ref_axis',(1.,0.,0.));
#2809=CARTESIAN_POINT('',(0.,0.,0.));
#2810=CARTESIAN_POINT('Origin',(0.,0.,16.129));
#2811=CARTESIAN_POINT('',(-20.6814572690854,-10.2276234152591,15.5372020248831));
#2812=CARTESIAN_POINT('',(-23.07221175998,2.33177716080766E-14,15.5372020248831));
#2813=CARTESIAN_POINT('Origin',(0.,0.,15.5372020248831));
#2814=CARTESIAN_POINT('',(-23.07221175998,2.33177716080766E-14,14.9999996647239));
#2815=CARTESIAN_POINT('',(-23.07221175998,2.33177716080766E-14,16.129));
#2816=CARTESIAN_POINT('',(-19.0371933582947,-13.0350383404215,14.9999996647239));
#2817=CARTESIAN_POINT('Origin',(0.,0.,14.9999996647239));
#2818=CARTESIAN_POINT('',(-19.0371933582947,-13.0350383404215,14.0032683929594));
#2819=CARTESIAN_POINT('',(-19.0371933582947,-13.0350383404215,16.129));
#2820=CARTESIAN_POINT('',(-23.07221175998,2.33177716080766E-14,14.0032683929594));
#2821=CARTESIAN_POINT('Origin',(-3.90798504668055E-13,-5.49560397189452E-14,
14.0032683929594));
#2822=CARTESIAN_POINT('',(-23.07221175998,2.33177716080766E-14,13.438));
#2823=CARTESIAN_POINT('',(-23.07221175998,2.33177716080766E-14,16.129));
#2824=CARTESIAN_POINT('',(-22.1219043988065,6.5534953473262,13.438));
#2825=CARTESIAN_POINT('Origin',(0.,0.,13.438));
#2826=CARTESIAN_POINT('',(-22.1219043988065,6.5534953473262,12.9536));
#2827=CARTESIAN_POINT('',(-22.1219043988065,6.5534953473262,30.0066));
#2828=CARTESIAN_POINT('',(-6.55349534737663,22.1219043987915,12.9536));
#2829=CARTESIAN_POINT('Origin',(0.,0.,12.9536));
#2830=CARTESIAN_POINT('',(-6.55349535113959,22.1219044114937,13.4380000671398));
#2831=CARTESIAN_POINT('',(-6.55349534737663,22.1219043987915,30.0066));
#2832=CARTESIAN_POINT('',(6.5534953473262,22.1219043988065,13.438));
#2833=CARTESIAN_POINT('Origin',(0.,0.,13.438));
#2834=CARTESIAN_POINT('',(6.5534953473262,22.1219043988065,12.9536));
#2835=CARTESIAN_POINT('',(6.5534953473262,22.1219043988065,30.0066));
#2836=CARTESIAN_POINT('',(22.1219043987915,6.55349534737665,12.9536));
#2837=CARTESIAN_POINT('Origin',(0.,0.,12.9536));
#2838=CARTESIAN_POINT('',(22.1219044114937,6.55349535113959,13.4380000671398));
#2839=CARTESIAN_POINT('',(22.1219043987915,6.55349534737665,30.0066));
#2840=CARTESIAN_POINT('',(22.1219043988065,-6.5534953473262,13.438));
#2841=CARTESIAN_POINT('Origin',(0.,0.,13.438));
#2842=CARTESIAN_POINT('',(22.1219043988065,-6.5534953473262,12.9536));
#2843=CARTESIAN_POINT('',(22.1219043988065,-6.5534953473262,30.0066));
#2844=CARTESIAN_POINT('',(6.55349534737665,-22.1219043987915,12.9536));
#2845=CARTESIAN_POINT('Origin',(0.,0.,12.9536));
#2846=CARTESIAN_POINT('',(6.55349535113959,-22.1219044114937,13.4380000671398));
#2847=CARTESIAN_POINT('',(6.55349534737665,-22.1219043987915,30.0066));
#2848=CARTESIAN_POINT('',(-6.5534953473262,-22.1219043988065,13.438));
#2849=CARTESIAN_POINT('Origin',(0.,0.,13.438));
#2850=CARTESIAN_POINT('',(-6.5534953473262,-22.1219043988065,12.9536));
#2851=CARTESIAN_POINT('',(-6.5534953473262,-22.1219043988065,30.0066));
#2852=CARTESIAN_POINT('',(-22.1219043987915,-6.55349534737665,12.9536));
#2853=CARTESIAN_POINT('Origin',(0.,0.,12.9536));
#2854=CARTESIAN_POINT('',(-22.1219044114937,-6.55349535113959,13.4380000671398));
#2855=CARTESIAN_POINT('',(-22.1219043987915,-6.55349534737665,30.0066));
#2856=CARTESIAN_POINT('Origin',(0.,0.,13.438));
#2857=CARTESIAN_POINT('',(-21.9053456704742,-7.24450043511616,14.0032683929594));
#2858=CARTESIAN_POINT('Origin',(-3.90798504668055E-13,-5.49560397189452E-14,
14.0032683929594));
#2859=CARTESIAN_POINT('',(-21.9053456704742,-7.24450043511616,14.9999996647239));
#2860=CARTESIAN_POINT('',(-21.9053456704742,-7.24450043511616,16.129));
#2861=CARTESIAN_POINT('Origin',(0.,0.,14.9999996647239));
#2862=CARTESIAN_POINT('Origin',(0.,0.,15.5372020248831));
#2863=CARTESIAN_POINT('Origin',(0.,0.,0.));
#2864=CARTESIAN_POINT('',(-23.9960812858543,-2.93867241388012E-15,15.629));
#2865=CARTESIAN_POINT('Origin',(-1.11022302462516E-13,-5.32907051820075E-14,
15.629));
#2866=CARTESIAN_POINT('',(-23.9960812858543,-2.93867241388012E-15,9.25));
#2867=CARTESIAN_POINT('',(-23.9960812858543,-2.93867241388012E-15,0.));
#2868=CARTESIAN_POINT('',(-6.85508297336431,-22.9960812858543,9.25));
#2869=CARTESIAN_POINT('Origin',(0.,0.,9.25));
#2870=CARTESIAN_POINT('',(0.,-23.9960812858543,8.25));
#2871=CARTESIAN_POINT('Origin',(0.,0.,32.2460812858543));
#2872=CARTESIAN_POINT('',(0.,-23.9960812858543,1.));
#2873=CARTESIAN_POINT('',(0.,-23.9960812858543,0.));
#2874=CARTESIAN_POINT('',(22.997510388621,-6.85028707446603,1.));
#2875=CARTESIAN_POINT('Origin',(0.,0.,1.));
#2876=CARTESIAN_POINT('',(22.9975103886209,-6.84970788184962,10.2707042268812));
#2877=CARTESIAN_POINT('',(22.997510388621,-6.85028707446603,0.));
#2878=CARTESIAN_POINT('',(23.075684948287,-6.58214980888188,10.8267673591415));
#2879=CARTESIAN_POINT('Ctrl Pts',(23.0753259991191,-6.58341188702377,10.8267349484674));
#2880=CARTESIAN_POINT('Ctrl Pts',(23.0737133713002,-6.58906426200439,10.8263267388574));
#2881=CARTESIAN_POINT('Ctrl Pts',(23.0716743680797,-6.59619515438997,10.824406044201));
#2882=CARTESIAN_POINT('Ctrl Pts',(23.0662168983011,-6.61526697949872,10.8181588620423));
#2883=CARTESIAN_POINT('Ctrl Pts',(23.0611584176249,-6.63289662132073,10.8097294120559));
#2884=CARTESIAN_POINT('Ctrl Pts',(23.0504330921041,-6.6700656055394,10.7828839538012));
#2885=CARTESIAN_POINT('Ctrl Pts',(23.0457796136164,-6.68611906705978,10.7680494768293));
#2886=CARTESIAN_POINT('Ctrl Pts',(23.0330768873744,-6.72979996468597,10.7200960988128));
#2887=CARTESIAN_POINT('Ctrl Pts',(23.0246605133496,-6.75851880910858,10.6773511450666));
#2888=CARTESIAN_POINT('Ctrl Pts',(23.0074521802622,-6.81691363804859,10.5468753666101));
#2889=CARTESIAN_POINT('Ctrl Pts',(23.0006185446034,-6.83984848647076,10.4546420514838));
#2890=CARTESIAN_POINT('Ctrl Pts',(22.9977806555376,-6.84937996169068,10.3233296494772));
#2891=CARTESIAN_POINT('Ctrl Pts',(22.9975114480938,-6.85028351764607,10.2972739836614));
#2892=CARTESIAN_POINT('Ctrl Pts',(22.9975103886209,-6.8502870744663,10.271246444668));
#2893=CARTESIAN_POINT('',(23.0761100325849,6.58065823769623,10.8267774268673));
#2894=CARTESIAN_POINT('Origin',(0.,0.,10.8267774268673));
#2895=CARTESIAN_POINT('',(23.0753855708414,6.58320079705145,10.8267506076693));
#2896=CARTESIAN_POINT('Origin',(0.,0.,10.8267774268673));
#2897=CARTESIAN_POINT('',(22.9975103886209,6.84946181663391,10.2714604197706));
#2898=CARTESIAN_POINT('Ctrl Pts',(22.9975103886209,6.85028707446634,10.2722340495528));
#2899=CARTESIAN_POINT('Ctrl Pts',(22.9975115747985,6.85028309227839,10.3146223958146));
#2900=CARTESIAN_POINT('Ctrl Pts',(22.9982246591443,6.84789080565472,10.3571472069124));
#2901=CARTESIAN_POINT('Ctrl Pts',(23.0033072595566,6.83080721363276,10.4965141189949));
#2902=CARTESIAN_POINT('Ctrl Pts',(23.0108339941269,6.80549073458918,10.5799680072501));
#2903=CARTESIAN_POINT('Ctrl Pts',(23.0278724087295,6.74756422052131,10.6946470518782));
#2904=CARTESIAN_POINT('Ctrl Pts',(23.0357512554494,6.72063162498644,10.7317933319823));
#2905=CARTESIAN_POINT('Ctrl Pts',(23.0476351262479,6.67971803917401,10.7740307107544));
#2906=CARTESIAN_POINT('Ctrl Pts',(23.0519478569669,6.6648249066975,10.7870757854163));
#2907=CARTESIAN_POINT('Ctrl Pts',(23.0617185949143,6.63094281602382,10.810562001135));
#2908=CARTESIAN_POINT('Ctrl Pts',(23.0663457413649,6.61481634901859,10.8182575887754));
#2909=CARTESIAN_POINT('Ctrl Pts',(23.0716377928908,6.59632312291906,10.824349568189));
#2910=CARTESIAN_POINT('Ctrl Pts',(23.0736765735099,6.5891935453041,10.8262790593868));
#2911=CARTESIAN_POINT('Ctrl Pts',(23.0753027952357,6.58349359919338,10.8267237884714));
#2912=CARTESIAN_POINT('',(22.997510388621,6.85028707446603,1.));
#2913=CARTESIAN_POINT('',(22.997510388621,6.85028707446603,0.));
#2914=CARTESIAN_POINT('',(-1.80628959508333E-15,23.9960812858543,1.));
#2915=CARTESIAN_POINT('Origin',(0.,0.,1.));
#2916=CARTESIAN_POINT('',(-1.80628959508333E-15,23.9960812858543,8.25));
#2917=CARTESIAN_POINT('',(-1.80628959508333E-15,23.9960812858543,0.));
#2918=CARTESIAN_POINT('',(-6.85508297336422,22.9960812858543,9.25));
#2919=CARTESIAN_POINT('Origin',(0.,0.,32.2460812858544));
#2920=CARTESIAN_POINT('Origin',(0.,0.,9.25));
#2921=CARTESIAN_POINT('',(-22.0799095664276,-9.39624981658673,13.343));
#2922=CARTESIAN_POINT('',(-22.0799095664276,-9.39624981658673,11.343));
#2923=CARTESIAN_POINT('',(-22.0799095664276,-9.39624981658673,13.343));
#2924=CARTESIAN_POINT('',(-22.7862332089806,-7.52326346895242,13.343));
#2925=CARTESIAN_POINT('Ctrl Pts',(-22.7862332089807,-7.52326346895244,13.343));
#2926=CARTESIAN_POINT('Ctrl Pts',(-22.7862332089807,-7.52326346895244,13.0918638742954));
#2927=CARTESIAN_POINT('Ctrl Pts',(-22.7706530411826,-7.57097704609772,12.823990607087));
#2928=CARTESIAN_POINT('Ctrl Pts',(-22.7054286085786,-7.76439598795512,12.3312282965082));
#2929=CARTESIAN_POINT('Ctrl Pts',(-22.6555703748505,-7.91003110887884,12.1063400287687));
#2930=CARTESIAN_POINT('Ctrl Pts',(-22.5359182936197,-8.24475209300578,11.7509818169681));
#2931=CARTESIAN_POINT('Ctrl Pts',(-22.4580886785935,-8.45618531548466,11.5969915205096));
#2932=CARTESIAN_POINT('Ctrl Pts',(-22.2794275851133,-8.9162729695101,11.393006375672));
#2933=CARTESIAN_POINT('Ctrl Pts',(-22.1783870636776,-9.16484108692854,11.343));
#2934=CARTESIAN_POINT('Ctrl Pts',(-22.0799095664276,-9.39624981658673,11.343));
#2935=CARTESIAN_POINT('',(-22.7862332089806,-7.52326346895242,13.643));
#2936=CARTESIAN_POINT('',(-22.7862332089806,-7.52326346895242,0.));
#2937=CARTESIAN_POINT('',(-22.6903962326197,-7.80754992837356,13.343));
#2938=CARTESIAN_POINT('Ctrl Pts',(-22.7862332089807,-7.52326346895244,13.643));
#2939=CARTESIAN_POINT('Ctrl Pts',(-22.7862332089807,-7.52326346895244,13.6422733192526));
#2940=CARTESIAN_POINT('Ctrl Pts',(-22.7862323811852,-7.52326597615574,13.6415466409019));
#2941=CARTESIAN_POINT('Ctrl Pts',(-22.7862206701322,-7.52330144619999,13.6364064559902));
#2942=CARTESIAN_POINT('Ctrl Pts',(-22.7861800799202,-7.52342438615554,13.6319941777314));
#2943=CARTESIAN_POINT('Ctrl Pts',(-22.7859994717857,-7.52397137628105,13.6207974297068));
#2944=CARTESIAN_POINT('Ctrl Pts',(-22.785817641504,-7.5245220539816,13.6140223246678));
#2945=CARTESIAN_POINT('Ctrl Pts',(-22.7841679381116,-7.529517132964,13.5701648866395));
#2946=CARTESIAN_POINT('Ctrl Pts',(-22.78061092226,-7.54029142870737,13.5342134027143));
#2947=CARTESIAN_POINT('Ctrl Pts',(-22.7695044799511,-7.57376345926597,13.4684186963093));
#2948=CARTESIAN_POINT('Ctrl Pts',(-22.7620606380749,-7.59613821414935,13.4391325124753));
#2949=CARTESIAN_POINT('Ctrl Pts',(-22.744218196938,-7.64939408765193,13.3911435644821));
#2950=CARTESIAN_POINT('Ctrl Pts',(-22.7340239630225,-7.67966537291034,13.3726607768107));
#2951=CARTESIAN_POINT('Ctrl Pts',(-22.7125547369769,-7.74292057831758,13.3488746383531));
#2952=CARTESIAN_POINT('Ctrl Pts',(-22.7015496269498,-7.77513579858757,13.343));
#2953=CARTESIAN_POINT('Ctrl Pts',(-22.6903962326197,-7.80754992837355,13.343));
#2954=CARTESIAN_POINT('Ctrl Pts',(-22.6903836480906,-7.8075455971867,13.343));
#2955=CARTESIAN_POINT('Ctrl Pts',(-22.663389046442,-7.8859800678531,13.343));
#2956=CARTESIAN_POINT('Ctrl Pts',(-22.6313433227079,-7.97780513046085,13.343));
#2957=CARTESIAN_POINT('Ctrl Pts',(-22.5957865961037,-8.07727337538262,13.343));
#2958=CARTESIAN_POINT('Ctrl Pts',(-22.5359182936197,-8.24475209300578,13.343));
#2959=CARTESIAN_POINT('Ctrl Pts',(-22.4580886785935,-8.45618531548466,13.343));
#2960=CARTESIAN_POINT('Ctrl Pts',(-22.3687581318534,-8.68622914249738,13.343));
#2961=CARTESIAN_POINT('Ctrl Pts',(-22.2794275851133,-8.9162729695101,13.343));
#2962=CARTESIAN_POINT('Ctrl Pts',(-22.1783870636776,-9.16484108692854,13.343));
#2963=CARTESIAN_POINT('Ctrl Pts',(-22.0799095664276,-9.39624981658673,13.343));
#2964=CARTESIAN_POINT('',(-20.8696081532905,-11.8436216000612,13.343));
#2965=CARTESIAN_POINT('',(-19.9776169116221,-13.2931087263213,13.343));
#2966=CARTESIAN_POINT('Ctrl Pts',(-20.8696081532905,-11.8436216000612,13.343));
#2967=CARTESIAN_POINT('Ctrl Pts',(-20.7454809497448,-12.0623457527434,13.343));
#2968=CARTESIAN_POINT('Ctrl Pts',(-20.6092727852678,-12.2935223776404,13.343));
#2969=CARTESIAN_POINT('Ctrl Pts',(-20.4806781512598,-12.5041488931409,13.343));
#2970=CARTESIAN_POINT('Ctrl Pts',(-20.3520835172518,-12.7147754086415,13.343));
#2971=CARTESIAN_POINT('Ctrl Pts',(-20.2312978957049,-12.9049655507899,13.343));
#2972=CARTESIAN_POINT('Ctrl Pts',(-20.1345408767402,-13.0542016515835,13.343));
#2973=CARTESIAN_POINT('Ctrl Pts',(-20.0770753611399,-13.1428353194046,13.343));
#2974=CARTESIAN_POINT('Ctrl Pts',(-20.0235527892186,-13.2240394130667,13.343));
#2975=CARTESIAN_POINT('Ctrl Pts',(-19.9776058308817,-13.2931013542969,13.343));
#2976=CARTESIAN_POINT('',(-19.8098645947822,-13.5418308146912,13.643));
#2977=CARTESIAN_POINT('Ctrl Pts',(-19.977616911622,-13.2931087263213,13.343));
#2978=CARTESIAN_POINT('Ctrl Pts',(-19.958334738969,-13.3220870388001,13.343));
#2979=CARTESIAN_POINT('Ctrl Pts',(-19.939113407568,-13.350833267934,13.3490572286986));
#2980=CARTESIAN_POINT('Ctrl Pts',(-19.9000828681478,-13.4089523811043,13.374416191679));
#2981=CARTESIAN_POINT('Ctrl Pts',(-19.880952346891,-13.4372803064427,13.3951296731003));
#2982=CARTESIAN_POINT('Ctrl Pts',(-19.8481753411141,-13.485648239047,13.4487018799189));
#2983=CARTESIAN_POINT('Ctrl Pts',(-19.8348694171878,-13.50518973397,13.4810638557626));
#2984=CARTESIAN_POINT('Ctrl Pts',(-19.8206092154379,-13.5261022583825,13.5358026611227));
#2985=CARTESIAN_POINT('Ctrl Pts',(-19.8168298749835,-13.5316367206267,13.5553609139521));
#2986=CARTESIAN_POINT('Ctrl Pts',(-19.8126393294749,-13.5377711474595,13.5875081537749));
#2987=CARTESIAN_POINT('Ctrl Pts',(-19.8114895846104,-13.5394534286905,13.5997259021984));
#2988=CARTESIAN_POINT('Ctrl Pts',(-19.810414583718,-13.5410262348414,13.6180841378051));
#2989=CARTESIAN_POINT('Ctrl Pts',(-19.8101642106962,-13.541392509252,13.6241515042664));
#2990=CARTESIAN_POINT('Ctrl Pts',(-19.8099157713475,-13.5417559512168,13.6344830202883));
#2991=CARTESIAN_POINT('Ctrl Pts',(-19.8098645947823,-13.5418308146912,13.6387412687306));
#2992=CARTESIAN_POINT('Ctrl Pts',(-19.8098645947823,-13.5418308146912,13.643));
#2993=CARTESIAN_POINT('',(-19.8098645947822,-13.5418308146912,13.343));
#2994=CARTESIAN_POINT('',(-19.8098645947822,-13.5418308146912,0.));
#2995=CARTESIAN_POINT('',(-20.8696081532905,-11.8436216000612,11.343));
#2996=CARTESIAN_POINT('Ctrl Pts',(-20.8696081532905,-11.8436216000612,11.343));
#2997=CARTESIAN_POINT('Ctrl Pts',(-20.7454809497448,-12.0623457527435,11.343));
#2998=CARTESIAN_POINT('Ctrl Pts',(-20.6092727852678,-12.2935223776404,11.393006375672));
#2999=CARTESIAN_POINT('Ctrl Pts',(-20.3520835172518,-12.7147754086415,11.5969915205096));
#3000=CARTESIAN_POINT('Ctrl Pts',(-20.2312978957049,-12.9049655507899,11.7509818169681));
#3001=CARTESIAN_POINT('Ctrl Pts',(-20.0379204620304,-13.2032270566925,12.1063400287687));
#3002=CARTESIAN_POINT('Ctrl Pts',(-19.9524466816129,-13.3312491828195,12.3312282965082));
#3003=CARTESIAN_POINT('Ctrl Pts',(-19.8383258975999,-13.5004873591688,12.823990607087));
#3004=CARTESIAN_POINT('Ctrl Pts',(-19.8098645947823,-13.5418308146912,13.0918638742954));
#3005=CARTESIAN_POINT('Ctrl Pts',(-19.8098645947823,-13.5418308146912,13.343));
#3006=CARTESIAN_POINT('',(-20.8696081532905,-11.8436216000612,13.343));
#3007=CARTESIAN_POINT('Origin',(-18.8608029152925,-12.9142612834182,14.5016340288416));
#3008=CARTESIAN_POINT('',(-19.0181727209922,-13.0220146382491,14.9999996647239));
#3009=CARTESIAN_POINT('',(-18.6143766767997,-12.745529716407,14.5106172403239));
#3010=CARTESIAN_POINT('',(-18.816274698896,-12.883772177328,14.7553084525239));
#3011=CARTESIAN_POINT('',(-18.6143766767997,-12.745529716407,14.4926508173594));
#3012=CARTESIAN_POINT('',(-18.6143766767997,-12.745529716407,14.9999996647239));
#3013=CARTESIAN_POINT('',(-19.0181727209922,-13.0220146382491,14.0032683929594));
#3014=CARTESIAN_POINT('',(-18.816274698896,-12.883772177328,14.2479596051594));
#3015=CARTESIAN_POINT('',(-18.6143766767997,-12.745529716407,14.0032683929594));
#3016=CARTESIAN_POINT('',(-19.1072291537853,-13.0829928504293,14.9999996647239));
#3017=CARTESIAN_POINT('Origin',(-21.7023801621552,-7.17737601099387,14.5016340288416));
#3018=CARTESIAN_POINT('',(-21.418827233167,-7.08359984565344,14.5106172403239));
#3019=CARTESIAN_POINT('',(-21.8834593752024,-7.23726223499806,14.9999996647239));
#3020=CARTESIAN_POINT('',(-21.6511433041847,-7.16043104032576,14.7553084525239));
#3021=CARTESIAN_POINT('',(-21.9859330911435,-7.27115217633431,14.9999996647239));
#3022=CARTESIAN_POINT('',(-21.8834593752024,-7.23726223499806,14.0032683929594));
#3023=CARTESIAN_POINT('',(-21.418827233167,-7.08359984565344,14.0032683929594));
#3024=CARTESIAN_POINT('',(-21.418827233167,-7.08359984565344,14.4926508173594));
#3025=CARTESIAN_POINT('',(-21.6511433041847,-7.16043104032576,14.2479596051594));
#3026=CARTESIAN_POINT('',(-21.418827233167,-7.08359984565344,14.9999996647239));
#3027=CARTESIAN_POINT('Origin',(-1.70247576732304E-9,5.74685784204806E-9,
13.1958000335699));
#3028=CARTESIAN_POINT('Origin',(-1.70247576732304E-9,5.74685784204806E-9,
12.9536));
#3029=CARTESIAN_POINT('Origin',(-1.70247576732304E-9,5.74685784204806E-9,
13.1958000335699));
#3030=CARTESIAN_POINT('Origin',(-1.70247576732304E-9,5.74685784204806E-9,
12.9536));
#3031=CARTESIAN_POINT('Origin',(-1.70247576732304E-9,5.74685784204806E-9,
13.1958000335699));
#3032=CARTESIAN_POINT('Origin',(-1.70247576732304E-9,5.74685784204806E-9,
12.9536));
#3033=CARTESIAN_POINT('Origin',(-1.70247576732304E-9,5.74685784204806E-9,
13.1958000335699));
#3034=CARTESIAN_POINT('Origin',(-1.70247576732304E-9,5.74685784204806E-9,
12.9536));
#3035=CARTESIAN_POINT('Origin',(0.,0.,12.9536));
#3036=CARTESIAN_POINT('',(1.96621413712949,22.4739304258189,12.9536));
#3037=CARTESIAN_POINT('',(1.96869237328244,22.5022567946657,12.9538018516269));
#3038=CARTESIAN_POINT('',(1.96621413712949,22.4739304258189,12.9536));
#3039=CARTESIAN_POINT('',(-1.9662141371295,22.4739304258189,12.9537981530106));
#3040=CARTESIAN_POINT('Origin',(-5.55111512312578E-16,1.90958360235527E-13,
12.9536));
#3041=CARTESIAN_POINT('',(-1.96869237328244,22.5022567946657,12.954));
#3042=CARTESIAN_POINT('',(-0.0322724045967265,0.368875272483979,12.954));
#3043=CARTESIAN_POINT('Origin',(0.,0.,12.954));
#3044=CARTESIAN_POINT('',(-22.4739304258189,1.96621413712949,12.9536));
#3045=CARTESIAN_POINT('',(-22.5022567946657,1.96869237328244,12.9538018516269));
#3046=CARTESIAN_POINT('',(-22.4739304258189,1.96621413712949,12.9536));
#3047=CARTESIAN_POINT('',(-22.4739304258189,-1.9662141371295,12.9537981530106));
#3048=CARTESIAN_POINT('Origin',(-1.90958360235527E-13,-2.77555756156289E-16,
12.9536));
#3049=CARTESIAN_POINT('',(-22.5022567946657,-1.96869237328244,12.954));
#3050=CARTESIAN_POINT('',(-12.2032021793768,-1.06764184941023,12.954));
#3051=CARTESIAN_POINT('Origin',(0.,0.,12.954));
#3052=CARTESIAN_POINT('',(22.5022567924772,-1.96869237309097,12.9536));
#3053=CARTESIAN_POINT('',(22.5022567940649,1.96869237322988,12.9537981483732));
#3054=CARTESIAN_POINT('Origin',(-1.70247576732304E-9,5.74685784204806E-9,
12.9536));
#3055=CARTESIAN_POINT('',(22.4739304258189,-1.96621413712949,12.9538018469894));
#3056=CARTESIAN_POINT('',(22.4739304258189,-1.96621413712949,12.9536));
#3057=CARTESIAN_POINT('',(22.4739304258189,1.96621413712951,12.954));
#3058=CARTESIAN_POINT('Origin',(1.90958360235527E-13,2.77555756156289E-16,
12.954));
#3059=CARTESIAN_POINT('',(10.2990546152889,0.901050523872019,12.954));
#3060=CARTESIAN_POINT('',(-1.96869237279641,-22.5022567891103,12.9536));
#3061=CARTESIAN_POINT('',(1.96869237302412,-22.5022567917131,12.9537981483732));
#3062=CARTESIAN_POINT('Origin',(-1.70247576732304E-9,5.74685784204806E-9,
12.9536));
#3063=CARTESIAN_POINT('',(-1.96621413712949,-22.4739304258189,12.9538018469894));
#3064=CARTESIAN_POINT('',(-1.96621413712949,-22.4739304258189,12.9536));
#3065=CARTESIAN_POINT('',(1.96621413712951,-22.4739304258189,12.954));
#3066=CARTESIAN_POINT('Origin',(2.77555756156289E-16,-1.90958360235527E-13,
12.954));
#3067=CARTESIAN_POINT('',(1.93641996868506,-22.1333815221818,12.954));
#3068=CARTESIAN_POINT('',(17.6499395413421,-13.1319102019335,12.9536));
#3069=CARTESIAN_POINT('',(6.21974610168246,21.1017105893167,12.9536));
#3070=CARTESIAN_POINT('Origin',(0.,0.,12.9536));
#3071=CARTESIAN_POINT('',(14.3560494560174,-14.4556001655391,12.9536));
#3072=CARTESIAN_POINT('Origin',(14.9211264196603,-11.1016183254176,12.9536));
#3073=CARTESIAN_POINT('',(10.0390911125013,-17.72786455736,12.9536));
#3074=CARTESIAN_POINT('Origin',(11.8138227366895,-15.5854706481766,12.9536));
#3075=CARTESIAN_POINT('',(7.87465675866316,-20.5415971214002,12.9536));
#3076=CARTESIAN_POINT('Origin',(6.65717572188981,-17.365712035002,12.9536));
#3077=CARTESIAN_POINT('',(-7.86709538228658,-20.5444941921353,12.9536));
#3078=CARTESIAN_POINT('Origin',(0.,0.,12.9536));
#3079=CARTESIAN_POINT('',(-10.0330071666647,-17.7274222305845,12.9536));
#3080=CARTESIAN_POINT('Origin',(-6.65078339105166,-17.368161196858,12.9536));
#3081=CARTESIAN_POINT('',(-14.3507288787274,-14.4561167813845,12.9536));
#3082=CARTESIAN_POINT('Origin',(-11.8082726168496,-15.5854706481766,12.9536));
#3083=CARTESIAN_POINT('',(-17.648832085793,-13.1333985461554,12.9536));
#3084=CARTESIAN_POINT('Origin',(-14.9201901850509,-11.1028765604523,12.9536));
#3085=CARTESIAN_POINT('',(-18.1829690133293,-12.3833383715773,12.9536000000801));
#3086=CARTESIAN_POINT('Origin',(0.,0.,12.9536));
#3087=CARTESIAN_POINT('',(-19.2148592812666,-10.7124513611869,12.9536));
#3088=CARTESIAN_POINT('Ctrl Pts',(-19.2148592812666,-10.7124513611869,12.9536));
#3089=CARTESIAN_POINT('Ctrl Pts',(-19.0923626211619,-10.9321728802843,12.9536));
#3090=CARTESIAN_POINT('Ctrl Pts',(-18.9575267773562,-11.1642531135854,12.9536));
#3091=CARTESIAN_POINT('Ctrl Pts',(-18.8298807547889,-11.375544915524,12.9536));
#3092=CARTESIAN_POINT('Ctrl Pts',(-18.7022347322216,-11.5868367174626,12.9536));
#3093=CARTESIAN_POINT('Ctrl Pts',(-18.5819927274142,-11.7774628147641,12.9536));
#3094=CARTESIAN_POINT('Ctrl Pts',(-18.4855372044101,-11.9269587753561,12.9536));
#3095=CARTESIAN_POINT('Ctrl Pts',(-18.389243772336,-12.0762035119794,12.9536));
#3096=CARTESIAN_POINT('Ctrl Pts',(-18.3038958313784,-12.2043125693795,12.9536));
#3097=CARTESIAN_POINT('Ctrl Pts',(-18.2468834987115,-12.2889655361679,12.9536));
#3098=CARTESIAN_POINT('Ctrl Pts',(-18.2186265504765,-12.3309219759167,12.9536));
#3099=CARTESIAN_POINT('Ctrl Pts',(-18.1972789201713,-12.3623495230192,12.9536));
#3100=CARTESIAN_POINT('Ctrl Pts',(-18.1829752416379,-12.3833426152457,12.9536));
#3101=CARTESIAN_POINT('',(-20.145124234632,-8.8397624931847,12.9536));
#3102=CARTESIAN_POINT('Origin',(0.,0.,12.9536));
#3103=CARTESIAN_POINT('',(-20.854023295456,-7.00550810129074,12.9536000000804));
#3104=CARTESIAN_POINT('Ctrl Pts',(-20.8540304427233,-7.00551050058834,12.9536000000804));
#3105=CARTESIAN_POINT('Ctrl Pts',(-20.8459472476946,-7.0295895290348,12.9536000000804));
#3106=CARTESIAN_POINT('Ctrl Pts',(-20.8338082548095,-7.06558010831135,12.9536000000804));
#3107=CARTESIAN_POINT('Ctrl Pts',(-20.8174565758979,-7.11343328325197,12.9536000000804));
#3108=CARTESIAN_POINT('Ctrl Pts',(-20.7844577128064,-7.21000442905914,12.9536000000804));
#3109=CARTESIAN_POINT('Ctrl Pts',(-20.7339529116251,-7.35541792877958,12.9536000000804));
#3110=CARTESIAN_POINT('Ctrl Pts',(-20.6732222146526,-7.52232109313798,12.9536000000804));
#3111=CARTESIAN_POINT('Ctrl Pts',(-20.6122742084484,-7.68982147768663,12.9536000000804));
#3112=CARTESIAN_POINT('Ctrl Pts',(-20.5328772717303,-7.90123776677084,12.9536000000804));
#3113=CARTESIAN_POINT('Ctrl Pts',(-20.4414597417832,-8.13106112323169,12.9536000000804));
#3114=CARTESIAN_POINT('Ctrl Pts',(-20.3500422118362,-8.36088447969254,12.9536000000804));
#3115=CARTESIAN_POINT('Ctrl Pts',(-20.2463771227073,-8.6090151160958,12.9536000000804));
#3116=CARTESIAN_POINT('Ctrl Pts',(-20.145124234632,-8.83976249318471,12.9536000000804));
#3117=CARTESIAN_POINT('',(-6.21036395382535,21.1044737182831,12.9536));
#3118=CARTESIAN_POINT('Origin',(0.,0.,12.9536));
#3119=CARTESIAN_POINT('',(-2.70444105283195,20.0971440127252,12.9536));
#3120=CARTESIAN_POINT('Origin',(-5.25019507574377,17.8415636854332,12.9536));
#3121=CARTESIAN_POINT('',(2.71337570209539,20.0959396688799,12.9536));
#3122=CARTESIAN_POINT('Origin',(0.00432649894470949,19.4630286048996,12.9536));
#3123=CARTESIAN_POINT('Origin',(5.25812667312607,17.8392277569432,12.9536));
#3124=CARTESIAN_POINT('',(9.5612227366895,-15.5854706481766,12.9536));
#3125=CARTESIAN_POINT('Origin',(11.8138227366895,-15.5854706481766,12.9536));
#3126=CARTESIAN_POINT('',(-2.24827350105529,19.4630286048996,12.9536));
#3127=CARTESIAN_POINT('Origin',(0.00432649894470949,19.4630286048996,12.9536));
#3128=CARTESIAN_POINT('',(-14.0608726168496,-15.5854706481766,12.9536));
#3129=CARTESIAN_POINT('Origin',(-11.8082726168496,-15.5854706481766,12.9536));
#3130=CARTESIAN_POINT('Origin',(-1.66533453693773E-14,-21.9310975752361,
12.954));
#3131=CARTESIAN_POINT('Origin',(-1.66533453693773E-14,-21.9310975752361,
12.954));
#3132=CARTESIAN_POINT('Origin',(-14.9201901850509,-11.1028765604523,2.0066));
#3133=CARTESIAN_POINT('',(-14.3507288787274,-14.4561167813845,2.0066));
#3134=CARTESIAN_POINT('',(-14.3507288787274,-14.4561167813845,2.0066));
#3135=CARTESIAN_POINT('',(-17.648832085793,-13.1333985461554,2.0066));
#3136=CARTESIAN_POINT('Origin',(-14.9201901850509,-11.1028765604523,2.0066));
#3137=CARTESIAN_POINT('',(-17.648832085793,-13.1333985461554,2.0066));
#3138=CARTESIAN_POINT('Origin',(-11.8082726168496,-15.5854706481766,2.0066));
#3139=CARTESIAN_POINT('',(-10.0330071666647,-17.7274222305845,2.0066));
#3140=CARTESIAN_POINT('',(-10.0330071666647,-17.7274222305845,2.0066));
#3141=CARTESIAN_POINT('Origin',(-11.8082726168496,-15.5854706481766,2.0066));
#3142=CARTESIAN_POINT('Origin',(-6.65078339105166,-17.368161196858,2.0066));
#3143=CARTESIAN_POINT('',(-7.86709538228658,-20.5444941921353,2.0066));
#3144=CARTESIAN_POINT('',(-7.86709538228658,-20.5444941921353,2.0066));
#3145=CARTESIAN_POINT('Origin',(-6.65078339105166,-17.368161196858,2.0066));
#3146=CARTESIAN_POINT('Origin',(6.65717572188981,-17.365712035002,2.0066));
#3147=CARTESIAN_POINT('',(10.0390911125013,-17.72786455736,2.0066));
#3148=CARTESIAN_POINT('',(10.0390911125013,-17.72786455736,2.0066));
#3149=CARTESIAN_POINT('',(7.87465675866316,-20.5415971214002,2.0066));
#3150=CARTESIAN_POINT('Origin',(6.65717572188981,-17.365712035002,2.0066));
#3151=CARTESIAN_POINT('',(7.87465675866316,-20.5415971214002,2.0066));
#3152=CARTESIAN_POINT('Origin',(11.8138227366895,-15.5854706481766,2.0066));
#3153=CARTESIAN_POINT('',(14.3560494560174,-14.4556001655391,2.0066));
#3154=CARTESIAN_POINT('',(14.3560494560174,-14.4556001655391,2.0066));
#3155=CARTESIAN_POINT('Origin',(11.8138227366895,-15.5854706481766,2.0066));
#3156=CARTESIAN_POINT('Origin',(14.9211264196603,-11.1016183254176,2.0066));
#3157=CARTESIAN_POINT('',(17.6499395413421,-13.1319102019335,2.0066));
#3158=CARTESIAN_POINT('',(17.6499395413421,-13.1319102019335,2.0066));
#3159=CARTESIAN_POINT('Origin',(14.9211264196603,-11.1016183254176,2.0066));
#3160=CARTESIAN_POINT('Origin',(0.,0.,2.0066));
#3161=CARTESIAN_POINT('Origin',(0.,0.,2.0066));
#3162=CARTESIAN_POINT('Origin',(0.,0.,2.0066));
#3163=CARTESIAN_POINT('',(6.21974610168246,21.1017105893167,2.0066));
#3164=CARTESIAN_POINT('',(6.21974610168246,21.1017105893167,2.0066));
#3165=CARTESIAN_POINT('Origin',(0.,0.,2.0066));
#3166=CARTESIAN_POINT('',(21.7807755797551,-3.09277327151848,2.08906400345976));
#3167=CARTESIAN_POINT('',(21.7698281796938,3.16891344016924,2.08906400345976));
#3168=CARTESIAN_POINT('Origin',(0.,0.,2.08906400345976));
#3169=CARTESIAN_POINT('',(21.4278349635328,4.98149778081591,3.90164834410644));
#3170=CARTESIAN_POINT('Ctrl Pts',(21.7698281796938,3.16891344016924,2.08906400345976));
#3171=CARTESIAN_POINT('Ctrl Pts',(21.7365057143775,3.39783239240805,2.08906400345976));
#3172=CARTESIAN_POINT('Ctrl Pts',(21.6969812322728,3.64145037360307,2.13501887608937));
#3173=CARTESIAN_POINT('Ctrl Pts',(21.6170611213187,4.08923267836391,2.32136884219519));
#3174=CARTESIAN_POINT('Ctrl Pts',(21.5768617966996,4.29343792061547,2.46174974672165));
#3175=CARTESIAN_POINT('Ctrl Pts',(21.5106623469272,4.61358151991991,2.7839874683797));
#3176=CARTESIAN_POINT('Ctrl Pts',(21.4801085571971,4.75197441164578,2.98658579144144));
#3177=CARTESIAN_POINT('Ctrl Pts',(21.4385797342457,4.9359521364172,3.43154658011349));
#3178=CARTESIAN_POINT('Ctrl Pts',(21.4278349635328,4.98149778081592,3.67394670831273));
#3179=CARTESIAN_POINT('Ctrl Pts',(21.4278349635328,4.98149778081592,3.90164834410644));
#3180=CARTESIAN_POINT('',(21.4278349635328,4.98149778081591,4.48271966281308));
#3181=CARTESIAN_POINT('',(21.4278349635328,4.98149778081591,2.0066));
#3182=CARTESIAN_POINT('',(21.7698281796938,3.16891344016924,6.29530400345976));
#3183=CARTESIAN_POINT('Ctrl Pts',(21.4278349635328,4.98149778081592,4.48271966281308));
#3184=CARTESIAN_POINT('Ctrl Pts',(21.4278349635328,4.98149778081592,4.71042129860679));
#3185=CARTESIAN_POINT('Ctrl Pts',(21.4385797342457,4.9359521364172,4.95282142680603));
#3186=CARTESIAN_POINT('Ctrl Pts',(21.4801085571971,4.75197441164578,5.39778221547809));
#3187=CARTESIAN_POINT('Ctrl Pts',(21.5106623469272,4.61358151991991,5.60038053853982));
#3188=CARTESIAN_POINT('Ctrl Pts',(21.5768617966996,4.29343792061547,5.92261826019787));
#3189=CARTESIAN_POINT('Ctrl Pts',(21.6170611213187,4.08923267836391,6.06299916472434));
#3190=CARTESIAN_POINT('Ctrl Pts',(21.6969812322728,3.64145037360307,6.24934913083015));
#3191=CARTESIAN_POINT('Ctrl Pts',(21.7365057143775,3.39783239240805,6.29530400345976));
#3192=CARTESIAN_POINT('Ctrl Pts',(21.7698281796938,3.16891344016924,6.29530400345976));
#3193=CARTESIAN_POINT('',(21.7807755797551,-3.09277327151848,6.29530400345976));
#3194=CARTESIAN_POINT('Origin',(0.,0.,6.29530400345976));
#3195=CARTESIAN_POINT('',(21.4453933995497,-4.90535761216516,4.48271966281309));
#3196=CARTESIAN_POINT('Ctrl Pts',(21.7807755797551,-3.09277327151848,6.29530400345976));
#3197=CARTESIAN_POINT('Ctrl Pts',(21.748274906371,-3.32165842119543,6.29530400345976));
#3198=CARTESIAN_POINT('Ctrl Pts',(21.7096310135773,-3.56524897614013,6.24936087013724));
#3199=CARTESIAN_POINT('Ctrl Pts',(21.6313448812788,-4.01297864911594,6.06306028559485));
#3200=CARTESIAN_POINT('Ctrl Pts',(21.5918990563379,-4.21715799267406,5.92271702501789));
#3201=CARTESIAN_POINT('Ctrl Pts',(21.5268694895392,-4.53735688109238,5.60050679711835));
#3202=CARTESIAN_POINT('Ctrl Pts',(21.4968202304962,-4.67579237358042,5.39786432204448));
#3203=CARTESIAN_POINT('Ctrl Pts',(21.4559675694069,-4.85981173288201,4.95284114752878));
#3204=CARTESIAN_POINT('Ctrl Pts',(21.4453933995496,-4.90535761216516,4.71042372786166));
#3205=CARTESIAN_POINT('Ctrl Pts',(21.4453933995496,-4.90535761216516,4.48271966281308));
#3206=CARTESIAN_POINT('',(21.4453933995497,-4.90535761216516,3.90164834410644));
#3207=CARTESIAN_POINT('',(21.4453933995497,-4.90535761216516,2.0066));
#3208=CARTESIAN_POINT('Ctrl Pts',(21.4453933995496,-4.90535761216516,3.90164834410644));
#3209=CARTESIAN_POINT('Ctrl Pts',(21.4453933995496,-4.90535761216516,3.67394427905786));
#3210=CARTESIAN_POINT('Ctrl Pts',(21.4559675694069,-4.85981173288201,3.43152685939074));
#3211=CARTESIAN_POINT('Ctrl Pts',(21.4968202304962,-4.67579237358042,2.98650368487504));
#3212=CARTESIAN_POINT('Ctrl Pts',(21.5268694895392,-4.53735688109238,2.78386120980117));
#3213=CARTESIAN_POINT('Ctrl Pts',(21.5918990563379,-4.21715799267406,2.46165098190163));
#3214=CARTESIAN_POINT('Ctrl Pts',(21.6313448812788,-4.01297864911594,2.32130772132467));
#3215=CARTESIAN_POINT('Ctrl Pts',(21.7096310135773,-3.56524897614013,2.13500713678228));
#3216=CARTESIAN_POINT('Ctrl Pts',(21.748274906371,-3.32165842119543,2.08906400345976));
#3217=CARTESIAN_POINT('Ctrl Pts',(21.7807755797551,-3.09277327151848,2.08906400345976));
#3218=CARTESIAN_POINT('Origin',(0.,0.,2.0066));
#3219=CARTESIAN_POINT('',(-6.21036395382535,21.1044737182831,2.0066));
#3220=CARTESIAN_POINT('Origin',(0.,0.,2.0066));
#3221=CARTESIAN_POINT('',(-6.21036395382535,21.1044737182831,2.0066));
#3222=CARTESIAN_POINT('',(-20.145124234632,-8.83976249318471,11.343));
#3223=CARTESIAN_POINT('Ctrl Pts',(-20.145124234632,-8.83976249318471,11.343));
#3224=CARTESIAN_POINT('Ctrl Pts',(-20.2463771227073,-8.6090151160958,11.343));
#3225=CARTESIAN_POINT('Ctrl Pts',(-20.3500422118362,-8.36088447969254,11.3929064576662));
#3226=CARTESIAN_POINT('Ctrl Pts',(-20.5328772717303,-7.90123776677084,11.5969138739825));
#3227=CARTESIAN_POINT('Ctrl Pts',(-20.6122742084484,-7.68982147768663,11.7510361757336));
#3228=CARTESIAN_POINT('Ctrl Pts',(-20.7339529116251,-7.35541792877958,12.106633955539));
#3229=CARTESIAN_POINT('Ctrl Pts',(-20.7844577128064,-7.21000442905914,12.3314519636494));
#3230=CARTESIAN_POINT('Ctrl Pts',(-20.833747547758,-7.06575776744778,12.6993769228777));
#3231=CARTESIAN_POINT('Ctrl Pts',(-20.8459626422945,-7.02950308443504,12.8261184586695));
#3232=CARTESIAN_POINT('Ctrl Pts',(-20.854023295456,-7.00550810129074,12.9536000001607));
#3233=CARTESIAN_POINT('',(-20.145124234632,-8.8397624931847,13.343));
#3234=CARTESIAN_POINT('',(-19.2148592812666,-10.7124513611869,11.343));
#3235=CARTESIAN_POINT('',(-19.2148592812666,-10.7124513611869,13.343));
#3236=CARTESIAN_POINT('Ctrl Pts',(-18.1829690133293,-12.3833383715773,12.9536000001603));
#3237=CARTESIAN_POINT('Ctrl Pts',(-18.1972192677582,-12.3624141323345,12.8260634634211));
#3238=CARTESIAN_POINT('Ctrl Pts',(-18.2187314931071,-12.3307661551565,12.6992651844341));
#3239=CARTESIAN_POINT('Ctrl Pts',(-18.3038958313784,-12.2043125693795,12.3312234516564));
#3240=CARTESIAN_POINT('Ctrl Pts',(-18.389243772336,-12.0762035119794,12.1063365692068));
#3241=CARTESIAN_POINT('Ctrl Pts',(-18.5819927274142,-11.7774628147641,11.7509374355494));
#3242=CARTESIAN_POINT('Ctrl Pts',(-18.7022347322216,-11.5868367174626,11.5969337746548));
#3243=CARTESIAN_POINT('Ctrl Pts',(-18.9575267773562,-11.1642531135854,11.3929719333706));
#3244=CARTESIAN_POINT('Ctrl Pts',(-19.0923626211619,-10.9321728802843,11.343));
#3245=CARTESIAN_POINT('Ctrl Pts',(-19.2148592812666,-10.7124513611869,11.343));
#3246=CARTESIAN_POINT('',(-12.9963429996547,17.75,5.25));
#3247=CARTESIAN_POINT('Ctrl Pts',(-12.9963429996547,17.75,5.25));
#3248=CARTESIAN_POINT('Ctrl Pts',(-12.9963429996547,17.75,5.05800037611359));
#3249=CARTESIAN_POINT('Ctrl Pts',(-13.0219225797785,17.7313444913915,4.86646591842929));
#3250=CARTESIAN_POINT('Ctrl Pts',(-13.1186319929889,17.6599133569367,4.49639690228656));
#3251=CARTESIAN_POINT('Ctrl Pts',(-13.1896467848977,17.6071746623122,4.31782516263199));
#3252=CARTESIAN_POINT('Ctrl Pts',(-13.4511449530122,17.4092485128755,3.81543178309038));
#3253=CARTESIAN_POINT('Ctrl Pts',(-13.6910387050037,17.2226112991943,3.5247549971144));
#3254=CARTESIAN_POINT('Ctrl Pts',(-14.2787123064195,16.7418222310658,2.96429235652497));
#3255=CARTESIAN_POINT('Ctrl Pts',(-14.6912580624696,16.3848538027475,2.69765035275434));
#3256=CARTESIAN_POINT('Ctrl Pts',(-15.5252015604638,15.5969424775482,2.33968663154436));
#3257=CARTESIAN_POINT('Ctrl Pts',(-15.9466253114704,15.1652852677508,2.25));
#3258=CARTESIAN_POINT('Ctrl Pts',(-16.6489131571818,14.3881542169961,2.25));
#3259=CARTESIAN_POINT('Ctrl Pts',(-16.9898640315201,13.9841205672951,2.31909851278978));
#3260=CARTESIAN_POINT('Ctrl Pts',(-17.6000194512108,13.2079681003633,2.64253121410182));
#3261=CARTESIAN_POINT('Ctrl Pts',(-17.8696289586904,12.8364961340035,2.89765278271067));
#3262=CARTESIAN_POINT('Ctrl Pts',(-18.2333945020807,12.3120456881462,3.47000505017973));
#3263=CARTESIAN_POINT('Ctrl Pts',(-18.3707349625814,12.1041984657519,3.78581790989796));
#3264=CARTESIAN_POINT('Ctrl Pts',(-18.5530272290812,11.8228889264123,4.49097605704313));
#3265=CARTESIAN_POINT('Ctrl Pts',(-18.5985196014272,11.75,4.88041012163987));
#3266=CARTESIAN_POINT('Ctrl Pts',(-18.5985196014272,11.75,5.61958987836013));
#3267=CARTESIAN_POINT('Ctrl Pts',(-18.5530272290812,11.8228889264123,6.00902394295686));
#3268=CARTESIAN_POINT('Ctrl Pts',(-18.3707349625814,12.1041984657519,6.71418209010204));
#3269=CARTESIAN_POINT('Ctrl Pts',(-18.2333945020807,12.3120456881462,7.02999494982027));
#3270=CARTESIAN_POINT('Ctrl Pts',(-17.8696289586904,12.8364961340035,7.60234721728933));
#3271=CARTESIAN_POINT('Ctrl Pts',(-17.6000194512108,13.2079681003633,7.85746878589818));
#3272=CARTESIAN_POINT('Ctrl Pts',(-16.98986403152,13.9841205672951,8.18090148721022));
#3273=CARTESIAN_POINT('Ctrl Pts',(-16.6489131571818,14.3881542169961,8.25));
#3274=CARTESIAN_POINT('Ctrl Pts',(-15.9466253114704,15.1652852677508,8.25));
#3275=CARTESIAN_POINT('Ctrl Pts',(-15.5252015604638,15.5969424775482,8.16031336845564));
#3276=CARTESIAN_POINT('Ctrl Pts',(-14.6912580624696,16.3848538027475,7.80234964724566));
#3277=CARTESIAN_POINT('Ctrl Pts',(-14.2787123064195,16.7418222310658,7.53570764347503));
#3278=CARTESIAN_POINT('Ctrl Pts',(-13.6910387050037,17.2226112991943,6.9752450028856));
#3279=CARTESIAN_POINT('Ctrl Pts',(-13.4511449530122,17.4092485128755,6.68456821690962));
#3280=CARTESIAN_POINT('Ctrl Pts',(-13.1896467848977,17.6071746623122,6.182174837368));
#3281=CARTESIAN_POINT('Ctrl Pts',(-13.1186319929889,17.6599133569367,6.00360309771345));
#3282=CARTESIAN_POINT('Ctrl Pts',(-13.0219225797785,17.7313444913915,5.63353408157071));
#3283=CARTESIAN_POINT('Ctrl Pts',(-12.9963429996547,17.75,5.44199962388641));
#3284=CARTESIAN_POINT('Ctrl Pts',(-12.9963429996547,17.75,5.25));
#3285=CARTESIAN_POINT('Ctrl Pts',(-19.2148592812666,-10.7124513611869,13.343));
#3286=CARTESIAN_POINT('Ctrl Pts',(-19.2148592812666,-10.7124513611869,11.343));
#3287=CARTESIAN_POINT('Ctrl Pts',(-19.0923626211619,-10.9321728802843,13.343));
#3288=CARTESIAN_POINT('Ctrl Pts',(-19.0923626211619,-10.9321728802843,11.343));
#3289=CARTESIAN_POINT('Ctrl Pts',(-18.9575267773562,-11.1642531135854,13.343));
#3290=CARTESIAN_POINT('Ctrl Pts',(-18.9575267773562,-11.1642531135854,11.343));
#3291=CARTESIAN_POINT('Ctrl Pts',(-18.7022347322216,-11.5868367174626,13.343));
#3292=CARTESIAN_POINT('Ctrl Pts',(-18.7022347322216,-11.5868367174626,11.343));
#3293=CARTESIAN_POINT('Ctrl Pts',(-18.5819927274142,-11.7774628147641,13.343));
#3294=CARTESIAN_POINT('Ctrl Pts',(-18.5819927274142,-11.7774628147641,11.343));
#3295=CARTESIAN_POINT('Ctrl Pts',(-18.389243772336,-12.0762035119794,13.343));
#3296=CARTESIAN_POINT('Ctrl Pts',(-18.389243772336,-12.0762035119794,11.343));
#3297=CARTESIAN_POINT('Ctrl Pts',(-18.3038958313784,-12.2043125693795,13.343));
#3298=CARTESIAN_POINT('Ctrl Pts',(-18.3038958313784,-12.2043125693795,11.343));
#3299=CARTESIAN_POINT('Ctrl Pts',(-18.2050055425063,-12.3511467006629,13.343));
#3300=CARTESIAN_POINT('Ctrl Pts',(-18.2050055425063,-12.3511467006629,11.343));
#3301=CARTESIAN_POINT('Ctrl Pts',(-18.1783035270334,-12.3902017255881,13.343));
#3302=CARTESIAN_POINT('Ctrl Pts',(-18.1783035270334,-12.3902017255881,11.343));
#3303=CARTESIAN_POINT('Ctrl Pts',(-18.1672157153926,-12.4064380268902,13.343));
#3304=CARTESIAN_POINT('Ctrl Pts',(-18.1672157153926,-12.4064380268902,11.343));
#3305=CARTESIAN_POINT('Ctrl Pts',(-18.165276794853,-12.409277261457,13.343));
#3306=CARTESIAN_POINT('Ctrl Pts',(-18.165276794853,-12.409277261457,11.343));
#3307=CARTESIAN_POINT('Ctrl Pts',(-18.1633372087546,-12.4121160414496,13.343));
#3308=CARTESIAN_POINT('Ctrl Pts',(-18.1633372087546,-12.4121160414496,11.343));
#3309=CARTESIAN_POINT('Ctrl Pts',(-18.1613969572524,-12.414954366641,13.343));
#3310=CARTESIAN_POINT('Ctrl Pts',(-18.1613969572524,-12.414954366641,11.343));
#3311=CARTESIAN_POINT('Ctrl Pts',(-20.8661833906943,-6.96920526821998,13.343));
#3312=CARTESIAN_POINT('Ctrl Pts',(-20.8661833906943,-6.96920526821998,11.343));
#3313=CARTESIAN_POINT('Ctrl Pts',(-20.8650942149577,-6.97246632020369,13.343));
#3314=CARTESIAN_POINT('Ctrl Pts',(-20.8650942149577,-6.97246632020369,11.343));
#3315=CARTESIAN_POINT('Ctrl Pts',(-20.8640042747583,-6.97572711681749,13.343));
#3316=CARTESIAN_POINT('Ctrl Pts',(-20.8640042747583,-6.97572711681749,11.343));
#3317=CARTESIAN_POINT('Ctrl Pts',(-20.8629135701901,-6.97898765778036,13.343));
#3318=CARTESIAN_POINT('Ctrl Pts',(-20.8629135701901,-6.97898765778036,11.343));
#3319=CARTESIAN_POINT('Ctrl Pts',(-20.8566769919926,-6.99763122018355,13.343));
#3320=CARTESIAN_POINT('Ctrl Pts',(-20.8566769919926,-6.99763122018355,11.343));
#3321=CARTESIAN_POINT('Ctrl Pts',(-20.841694991915,-7.04249957863226,13.343));
#3322=CARTESIAN_POINT('Ctrl Pts',(-20.841694991915,-7.04249957863226,11.343));
#3323=CARTESIAN_POINT('Ctrl Pts',(-20.7844577128064,-7.21000442905914,13.343));
#3324=CARTESIAN_POINT('Ctrl Pts',(-20.7844577128064,-7.21000442905914,11.343));
#3325=CARTESIAN_POINT('Ctrl Pts',(-20.7339529116251,-7.35541792877958,13.343));
#3326=CARTESIAN_POINT('Ctrl Pts',(-20.7339529116251,-7.35541792877958,11.343));
#3327=CARTESIAN_POINT('Ctrl Pts',(-20.6122742084484,-7.68982147768663,13.343));
#3328=CARTESIAN_POINT('Ctrl Pts',(-20.6122742084484,-7.68982147768663,11.343));
#3329=CARTESIAN_POINT('Ctrl Pts',(-20.5328772717303,-7.90123776677084,13.343));
#3330=CARTESIAN_POINT('Ctrl Pts',(-20.5328772717303,-7.90123776677084,11.343));
#3331=CARTESIAN_POINT('Ctrl Pts',(-20.3500422118362,-8.36088447969254,13.343));
#3332=CARTESIAN_POINT('Ctrl Pts',(-20.3500422118362,-8.36088447969254,11.343));
#3333=CARTESIAN_POINT('Ctrl Pts',(-20.2463771227073,-8.6090151160958,13.343));
#3334=CARTESIAN_POINT('Ctrl Pts',(-20.2463771227073,-8.6090151160958,11.343));
#3335=CARTESIAN_POINT('Ctrl Pts',(-20.145124234632,-8.83976249318471,13.343));
#3336=CARTESIAN_POINT('Ctrl Pts',(-20.145124234632,-8.83976249318471,11.343));
#3337=CARTESIAN_POINT('Ctrl Pts',(-22.0799095664276,-9.39624981658673,14.423));
#3338=CARTESIAN_POINT('Ctrl Pts',(-22.0799095664276,-9.39624981658673,11.343));
#3339=CARTESIAN_POINT('Ctrl Pts',(-22.1783870636776,-9.16484108692854,14.423));
#3340=CARTESIAN_POINT('Ctrl Pts',(-22.1783870636776,-9.16484108692854,11.343));
#3341=CARTESIAN_POINT('Ctrl Pts',(-22.2794275851133,-8.9162729695101,14.423));
#3342=CARTESIAN_POINT('Ctrl Pts',(-22.2794275851133,-8.9162729695101,11.343));
#3343=CARTESIAN_POINT('Ctrl Pts',(-22.4580886785935,-8.45618531548466,14.423));
#3344=CARTESIAN_POINT('Ctrl Pts',(-22.4580886785935,-8.45618531548466,11.343));
#3345=CARTESIAN_POINT('Ctrl Pts',(-22.5359182936197,-8.24475209300578,14.423));
#3346=CARTESIAN_POINT('Ctrl Pts',(-22.5359182936197,-8.24475209300578,11.343));
#3347=CARTESIAN_POINT('Ctrl Pts',(-22.6555703748505,-7.91003110887884,14.423));
#3348=CARTESIAN_POINT('Ctrl Pts',(-22.6555703748505,-7.91003110887884,11.343));
#3349=CARTESIAN_POINT('Ctrl Pts',(-22.7054286085786,-7.76439598795512,14.423));
#3350=CARTESIAN_POINT('Ctrl Pts',(-22.7054286085786,-7.76439598795512,11.343));
#3351=CARTESIAN_POINT('Ctrl Pts',(-22.7619957930573,-7.59664956949046,14.423));
#3352=CARTESIAN_POINT('Ctrl Pts',(-22.7619957930573,-7.59664956949046,11.343));
#3353=CARTESIAN_POINT('Ctrl Pts',(-22.7768252397585,-7.55172401661062,14.423));
#3354=CARTESIAN_POINT('Ctrl Pts',(-22.7768252397585,-7.55172401661062,11.343));
#3355=CARTESIAN_POINT('Ctrl Pts',(-22.78299733727,-7.53305710898807,14.423));
#3356=CARTESIAN_POINT('Ctrl Pts',(-22.78299733727,-7.53305710898807,11.343));
#3357=CARTESIAN_POINT('Ctrl Pts',(-22.7840766627703,-7.52979279416291,14.423));
#3358=CARTESIAN_POINT('Ctrl Pts',(-22.7840766627703,-7.52979279416291,11.343));
#3359=CARTESIAN_POINT('Ctrl Pts',(-22.7851552866989,-7.52652824740861,14.423));
#3360=CARTESIAN_POINT('Ctrl Pts',(-22.7851552866989,-7.52652824740861,11.343));
#3361=CARTESIAN_POINT('Ctrl Pts',(-22.7862332089807,-7.52326346895244,14.423));
#3362=CARTESIAN_POINT('Ctrl Pts',(-22.7862332089807,-7.52326346895244,11.343));
#3363=CARTESIAN_POINT('Ctrl Pts',(-19.8098645947823,-13.5418308146912,14.423));
#3364=CARTESIAN_POINT('Ctrl Pts',(-19.8098645947823,-13.5418308146912,11.343));
#3365=CARTESIAN_POINT('Ctrl Pts',(-19.8118048486674,-13.538992486014,14.423));
#3366=CARTESIAN_POINT('Ctrl Pts',(-19.8118048486674,-13.538992486014,11.343));
#3367=CARTESIAN_POINT('Ctrl Pts',(-19.8137444925217,-13.5361537403757,14.423));
#3368=CARTESIAN_POINT('Ctrl Pts',(-19.8137444925217,-13.5361537403757,11.343));
#3369=CARTESIAN_POINT('Ctrl Pts',(-19.8156835262127,-13.5333145779705,14.423));
#3370=CARTESIAN_POINT('Ctrl Pts',(-19.8156835262127,-13.5333145779705,11.343));
#3371=CARTESIAN_POINT('Ctrl Pts',(-19.826771844809,-13.5170788944743,14.423));
#3372=CARTESIAN_POINT('Ctrl Pts',(-19.826771844809,-13.5170788944743,11.343));
#3373=CARTESIAN_POINT('Ctrl Pts',(-19.8534731653341,-13.4780243521874,14.423));
#3374=CARTESIAN_POINT('Ctrl Pts',(-19.8534731653341,-13.4780243521874,11.343));
#3375=CARTESIAN_POINT('Ctrl Pts',(-19.9524466816129,-13.3312491828195,14.423));
#3376=CARTESIAN_POINT('Ctrl Pts',(-19.9524466816129,-13.3312491828195,11.343));
#3377=CARTESIAN_POINT('Ctrl Pts',(-20.0379204620304,-13.2032270566925,14.423));
#3378=CARTESIAN_POINT('Ctrl Pts',(-20.0379204620304,-13.2032270566925,11.343));
#3379=CARTESIAN_POINT('Ctrl Pts',(-20.2312978957049,-12.9049655507899,14.423));
#3380=CARTESIAN_POINT('Ctrl Pts',(-20.2312978957049,-12.9049655507899,11.343));
#3381=CARTESIAN_POINT('Ctrl Pts',(-20.3520835172518,-12.7147754086415,14.423));
#3382=CARTESIAN_POINT('Ctrl Pts',(-20.3520835172518,-12.7147754086415,11.343));
#3383=CARTESIAN_POINT('Ctrl Pts',(-20.6092727852678,-12.2935223776404,14.423));
#3384=CARTESIAN_POINT('Ctrl Pts',(-20.6092727852678,-12.2935223776404,11.343));
#3385=CARTESIAN_POINT('Ctrl Pts',(-20.7454809497448,-12.0623457527434,14.423));
#3386=CARTESIAN_POINT('Ctrl Pts',(-20.7454809497448,-12.0623457527434,11.343));
#3387=CARTESIAN_POINT('Ctrl Pts',(-20.8696081532905,-11.8436216000612,14.423));
#3388=CARTESIAN_POINT('Ctrl Pts',(-20.8696081532905,-11.8436216000612,11.343));
#3389=CARTESIAN_POINT('Origin',(0.,0.,0.5));
#3390=CARTESIAN_POINT('',(21.997510388621,6.70293153837403,0.));
#3391=CARTESIAN_POINT('',(-3.69805191695874E-15,22.9960812858543,0.));
#3392=CARTESIAN_POINT('Origin',(0.,0.,0.));
#3393=CARTESIAN_POINT('',(-3.69805191695874E-15,22.9960812858543,0.));
#3394=CARTESIAN_POINT('Ctrl Pts',(22.997510388621,6.85028707446603,1.));
#3395=CARTESIAN_POINT('Ctrl Pts',(22.6641869546905,6.80169829608774,0.666676566069482));
#3396=CARTESIAN_POINT('Ctrl Pts',(22.3307562758844,6.75257692752039,0.333245887263393));
#3397=CARTESIAN_POINT('Ctrl Pts',(21.997510388621,6.70293153837403,6.93889390390723E-17));
#3398=CARTESIAN_POINT('Origin',(-8.65507618921419E-16,23.4960812858543,
0.5));
#3399=CARTESIAN_POINT('',(-60.,22.9960812858543,0.));
#3400=CARTESIAN_POINT('',(-8.27870440301172E-16,22.9960812858543,0.));
#3401=CARTESIAN_POINT('',(-60.,23.9960812858543,1.));
#3402=CARTESIAN_POINT('',(-60.,22.9960812858543,0.));
#3403=CARTESIAN_POINT('',(-9.03144797541666E-16,23.9960812858543,1.));
#3404=CARTESIAN_POINT('Origin',(-60.,20.,0.5));
#3405=CARTESIAN_POINT('',(-62.9960812858543,20.,0.));
#3406=CARTESIAN_POINT('',(-63.9960812858543,20.,1.));
#3407=CARTESIAN_POINT('',(-62.9960812858543,20.,0.));
#3408=CARTESIAN_POINT('Origin',(-60.,20.,1.));
#3409=CARTESIAN_POINT('Origin',(-60.,20.,0.));
#3410=CARTESIAN_POINT('Origin',(-63.4960812858543,10.,0.5));
#3411=CARTESIAN_POINT('',(-62.9960812858543,-20.,0.));
#3412=CARTESIAN_POINT('',(-62.9960812858543,10.,0.));
#3413=CARTESIAN_POINT('',(-63.9960812858543,-20.,1.));
#3414=CARTESIAN_POINT('',(-62.9960812858543,-20.,0.));
#3415=CARTESIAN_POINT('',(-63.9960812858543,10.,1.));
#3416=CARTESIAN_POINT('Origin',(-60.,-20.,0.5));
#3417=CARTESIAN_POINT('',(-60.,-22.9960812858543,0.));
#3418=CARTESIAN_POINT('',(-60.,-23.9960812858543,1.));
#3419=CARTESIAN_POINT('',(-60.,-22.9960812858543,0.));
#3420=CARTESIAN_POINT('Origin',(-60.,-20.,1.));
#3421=CARTESIAN_POINT('Origin',(-60.,-20.,0.));
#3422=CARTESIAN_POINT('Origin',(-27.5000000608926,-23.4960812858543,0.5));
#3423=CARTESIAN_POINT('',(0.,-22.9960812858543,0.));
#3424=CARTESIAN_POINT('',(-27.5000000608926,-22.9960812858543,0.));
#3425=CARTESIAN_POINT('',(0.,-22.9960812858543,0.));
#3426=CARTESIAN_POINT('',(-27.5000000608926,-23.9960812858543,1.));
#3427=CARTESIAN_POINT('Origin',(0.,0.,0.5));
#3428=CARTESIAN_POINT('',(21.997510388621,-6.70293153837395,0.));
#3429=CARTESIAN_POINT('Origin',(0.,0.,0.));
#3430=CARTESIAN_POINT('Ctrl Pts',(21.997510388621,-6.70293153837395,6.93889390390723E-17));
#3431=CARTESIAN_POINT('Ctrl Pts',(22.3307562758884,-6.75257692752092,0.333245887267343));
#3432=CARTESIAN_POINT('Ctrl Pts',(22.6641869546987,-6.8016982960889,0.666676566077705));
#3433=CARTESIAN_POINT('Ctrl Pts',(22.997510388621,-6.85028707446603,0.999999999999993));
#3434=CARTESIAN_POINT('Origin',(22.497510388621,0.,0.5));
#3435=CARTESIAN_POINT('',(21.997510388621,0.,0.));
#3436=CARTESIAN_POINT('',(22.997510388621,0.,1.));
#3437=CARTESIAN_POINT('Origin',(-55.0000001217853,-23.9960812858543,0.));
#3438=CARTESIAN_POINT('',(-60.,-23.9960812858543,8.25));
#3439=CARTESIAN_POINT('',(-42.2490203823562,-23.9960812858543,8.25));
#3440=CARTESIAN_POINT('',(-60.,-23.9960812858543,0.));
#3441=CARTESIAN_POINT('Origin',(22.997510388621,0.,0.));
#3442=CARTESIAN_POINT('Ctrl Pts',(22.9975103886209,-6.84912868923295,10.2701620090945));
#3443=CARTESIAN_POINT('Ctrl Pts',(22.9975103886209,-6.73837556446621,10.1666006798373));
#3444=CARTESIAN_POINT('Ctrl Pts',(22.9975103886209,-6.30341808805523,9.87898910541713));
#3445=CARTESIAN_POINT('Ctrl Pts',(22.9975103886209,-5.1136852099714,9.45775966998151));
#3446=CARTESIAN_POINT('Ctrl Pts',(22.9975103886209,-2.56225881612266,9.08643474237632));
#3447=CARTESIAN_POINT('Ctrl Pts',(22.9975103886209,1.09436995125087,9.04703221526654));
#3448=CARTESIAN_POINT('Ctrl Pts',(22.997510388621,4.40903531356548,9.23111325593264));
#3449=CARTESIAN_POINT('Ctrl Pts',(22.9975103886209,6.30586152588678,9.87932255292388));
#3450=CARTESIAN_POINT('Ctrl Pts',(22.9975103886209,6.73861343301206,10.1677169280149));
#3451=CARTESIAN_POINT('Ctrl Pts',(22.9975103886209,6.84863655880149,10.2706867899884));
#3452=CARTESIAN_POINT('',(22.997510388621,3.16891344016924,2.08906400345976));
#3453=CARTESIAN_POINT('',(22.997510388621,-3.09277327151848,2.08906400345976));
#3454=CARTESIAN_POINT('',(22.997510388621,1.58445672008462,2.08906400345976));
#3455=CARTESIAN_POINT('',(22.997510388621,-4.90535761216516,3.90164834410644));
#3456=CARTESIAN_POINT('Origin',(22.997510388621,-3.09277327151848,3.90164834410644));
#3457=CARTESIAN_POINT('',(22.997510388621,-4.90535761216516,4.48271966281309));
#3458=CARTESIAN_POINT('',(22.997510388621,-4.90535761216516,1.95082417205322));
#3459=CARTESIAN_POINT('',(22.997510388621,-3.09277327151848,6.29530400345976));
#3460=CARTESIAN_POINT('Origin',(22.997510388621,-3.09277327151848,4.48271966281308));
#3461=CARTESIAN_POINT('',(22.997510388621,3.16891344016924,6.29530400345976));
#3462=CARTESIAN_POINT('',(22.997510388621,-1.54638663575924,6.29530400345976));
#3463=CARTESIAN_POINT('',(22.997510388621,4.98149778081591,4.48271966281308));
#3464=CARTESIAN_POINT('Origin',(22.997510388621,3.16891344016924,4.48271966281308));
#3465=CARTESIAN_POINT('',(22.997510388621,4.98149778081591,3.90164834410644));
#3466=CARTESIAN_POINT('',(22.997510388621,4.98149778081591,2.24135983140654));
#3467=CARTESIAN_POINT('Origin',(22.997510388621,3.16891344016924,3.90164834410644));
#3468=CARTESIAN_POINT('Origin',(0.,0.,0.));
#3469=CARTESIAN_POINT('',(-2.57067350105529,19.4630286048996,0.));
#3470=CARTESIAN_POINT('Origin',(0.00432649894470949,19.4630286048996,0.));
#3471=CARTESIAN_POINT('',(-14.3832726168496,-15.5854706481766,0.));
#3472=CARTESIAN_POINT('Origin',(-11.8082726168496,-15.5854706481766,0.));
#3473=CARTESIAN_POINT('',(9.2388227366895,-15.5854706481766,0.));
#3474=CARTESIAN_POINT('Origin',(11.8138227366895,-15.5854706481766,0.));
#3475=CARTESIAN_POINT('Origin',(0.00432649894470949,19.4630286048996,0.5));
#3476=CARTESIAN_POINT('',(-1.57067350105529,19.4630286048996,1.));
#3477=CARTESIAN_POINT('',(-2.07067350105529,19.4630286048996,0.5));
#3478=CARTESIAN_POINT('Origin',(0.00432649894470949,19.4630286048996,1.));
#3479=CARTESIAN_POINT('Origin',(0.00432649894470949,19.4630286048996,0.));
#3480=CARTESIAN_POINT('',(-1.57067350105529,19.4630286048996,11.149));
#3481=CARTESIAN_POINT('',(-1.57067350105529,19.4630286048996,0.));
#3482=CARTESIAN_POINT('Origin',(0.00432649894470949,19.4630286048996,11.149));
#3483=CARTESIAN_POINT('Origin',(11.8138227366895,-15.5854706481766,0.5));
#3484=CARTESIAN_POINT('',(10.2388227366895,-15.5854706481766,1.));
#3485=CARTESIAN_POINT('',(9.7388227366895,-15.5854706481766,0.5));
#3486=CARTESIAN_POINT('Origin',(11.8138227366895,-15.5854706481766,1.));
#3487=CARTESIAN_POINT('Origin',(11.8138227366895,-15.5854706481766,0.));
#3488=CARTESIAN_POINT('',(10.2388227366895,-15.5854706481766,11.149));
#3489=CARTESIAN_POINT('',(10.2388227366895,-15.5854706481766,0.));
#3490=CARTESIAN_POINT('Origin',(11.8138227366895,-15.5854706481766,11.149));
#3491=CARTESIAN_POINT('Origin',(-11.8082726168496,-15.5854706481766,0.5));
#3492=CARTESIAN_POINT('',(-13.3832726168496,-15.5854706481766,1.));
#3493=CARTESIAN_POINT('',(-13.8832726168496,-15.5854706481766,0.5));
#3494=CARTESIAN_POINT('Origin',(-11.8082726168496,-15.5854706481766,1.));
#3495=CARTESIAN_POINT('Origin',(-11.8082726168496,-15.5854706481766,0.));
#3496=CARTESIAN_POINT('',(-13.3832726168496,-15.5854706481766,11.149));
#3497=CARTESIAN_POINT('',(-13.3832726168496,-15.5854706481766,0.));
#3498=CARTESIAN_POINT('Origin',(-11.8082726168496,-15.5854706481766,11.149));
#3499=CARTESIAN_POINT('Origin',(0.,0.,15.879));
#3500=CARTESIAN_POINT('',(-23.4960812858543,-2.87744007392275E-15,16.129));
#3501=CARTESIAN_POINT('Origin',(0.,0.,16.129));
#3502=CARTESIAN_POINT('',(-23.7460812858543,-2.90805624390143E-15,15.879));
#3503=CARTESIAN_POINT('Origin',(-42.2490203823562,-23.4960812858543,8.75));
#3504=CARTESIAN_POINT('',(-60.,-22.9960812858543,9.25));
#3505=CARTESIAN_POINT('',(-42.2490203823562,-22.9960812858543,9.25));
#3506=CARTESIAN_POINT('',(-60.,-22.9960812858543,9.25));
#3507=CARTESIAN_POINT('Origin',(-60.,-20.,8.75));
#3508=CARTESIAN_POINT('',(-62.9960812858543,-20.,9.25));
#3509=CARTESIAN_POINT('',(-63.9960812858543,-20.,8.25));
#3510=CARTESIAN_POINT('',(-62.9960812858543,-20.,9.25));
#3511=CARTESIAN_POINT('Origin',(-60.,-20.,8.25));
#3512=CARTESIAN_POINT('Origin',(-60.,-20.,9.25));
#3513=CARTESIAN_POINT('Origin',(-63.4960812858543,10.,8.75));
#3514=CARTESIAN_POINT('',(-62.9960812858543,20.,9.25));
#3515=CARTESIAN_POINT('',(-63.9960812858543,20.,8.25));
#3516=CARTESIAN_POINT('',(-62.9960812858543,20.,9.25));
#3517=CARTESIAN_POINT('',(-63.9960812858543,10.,8.25));
#3518=CARTESIAN_POINT('',(-62.9960812858543,10.,9.25));
#3519=CARTESIAN_POINT('Origin',(-60.,20.,8.75));
#3520=CARTESIAN_POINT('',(-60.,22.9960812858543,9.25));
#3521=CARTESIAN_POINT('',(-60.,23.9960812858543,8.25));
#3522=CARTESIAN_POINT('',(-60.,22.9960812858543,9.25));
#3523=CARTESIAN_POINT('Origin',(-60.,20.,8.25));
#3524=CARTESIAN_POINT('Origin',(-60.,20.,9.25));
#3525=CARTESIAN_POINT('Origin',(-14.7490203214636,23.4960812858543,8.75));
#3526=CARTESIAN_POINT('',(-14.7490203214636,23.9960812858543,8.25));
#3527=CARTESIAN_POINT('',(-14.7490203214636,22.9960812858543,9.25));
#3528=CARTESIAN_POINT('Origin',(-29.4980406429272,1.33226762955019E-14,
9.25));
#3529=CARTESIAN_POINT('',(-55.,-20.5,9.25));
#3530=CARTESIAN_POINT('',(-25.,-20.5,9.25));
#3531=CARTESIAN_POINT('',(-26.9990203214636,-20.5,9.25));
#3532=CARTESIAN_POINT('',(-55.5,-20.,9.25));
#3533=CARTESIAN_POINT('Origin',(-55.,-20.,9.25));
#3534=CARTESIAN_POINT('',(-55.5,20.,9.25));
#3535=CARTESIAN_POINT('',(-55.5,-10.25,9.25));
#3536=CARTESIAN_POINT('',(-55.,20.5,9.25));
#3537=CARTESIAN_POINT('Origin',(-55.,20.,9.25));
#3538=CARTESIAN_POINT('',(-25.,20.5,9.25));
#3539=CARTESIAN_POINT('',(-42.4990203214636,20.5,9.25));
#3540=CARTESIAN_POINT('',(-24.5,20.,9.25));
#3541=CARTESIAN_POINT('Origin',(-25.,20.,9.25));
#3542=CARTESIAN_POINT('',(-24.5,-20.,9.25));
#3543=CARTESIAN_POINT('',(-24.5,10.25,9.25));
#3544=CARTESIAN_POINT('Origin',(-25.,-20.,9.25));
#3545=CARTESIAN_POINT('',(-58.65,20.,9.25));
#3546=CARTESIAN_POINT('Origin',(-60.,20.,9.25));
#3547=CARTESIAN_POINT('',(-58.65,-20.,9.25));
#3548=CARTESIAN_POINT('Origin',(-60.,-20.,9.25));
#3549=CARTESIAN_POINT('Origin',(-60.,-20.,9.75));
#3550=CARTESIAN_POINT('',(-58.65,-20.,1.75));
#3551=CARTESIAN_POINT('',(-58.65,-20.,9.75));
#3552=CARTESIAN_POINT('Origin',(-60.,-20.,1.75));
#3553=CARTESIAN_POINT('Origin',(-60.,-20.,1.75));
#3554=CARTESIAN_POINT('Origin',(-60.,20.,9.75));
#3555=CARTESIAN_POINT('',(-58.65,20.,1.75));
#3556=CARTESIAN_POINT('',(-58.65,20.,9.75));
#3557=CARTESIAN_POINT('Origin',(-60.,20.,1.75));
#3558=CARTESIAN_POINT('Origin',(-60.,20.,1.75));
#3559=CARTESIAN_POINT('Origin',(-25.,20.,0.));
#3560=CARTESIAN_POINT('',(-25.,20.5,1.));
#3561=CARTESIAN_POINT('',(-25.,20.5,0.));
#3562=CARTESIAN_POINT('',(-24.5,20.,1.));
#3563=CARTESIAN_POINT('Origin',(-25.,20.,1.));
#3564=CARTESIAN_POINT('',(-24.5,20.,0.));
#3565=CARTESIAN_POINT('Origin',(-55.5,20.5,0.));
#3566=CARTESIAN_POINT('',(-55.,20.5,1.));
#3567=CARTESIAN_POINT('',(-55.,20.5,0.));
#3568=CARTESIAN_POINT('',(-47.75,20.5,1.));
#3569=CARTESIAN_POINT('Origin',(-55.,20.,0.));
#3570=CARTESIAN_POINT('',(-55.5,20.,1.));
#3571=CARTESIAN_POINT('',(-55.5,20.,0.));
#3572=CARTESIAN_POINT('Origin',(-55.,20.,1.));
#3573=CARTESIAN_POINT('Origin',(-55.5,-20.5,0.));
#3574=CARTESIAN_POINT('',(-55.5,-20.,1.));
#3575=CARTESIAN_POINT('',(-55.5,-20.,0.));
#3576=CARTESIAN_POINT('',(-55.5,-10.25,1.));
#3577=CARTESIAN_POINT('Origin',(-60.,-20.,0.));
#3578=CARTESIAN_POINT('',(-63.9960812858543,-20.,0.));
#3579=CARTESIAN_POINT('Origin',(-63.9960812858543,20.,0.));
#3580=CARTESIAN_POINT('',(-63.9960812858543,20.,0.));
#3581=CARTESIAN_POINT('Origin',(-60.,20.,0.));
#3582=CARTESIAN_POINT('',(-60.,23.9960812858543,0.));
#3583=CARTESIAN_POINT('Origin',(0.,23.9960812858543,0.));
#3584=CARTESIAN_POINT('Origin',(-24.5,14.75,5.25));
#3585=CARTESIAN_POINT('',(-24.5,17.75,5.25));
#3586=CARTESIAN_POINT('Origin',(-24.5,14.75,5.25));
#3587=CARTESIAN_POINT('',(-24.5,17.75,5.25));
#3588=CARTESIAN_POINT('Origin',(-40.,0.,1.));
#3589=CARTESIAN_POINT('',(-24.5,-20.,1.));
#3590=CARTESIAN_POINT('',(-25.,-20.5,1.));
#3591=CARTESIAN_POINT('Origin',(-25.,-20.,1.));
#3592=CARTESIAN_POINT('',(-24.5,10.25,1.));
#3593=CARTESIAN_POINT('',(-55.,-20.5,1.));
#3594=CARTESIAN_POINT('Origin',(-55.,-20.,1.));
#3595=CARTESIAN_POINT('',(-32.25,-20.5,1.));
#3596=CARTESIAN_POINT('Origin',(-24.5,20.5,0.));
#3597=CARTESIAN_POINT('',(-24.5,-20.,0.));
#3598=CARTESIAN_POINT('Origin',(-55.,-20.,0.));
#3599=CARTESIAN_POINT('',(-55.,-20.5,0.));
#3600=CARTESIAN_POINT('Origin',(-25.,-20.,0.));
#3601=CARTESIAN_POINT('',(-25.,-20.5,0.));
#3602=CARTESIAN_POINT('Origin',(-24.5,-20.5,0.));
#3603=CARTESIAN_POINT('Origin',(-11.8082726168496,-15.5854706481766,11.149));
#3604=CARTESIAN_POINT('',(-12.9082726168496,-15.5854706481766,11.149));
#3605=CARTESIAN_POINT('Origin',(-11.8082726168496,-15.5854706481766,11.149));
#3606=CARTESIAN_POINT('Origin',(11.8138227366895,-15.5854706481766,11.149));
#3607=CARTESIAN_POINT('',(10.7138227366895,-15.5854706481766,11.149));
#3608=CARTESIAN_POINT('Origin',(11.8138227366895,-15.5854706481766,11.149));
#3609=CARTESIAN_POINT('Origin',(0.00432649894470949,19.4630286048996,11.149));
#3610=CARTESIAN_POINT('',(-1.09567350105529,19.4630286048996,11.149));
#3611=CARTESIAN_POINT('Origin',(0.00432649894470949,19.4630286048996,11.149));
#3612=CARTESIAN_POINT('Origin',(-11.8082726168496,-15.5854706481766,12.7955));
#3613=CARTESIAN_POINT('',(-13.7432726168496,-15.5854706481766,12.636));
#3614=CARTESIAN_POINT('Origin',(-11.8082726168496,-15.5854706481766,12.636));
#3615=CARTESIAN_POINT('',(-13.9027726168496,-15.5854706481766,12.7955));
#3616=CARTESIAN_POINT('Origin',(-11.8082726168496,-15.5854706481766,9.411));
#3617=CARTESIAN_POINT('',(-13.7432726168496,-15.5854706481766,11.8991037967402));
#3618=CARTESIAN_POINT('Origin',(-11.8082726168496,-15.5854706481766,11.8991037967402));
#3619=CARTESIAN_POINT('',(-13.7432726168496,-15.5854706481766,9.411));
#3620=CARTESIAN_POINT('Origin',(0.00432649894470949,19.4630286048996,12.7955));
#3621=CARTESIAN_POINT('',(-1.93067350105529,19.4630286048996,12.636));
#3622=CARTESIAN_POINT('Origin',(0.00432649894470949,19.4630286048996,12.636));
#3623=CARTESIAN_POINT('',(-2.09017350105529,19.4630286048996,12.7955));
#3624=CARTESIAN_POINT('Origin',(0.00432649894470949,19.4630286048996,9.411));
#3625=CARTESIAN_POINT('',(-1.93067350105529,19.4630286048996,11.8991037967402));
#3626=CARTESIAN_POINT('Origin',(0.00432649894470949,19.4630286048996,11.8991037967402));
#3627=CARTESIAN_POINT('',(-1.93067350105529,19.4630286048996,9.411));
#3628=CARTESIAN_POINT('Origin',(11.8138227366895,-15.5854706481766,12.7955));
#3629=CARTESIAN_POINT('',(9.87882273668947,-15.5854706481766,12.636));
#3630=CARTESIAN_POINT('Origin',(11.8138227366895,-15.5854706481766,12.636));
#3631=CARTESIAN_POINT('',(9.7193227366895,-15.5854706481766,12.7955));
#3632=CARTESIAN_POINT('Origin',(11.8138227366895,-15.5854706481766,9.411));
#3633=CARTESIAN_POINT('',(9.87882273668947,-15.5854706481766,11.8991037967402));
#3634=CARTESIAN_POINT('Origin',(11.8138227366895,-15.5854706481766,11.8991037967402));
#3635=CARTESIAN_POINT('',(9.8788227366895,-15.5854706481766,9.411));
#3636=CARTESIAN_POINT('Origin',(-5.25019507574377,17.8415636854332,2.0066));
#3637=CARTESIAN_POINT('',(-2.70444105283195,20.0971440127252,2.0066));
#3638=CARTESIAN_POINT('Origin',(-5.25019507574377,17.8415636854332,2.0066));
#3639=CARTESIAN_POINT('',(-2.70444105283195,20.0971440127252,2.0066));
#3640=CARTESIAN_POINT('Origin',(0.,0.,2.0066));
#3641=CARTESIAN_POINT('',(2.71337570209539,20.0959396688799,2.0066));
#3642=CARTESIAN_POINT('Origin',(5.25812667312607,17.8392277569432,2.0066));
#3643=CARTESIAN_POINT('Origin',(0.00432649894470949,19.4630286048996,2.0066));
#3644=CARTESIAN_POINT('',(3.11876358329261,5.53635341066094,2.0066));
#3645=CARTESIAN_POINT('',(13.1187635832927,5.53635341066094,2.0066));
#3646=CARTESIAN_POINT('',(1.55938179164631,5.53635341066094,2.0066));
#3647=CARTESIAN_POINT('',(13.1187635832927,-5.46364658933899,2.0066));
#3648=CARTESIAN_POINT('',(13.1187635832927,2.76817670533047,2.0066));
#3649=CARTESIAN_POINT('',(3.11876358329261,-5.46364658933899,2.0066));
#3650=CARTESIAN_POINT('',(6.55938179164633,-5.46364658933899,2.0066));
#3651=CARTESIAN_POINT('',(3.11876358329261,-2.7318232946695,2.0066));
#3652=CARTESIAN_POINT('Origin',(5.25812667312607,17.8392277569432,2.0066));
#3653=CARTESIAN_POINT('',(2.71337570209539,20.0959396688799,2.0066));
#3654=CARTESIAN_POINT('Origin',(0.00432649894470949,19.4630286048996,2.0066));
#3655=CARTESIAN_POINT('Origin',(0.,0.,14.7553084525239));
#3656=CARTESIAN_POINT('Origin',(0.,0.,14.5106172403239));
#3657=CARTESIAN_POINT('Origin',(-3.41948691584548E-13,-5.27355936696949E-14,
14.9999996647239));
#3658=CARTESIAN_POINT('Origin',(0.,0.,14.5016340288416));
#3659=CARTESIAN_POINT('Origin',(0.,0.,14.4926508173594));
#3660=CARTESIAN_POINT('Origin',(0.,0.,14.2479596051594));
#3661=CARTESIAN_POINT('Origin',(-3.41948691584548E-13,-5.27355936696949E-14,
14.0032683929594));
#3662=CARTESIAN_POINT('Origin',(-2.76277589239937E-15,-22.559777189006,
14.0032683929594));
#3663=CARTESIAN_POINT('Origin',(-2.83592585415029E-15,-23.1570919560217,
14.9999996647239));
#3664=CARTESIAN_POINT('Origin',(11.8138227366895,-15.5854706481766,0.));
#3665=CARTESIAN_POINT('',(10.7138227366895,-15.5854706481766,11.8991037967402));
#3666=CARTESIAN_POINT('',(10.7138227366895,-15.5854706481766,0.));
#3667=CARTESIAN_POINT('Origin',(11.8138227366895,-15.5854706481766,11.8991037967402));
#3668=CARTESIAN_POINT('Origin',(0.00432649894470949,19.4630286048996,0.));
#3669=CARTESIAN_POINT('',(-1.09567350105529,19.4630286048996,11.8991037967402));
#3670=CARTESIAN_POINT('',(-1.09567350105529,19.4630286048996,0.));
#3671=CARTESIAN_POINT('Origin',(0.00432649894470949,19.4630286048996,11.8991037967402));
#3672=CARTESIAN_POINT('Ctrl Pts',(23.0755820862909,-6.58251376670738,10.8267742606514));
#3673=CARTESIAN_POINT('Ctrl Pts',(23.0751756003536,-6.58392398450054,10.8269011189195));
#3674=CARTESIAN_POINT('Ctrl Pts',(23.1231333758569,-6.41708248734643,10.8271292747748));
#3675=CARTESIAN_POINT('Ctrl Pts',(23.2657709551566,-5.88896569924884,10.8273797534196));
#3676=CARTESIAN_POINT('Ctrl Pts',(23.5248780839269,-4.81297163039618,10.8275719675743));
#3677=CARTESIAN_POINT('Ctrl Pts',(23.9395693609308,-2.47192577880912,10.8275732333738));
#3678=CARTESIAN_POINT('Ctrl Pts',(24.1017861746803,1.06592921000655,10.8274637230045));
#3679=CARTESIAN_POINT('Ctrl Pts',(23.6755160997902,4.19310404502466,10.8276625032033));
#3680=CARTESIAN_POINT('Ctrl Pts',(23.2649940908621,5.89161242761839,10.8273802359802));
#3681=CARTESIAN_POINT('Ctrl Pts',(23.122975604391,6.41778135950184,10.8271270700066));
#3682=CARTESIAN_POINT('Ctrl Pts',(23.075021174807,6.58445973088714,10.8269002569582));
#3683=CARTESIAN_POINT('Ctrl Pts',(23.0755867635675,6.58249755820111,10.8267730402017));
#3684=CARTESIAN_POINT('Ctrl Pts',(23.0497079634885,-6.67313413526387,10.8275279739923));
#3685=CARTESIAN_POINT('Ctrl Pts',(23.0494355696017,-6.67460152641276,10.7974563934603));
#3686=CARTESIAN_POINT('Ctrl Pts',(23.0815738944462,-6.50149882259374,10.7433730197054));
#3687=CARTESIAN_POINT('Ctrl Pts',(23.1780499900264,-5.95609026088837,10.684006256079));
#3688=CARTESIAN_POINT('Ctrl Pts',(23.3556146743206,-4.85248909529082,10.6384679788361));
#3689=CARTESIAN_POINT('Ctrl Pts',(23.6502171355085,-2.47951414767103,10.6382289665531));
#3690=CARTESIAN_POINT('Ctrl Pts',(23.7712265783508,1.06764704415415,10.6642199439309));
#3691=CARTESIAN_POINT('Ctrl Pts',(23.4590770427192,4.21704050737451,10.6170227858015));
#3692=CARTESIAN_POINT('Ctrl Pts',(23.1774827506128,5.95878038248781,10.6838917192715));
#3693=CARTESIAN_POINT('Ctrl Pts',(23.0814776164317,6.50224231692266,10.7438957167894));
#3694=CARTESIAN_POINT('Ctrl Pts',(23.0493319665653,6.67515714416386,10.7976607173018));
#3695=CARTESIAN_POINT('Ctrl Pts',(23.0497110998872,6.67311728145014,10.8278172799597));
#3696=CARTESIAN_POINT('Ctrl Pts',(23.0106187908037,-6.85785918866686,10.8290642367645));
#3697=CARTESIAN_POINT('Ctrl Pts',(23.0105502518679,-6.85941491675752,10.7374444036561));
#3698=CARTESIAN_POINT('Ctrl Pts',(23.0186363751495,-6.67588814551759,10.5717213603663));
#3699=CARTESIAN_POINT('Ctrl Pts',(23.0433155851402,-6.10076320074007,10.3781982335728));
#3700=CARTESIAN_POINT('Ctrl Pts',(23.0896446173575,-4.94706838974918,10.2025817206227));
#3701=CARTESIAN_POINT('Ctrl Pts',(23.1709789475459,-2.50526047361726,10.1147038459731));
#3702=CARTESIAN_POINT('Ctrl Pts',(23.2067756010139,1.07523926207464,10.1486459707632));
#3703=CARTESIAN_POINT('Ctrl Pts',(23.1167163673787,4.2824497964035,10.1141795611677));
#3704=CARTESIAN_POINT('Ctrl Pts',(23.0431629816065,6.10361557908899,10.3780583805914));
#3705=CARTESIAN_POINT('Ctrl Pts',(23.0186163545166,6.67666803339118,10.5732285233223));
#3706=CARTESIAN_POINT('Ctrl Pts',(23.0105241328217,6.86000406549127,10.7380710852846));
#3707=CARTESIAN_POINT('Ctrl Pts',(23.0106195808876,6.85784131899726,10.8299456379783));
#3708=CARTESIAN_POINT('Ctrl Pts',(22.9975103898489,-7.04621761472056,10.8306305956533));
#3709=CARTESIAN_POINT('Ctrl Pts',(22.9975102912858,-7.0478436732259,10.6762608267737));
#3710=CARTESIAN_POINT('Ctrl Pts',(22.9975219712024,-6.85601872323588,10.3957490953171));
#3711=CARTESIAN_POINT('Ctrl Pts',(22.997508516908,-6.25623313098086,10.0525155093848));
#3712=CARTESIAN_POINT('Ctrl Pts',(22.9974593295432,-5.0581597269991,9.70593489461798));
#3713=CARTESIAN_POINT('Ctrl Pts',(22.9971942040871,-2.54324383673314,9.42922827637261));
#3714=CARTESIAN_POINT('Ctrl Pts',(22.9970589780368,1.08798145973198,9.41441893219002));
#3715=CARTESIAN_POINT('Ctrl Pts',(22.9974304364713,4.36683954905525,9.52535503262049));
#3716=CARTESIAN_POINT('Ctrl Pts',(22.9975009502574,6.25930700053951,10.0526111499775));
#3717=CARTESIAN_POINT('Ctrl Pts',(22.9975208778925,6.85678757699307,10.3981815224381));
#3718=CARTESIAN_POINT('Ctrl Pts',(22.9975102664916,7.0484599876262,10.6773222722588));
#3719=CARTESIAN_POINT('Ctrl Pts',(22.9975103907578,7.04619892799309,10.8321156188603));
#3720=CARTESIAN_POINT('Ctrl Pts',(22.997510388621,-7.14033116449225,10.8314132331016));
#3721=CARTESIAN_POINT('Ctrl Pts',(22.997510388621,-7.14199236076265,10.645690185834));
#3722=CARTESIAN_POINT('Ctrl Pts',(22.9975103886209,-6.94602155530927,10.3078294120427));
#3723=CARTESIAN_POINT('Ctrl Pts',(22.9975103886209,-6.33391902017467,9.88978807605466));
#3724=CARTESIAN_POINT('Ctrl Pts',(22.9975103886209,-5.1136852099714,9.45775966998151));
#3725=CARTESIAN_POINT('Ctrl Pts',(22.9975103886209,-2.56225881612266,9.08643474237632));
#3726=CARTESIAN_POINT('Ctrl Pts',(22.9975103886209,1.09436995125087,9.04703221526654));
#3727=CARTESIAN_POINT('Ctrl Pts',(22.997510388621,4.40903531356548,9.23111325593264));
#3728=CARTESIAN_POINT('Ctrl Pts',(22.9975103886209,6.33710348060156,9.88999897935175));
#3729=CARTESIAN_POINT('Ctrl Pts',(22.9975103886209,6.94678512019793,10.3107240936118));
#3730=CARTESIAN_POINT('Ctrl Pts',(22.9975103886209,7.14262224476968,10.6469688454723));
#3731=CARTESIAN_POINT('Ctrl Pts',(22.9975103886209,7.14031206960086,10.8331998587397));
#3732=CARTESIAN_POINT('Origin',(0.002775059919915,1.93877897836149,11.8991037967402));
#3733=CARTESIAN_POINT('Origin',(0.002775059919915,1.93877897836149,11.8991037967402));
#3734=CARTESIAN_POINT('Origin',(8.11876358329264,0.0363534106609709,3.80989653643563));
#3735=CARTESIAN_POINT('',(13.1187635832927,5.53635341066094,3.80989653643562));
#3736=CARTESIAN_POINT('',(13.1187635832927,-5.463646589339,3.80989653643558));
#3737=CARTESIAN_POINT('',(13.1187635832927,5.53635341066094,3.80989653643562));
#3738=CARTESIAN_POINT('',(3.11876358329262,5.53635341066094,3.80989653643568));
#3739=CARTESIAN_POINT('',(3.11876358329262,5.53635341066094,3.80989653643568));
#3740=CARTESIAN_POINT('',(3.11876358329262,-5.463646589339,3.80989653643564));
#3741=CARTESIAN_POINT('',(3.11876358329262,-5.463646589339,3.80989653643564));
#3742=CARTESIAN_POINT('',(13.1187635832927,-5.463646589339,3.80989653643558));
#3743=CARTESIAN_POINT('Origin',(-11.8082726168496,-15.5854706481766,0.));
#3744=CARTESIAN_POINT('',(-12.9082726168496,-15.5854706481766,11.8991037967402));
#3745=CARTESIAN_POINT('',(-12.9082726168496,-15.5854706481766,0.));
#3746=CARTESIAN_POINT('Origin',(-11.8082726168496,-15.5854706481766,11.8991037967402));
#3747=CARTESIAN_POINT('Origin',(0.,0.,16.129));
#3748=CARTESIAN_POINT('',(-20.9877274784643,-10.3790835529121,16.129));
#3749=CARTESIAN_POINT('Origin',(0.,0.,16.129));
#3750=CARTESIAN_POINT('Origin',(0.,0.,15.7759996820117));
#3751=CARTESIAN_POINT('',(-20.8050410113811,-10.2887394169027,15.7759996820117));
#3752=CARTESIAN_POINT('Origin',(3.11876358329262,-5.463646589339,3.80989653643564));
#3753=CARTESIAN_POINT('',(3.11876358329262,-5.463646589339,3.80989653643564));
#3754=CARTESIAN_POINT('',(3.11876358329262,5.53635341066094,3.80989653643568));
#3755=CARTESIAN_POINT('Origin',(13.1187635832927,-5.463646589339,3.80989653643558));
#3756=CARTESIAN_POINT('',(13.1187635832927,-5.463646589339,3.80989653643558));
#3757=CARTESIAN_POINT('Origin',(13.1187635832927,5.53635341066094,3.80989653643562));
#3758=CARTESIAN_POINT('',(13.1187635832927,5.53635341066094,3.80989653643562));
#3759=CARTESIAN_POINT('Origin',(3.11876358329262,5.53635341066094,3.80989653643568));
#3760=CARTESIAN_POINT('Origin',(0.002775059919915,1.93877897836149,11.8991037967402));
#3761=CARTESIAN_POINT('Origin',(22.997510388621,-3.09277327151848,3.90164834410644));
#3762=CARTESIAN_POINT('',(22.997510388621,-4.90535761216516,3.90164834410644));
#3763=CARTESIAN_POINT('',(22.997510388621,-3.09277327151848,2.08906400345976));
#3764=CARTESIAN_POINT('Origin',(22.997510388621,-4.90535761216516,3.90164834410644));
#3765=CARTESIAN_POINT('',(22.997510388621,-4.90535761216516,4.48271966281309));
#3766=CARTESIAN_POINT('Origin',(22.997510388621,-3.09277327151848,4.48271966281308));
#3767=CARTESIAN_POINT('',(22.997510388621,-3.09277327151848,6.29530400345976));
#3768=CARTESIAN_POINT('Origin',(22.997510388621,-3.09277327151848,6.29530400345976));
#3769=CARTESIAN_POINT('',(22.997510388621,3.16891344016924,6.29530400345976));
#3770=CARTESIAN_POINT('Origin',(22.997510388621,3.16891344016924,4.48271966281308));
#3771=CARTESIAN_POINT('',(22.997510388621,4.98149778081591,4.48271966281308));
#3772=CARTESIAN_POINT('Origin',(22.997510388621,4.98149778081591,4.48271966281308));
#3773=CARTESIAN_POINT('',(22.997510388621,4.98149778081591,3.90164834410644));
#3774=CARTESIAN_POINT('Origin',(22.997510388621,3.16891344016924,3.90164834410644));
#3775=CARTESIAN_POINT('',(22.997510388621,3.16891344016924,2.08906400345976));
#3776=CARTESIAN_POINT('Origin',(22.997510388621,3.16891344016924,2.08906400345976));
#3777=CARTESIAN_POINT('Origin',(-1.66533453693773E-14,-21.9310975752361,
12.954));
#3778=CARTESIAN_POINT('Origin',(-1.66533453693773E-14,-21.9310975752361,
12.954));
#3779=UNCERTAINTY_MEASURE_WITH_UNIT(LENGTH_MEASURE(0.01),#3783,
'DISTANCE_ACCURACY_VALUE',
'Maximum model space distance between geometric entities at asserted c
onnectivities');
#3780=UNCERTAINTY_MEASURE_WITH_UNIT(LENGTH_MEASURE(0.01),#3783,
'DISTANCE_ACCURACY_VALUE',
'Maximum model space distance between geometric entities at asserted c
onnectivities');
#3781=(
GEOMETRIC_REPRESENTATION_CONTEXT(3)
GLOBAL_UNCERTAINTY_ASSIGNED_CONTEXT((#3779))
GLOBAL_UNIT_ASSIGNED_CONTEXT((#3783,#3785,#3786))
REPRESENTATION_CONTEXT('','3D')
);
#3782=(
GEOMETRIC_REPRESENTATION_CONTEXT(3)
GLOBAL_UNCERTAINTY_ASSIGNED_CONTEXT((#3780))
GLOBAL_UNIT_ASSIGNED_CONTEXT((#3783,#3785,#3786))
REPRESENTATION_CONTEXT('','3D')
);
#3783=(
LENGTH_UNIT()
NAMED_UNIT(*)
SI_UNIT(.MILLI.,.METRE.)
);
#3784=(
LENGTH_UNIT()
NAMED_UNIT(*)
SI_UNIT($,.METRE.)
);
#3785=(
NAMED_UNIT(*)
PLANE_ANGLE_UNIT()
SI_UNIT($,.RADIAN.)
);
#3786=(
NAMED_UNIT(*)
SI_UNIT($,.STERADIAN.)
SOLID_ANGLE_UNIT()
);
#3787=SHAPE_DEFINITION_REPRESENTATION(#3788,#3789);
#3788=PRODUCT_DEFINITION_SHAPE('',$,#3791);
#3789=SHAPE_REPRESENTATION('',(#1991),#3781);
#3790=PRODUCT_DEFINITION_CONTEXT('part definition',#3795,'design');
#3791=PRODUCT_DEFINITION('round-screen-esp32s3-case','SpotiDisplay v51',
#3792,#3790);
#3792=PRODUCT_DEFINITION_FORMATION('',$,#3797);
#3793=PRODUCT_RELATED_PRODUCT_CATEGORY('SpotiDisplay v51',
'SpotiDisplay v51',(#3797));
#3794=APPLICATION_PROTOCOL_DEFINITION('international standard',
'automotive_design',2009,#3795);
#3795=APPLICATION_CONTEXT(
'Core Data for Automotive Mechanical Design Process');
#3796=PRODUCT_CONTEXT('part definition',#3795,'mechanical');
#3797=PRODUCT('round-screen-esp32s3-case','SpotiDisplay v51',$,(#3796));
#3798=PRESENTATION_STYLE_ASSIGNMENT((#3802));
#3799=PRESENTATION_STYLE_ASSIGNMENT((#3803));
#3800=PRESENTATION_STYLE_ASSIGNMENT((#3804));
#3801=PRESENTATION_STYLE_ASSIGNMENT((#3805));
#3802=SURFACE_STYLE_USAGE(.BOTH.,#3806);
#3803=SURFACE_STYLE_USAGE(.BOTH.,#3807);
#3804=SURFACE_STYLE_USAGE(.BOTH.,#3808);
#3805=SURFACE_STYLE_USAGE(.BOTH.,#3809);
#3806=SURFACE_SIDE_STYLE('',(#3810));
#3807=SURFACE_SIDE_STYLE('',(#3811));
#3808=SURFACE_SIDE_STYLE('',(#3812));
#3809=SURFACE_SIDE_STYLE('',(#3813));
#3810=SURFACE_STYLE_FILL_AREA(#3814);
#3811=SURFACE_STYLE_FILL_AREA(#3815);
#3812=SURFACE_STYLE_FILL_AREA(#3816);
#3813=SURFACE_STYLE_FILL_AREA(#3817);
#3814=FILL_AREA_STYLE('Steel - Satin',(#3818));
#3815=FILL_AREA_STYLE('ABS (White)',(#3819));
#3816=FILL_AREA_STYLE('ABS (White)',(#3820));
#3817=FILL_AREA_STYLE('ABS (White)',(#3821));
#3818=FILL_AREA_STYLE_COLOUR('Steel - Satin',#3822);
#3819=FILL_AREA_STYLE_COLOUR('ABS (White)',#3823);
#3820=FILL_AREA_STYLE_COLOUR('ABS (White)',#3824);
#3821=FILL_AREA_STYLE_COLOUR('ABS (White)',#3825);
#3822=COLOUR_RGB('Steel - Satin',0.627450980392157,0.627450980392157,0.627450980392157);
#3823=COLOUR_RGB('ABS (White)',0.964705882352941,0.964705882352941,0.952941176470588);
#3824=COLOUR_RGB('ABS (White)',0.843137254901961,0.698039215686274,0.223529411764706);
#3825=COLOUR_RGB('ABS (White)',0.823529411764706,0.494117647058824,0.168627450980392);
ENDSEC;
END-ISO-10303-21;
